COM,SensorID,DateTime,Temperature,Salinity,VbiasPos,Vrse,Vrse_std,Vk,Vk_std,Ik,Ib
COM3,GliderFET012,2025-06-18 15:57,12.5107,33.774,3.58,-0.441824,1.8e-05,-0.50998,3.3e-05,35.92,0.026
COM4,GliderFET004,2025-06-18 15:57,12.5107,33.774,3.54,-0.837288,2.7e-05,-0.876426,8e-06,1.16,-0.03
COM3,GliderFET012,2025-06-18 15:58,12.605,33.7733,3.58,-0.441683,1.9e-05,-0.509863,2.4e-05,35.53,0.041
COM4,GliderFET004,2025-06-18 15:58,12.605,33.7733,3.54,-0.8373,1.8e-05,-0.876451,9e-06,4.17,-0.035
COM3,GliderFET012,2025-06-18 15:59,12.5881,33.7729,3.58,-0.441694,2.1e-05,-0.509866,2.7e-05,33.35,0.034
COM4,GliderFET004,2025-06-18 15:59,12.5881,33.7729,3.54,-0.837286,1.9e-05,-0.876451,4e-06,1.58,-0.023
COM3,GliderFET012,2025-06-18 16:00,12.6022,33.7724,3.58,-0.44165,1.2e-05,-0.509837,1.7e-05,35.06,0.046
COM4,GliderFET004,2025-06-18 16:00,12.6022,33.7724,3.54,-0.837317,2.4e-05,-0.876459,8e-06,3.11,-0.025
COM3,GliderFET012,2025-06-18 16:01,12.6022,33.773,3.58,-0.441672,1.6e-05,-0.509859,1.9e-05,34.88,0.057
COM4,GliderFET004,2025-06-18 16:01,12.6022,33.773,3.54,-0.837294,1.6e-05,-0.876463,4e-06,-1.76,-0.028
COM3,GliderFET012,2025-06-18 16:02,12.5698,33.7725,3.58,-0.441697,2.6e-05,-0.509867,2.1e-05,35.25,0.042
COM4,GliderFET004,2025-06-18 16:02,12.5698,33.7725,3.54,-0.837298,1.4e-05,-0.876472,1.6e-05,-0.65,-0.034
COM3,GliderFET012,2025-06-18 16:03,12.5548,33.7737,3.58,-0.441757,9e-06,-0.509925,2e-05,35.34,0.064
COM4,GliderFET004,2025-06-18 16:03,12.5548,33.7737,3.54,-0.837273,1.1e-05,-0.87645,5e-06,-0.37,-0.027
COM3,GliderFET012,2025-06-18 16:04,12.6212,33.7722,3.58,-0.441615,2.2e-05,-0.509829,1.3e-05,35.79,0.054
COM4,GliderFET004,2025-06-18 16:04,12.6212,33.7722,3.54,-0.837266,2e-05,-0.876463,1.2e-05,1.2,-0.035
COM3,GliderFET012,2025-06-18 16:05,12.5685,33.7729,3.58,-0.441684,1.3e-05,-0.509881,2.1e-05,37.94,0.012
COM4,GliderFET004,2025-06-18 16:05,12.5685,33.7729,3.54,-0.837241,1.7e-05,-0.876436,1.4e-05,-0.29,-0.02
COM3,GliderFET012,2025-06-18 16:06,12.5752,33.7736,3.58,-0.441744,1.7e-05,-0.509929,3.9e-05,35.09,0.034
COM4,GliderFET004,2025-06-18 16:06,12.5752,33.7736,3.54,-0.837232,2.4e-05,-0.876424,1.3e-05,1.11,-0.036
COM3,GliderFET012,2025-06-18 16:07,12.6594,33.7731,3.58,-0.441567,1.7e-05,-0.509805,5.5e-05,35.38,0.005
COM4,GliderFET004,2025-06-18 16:07,12.6594,33.7731,3.54,-0.837223,2.2e-05,-0.876434,4e-06,-0.23,-0.032
COM3,GliderFET012,2025-06-18 16:08,12.7179,33.7711,3.58,-0.441436,2.3e-05,-0.509736,2.5e-05,34.13,0.083
COM4,GliderFET004,2025-06-18 16:08,12.7179,33.7711,3.54,-0.837196,1.8e-05,-0.876409,1.1e-05,-1.97,-0.022
COM3,GliderFET012,2025-06-18 16:09,12.6773,33.7727,3.58,-0.441496,1.8e-05,-0.509817,1.7e-05,32.83,0.072
COM4,GliderFET004,2025-06-18 16:09,12.6773,33.7727,3.54,-0.837225,2.8e-05,-0.87643,1.7e-05,0.2,-0.028
COM3,GliderFET012,2025-06-18 16:10,12.7445,33.7719,3.58,-0.441376,1.5e-05,-0.509746,1.5e-05,33.38,0.091
COM4,GliderFET004,2025-06-18 16:10,12.7445,33.7719,3.54,-0.837187,2.4e-05,-0.87641,9e-06,-0.42,-0.027
COM3,GliderFET012,2025-06-18 16:11,12.7637,33.7716,3.58,-0.441321,1.1e-05,-0.509724,2.2e-05,35.51,0.085
COM4,GliderFET004,2025-06-18 16:11,12.7637,33.7716,3.54,-0.837188,1.9e-05,-0.876423,1.8e-05,0.59,-0.022
COM3,GliderFET012,2025-06-18 16:12,12.7708,33.7714,3.58,-0.441317,1.4e-05,-0.509741,2.2e-05,35.66,0.064
COM4,GliderFET004,2025-06-18 16:12,12.7708,33.7714,3.54,-0.837181,3.5e-05,-0.876407,7e-06,-1.11,-0.024
COM3,GliderFET012,2025-06-18 16:13,12.7679,33.7715,3.58,-0.441277,1.8e-05,-0.509717,4.8e-05,34.44,0.043
COM4,GliderFET004,2025-06-18 16:13,12.7679,33.7715,3.54,-0.837183,2e-05,-0.876421,1.1e-05,-1.3,-0.026
COM3,GliderFET012,2025-06-18 16:14,12.7754,33.7717,3.58,-0.441262,1.5e-05,-0.509706,2e-05,35.04,0.056
COM4,GliderFET004,2025-06-18 16:14,12.7754,33.7717,3.54,-0.837166,2.1e-05,-0.876411,1.1e-05,0.75,-0.026
COM3,GliderFET012,2025-06-18 16:15,12.7448,33.7722,3.58,-0.44135,2.2e-05,-0.509801,6e-06,36.41,0.071
COM4,GliderFET004,2025-06-18 16:15,12.7448,33.7722,3.54,-0.837163,1.6e-05,-0.876427,1.1e-05,-0.67,-0.033
COM3,GliderFET012,2025-06-18 16:16,12.7718,33.772,3.58,-0.441293,2e-05,-0.509779,1.6e-05,33.72,0.057
COM4,GliderFET004,2025-06-18 16:16,12.7718,33.772,3.54,-0.837182,1.9e-05,-0.876474,1.3e-05,-0.54,-0.029
COM3,GliderFET012,2025-06-18 16:17,12.7345,33.7706,3.58,-0.441309,1.1e-05,-0.509783,2.7e-05,34.81,0.079
COM4,GliderFET004,2025-06-18 16:17,12.7345,33.7706,3.54,-0.837266,2.6e-05,-0.876537,1.2e-05,2.95,-0.029
COM3,GliderFET012,2025-06-18 16:18,12.7426,33.7703,3.58,-0.441225,2.4e-05,-0.50971,2.4e-05,35.51,0.068
COM4,GliderFET004,2025-06-18 16:18,12.7426,33.7703,3.54,-0.837237,3e-05,-0.876541,1.1e-05,-1.5,-0.02
COM3,GliderFET012,2025-06-18 16:19,12.7493,33.7695,3.58,-0.44119,2.4e-05,-0.509701,1.9e-05,36.87,0.063
COM4,GliderFET004,2025-06-18 16:19,12.7493,33.7695,3.54,-0.83727,1.9e-05,-0.876579,8e-06,-0.41,-0.022
COM3,GliderFET012,2025-06-18 16:20,12.7732,33.7705,3.58,-0.441189,1.2e-05,-0.509747,3.2e-05,33.79,0.049
COM4,GliderFET004,2025-06-18 16:20,12.7732,33.7705,3.54,-0.837287,1.8e-05,-0.876613,1.3e-05,-1.35,-0.027
COM3,GliderFET012,2025-06-18 16:21,12.8036,33.769,3.58,-0.441048,1.6e-05,-0.509632,5e-05,35.19,0.031
COM4,GliderFET004,2025-06-18 16:21,12.8036,33.769,3.54,-0.837253,2.5e-05,-0.876585,1.1e-05,1.97,-0.025
COM3,GliderFET012,2025-06-18 16:22,12.8292,33.7682,3.58,-0.440967,2e-05,-0.509559,1.8e-05,36.69,0.04
COM4,GliderFET004,2025-06-18 16:22,12.8292,33.7682,3.54,-0.837299,2.7e-05,-0.87664,8e-06,1.06,-0.014
COM3,GliderFET012,2025-06-18 16:23,12.8436,33.7678,3.58,-0.440928,2e-05,-0.509551,3.7e-05,36.87,0.063
COM4,GliderFET004,2025-06-18 16:23,12.8436,33.7678,3.54,-0.837319,2.3e-05,-0.876666,6e-06,2.26,-0.023
COM3,GliderFET012,2025-06-18 16:24,12.819,33.7677,3.58,-0.440946,1.7e-05,-0.509634,2.6e-05,36.46,0.075
COM4,GliderFET004,2025-06-18 16:24,12.819,33.7677,3.54,-0.837283,1.9e-05,-0.876634,7e-06,-0.23,-0.029
COM3,GliderFET012,2025-06-18 16:25,12.7516,33.7692,3.58,-0.441097,1.7e-05,-0.509738,2.3e-05,34.52,0.055
COM4,GliderFET004,2025-06-18 16:25,12.7516,33.7692,3.54,-0.83727,1.8e-05,-0.876632,1.2e-05,0.62,-0.036
COM3,GliderFET012,2025-06-18 16:26,12.7745,33.7673,3.58,-0.440942,1.8e-05,-0.509587,3.7e-05,35.97,0.043
COM4,GliderFET004,2025-06-18 16:26,12.7745,33.7673,3.54,-0.837265,3.2e-05,-0.876642,6e-06,0.24,-0.011
COM3,GliderFET012,2025-06-18 16:27,12.786,33.7664,3.58,-0.440822,1.6e-05,-0.509554,1.4e-05,36.88,0.136
COM4,GliderFET004,2025-06-18 16:27,12.786,33.7664,3.54,-0.837285,1.9e-05,-0.876678,1.3e-05,3.3,-0.025
COM3,GliderFET012,2025-06-18 16:28,12.7992,33.7655,3.58,-0.440785,2.7e-05,-0.509517,2.3e-05,35.81,0.097
COM4,GliderFET004,2025-06-18 16:28,12.7992,33.7655,3.54,-0.837307,2.2e-05,-0.876704,5e-06,-1.33,-0.031
COM3,GliderFET012,2025-06-18 16:29,12.827,33.7638,3.58,-0.440585,1.4e-05,-0.509393,2.2e-05,35.01,0.042
COM4,GliderFET004,2025-06-18 16:29,12.827,33.7638,3.54,-0.837294,2.4e-05,-0.876694,1e-05,1.01,-0.036
COM3,GliderFET012,2025-06-18 16:30,12.861,33.7615,3.58,-0.440378,2.5e-05,-0.509249,3.3e-05,34.88,0.111
COM4,GliderFET004,2025-06-18 16:30,12.861,33.7615,3.54,-0.837299,2.9e-05,-0.876704,1.6e-05,0.07,-0.023
COM3,GliderFET012,2025-06-18 16:31,12.8886,33.7612,3.58,-0.440248,1.2e-05,-0.509161,2.5e-05,35.48,0.046
COM4,GliderFET004,2025-06-18 16:31,12.8886,33.7612,3.54,-0.837273,1.8e-05,-0.876698,8e-06,-1.48,-0.033
COM3,GliderFET012,2025-06-18 16:32,12.9015,33.7604,3.58,-0.44017,2e-05,-0.509148,1.2e-05,35.24,0.054
COM4,GliderFET004,2025-06-18 16:32,12.9015,33.7604,3.54,-0.837291,1.6e-05,-0.876717,9e-06,2.43,-0.031
COM3,GliderFET012,2025-06-18 16:33,12.9052,33.7597,3.58,-0.440081,1.4e-05,-0.509101,2.2e-05,33.76,0.032
COM4,GliderFET004,2025-06-18 16:33,12.9052,33.7597,3.54,-0.83726,2.9e-05,-0.876697,1e-05,0.23,-0.02
COM3,GliderFET012,2025-06-18 16:34,12.9043,33.7593,3.58,-0.440022,1.6e-05,-0.509086,1.3e-05,34.8,0.043
COM4,GliderFET004,2025-06-18 16:34,12.9043,33.7593,3.54,-0.83723,2.3e-05,-0.876678,1.1e-05,1.89,-0.026
COM3,GliderFET012,2025-06-18 16:35,12.8966,33.759,3.58,-0.440029,1e-05,-0.509126,1.1e-05,36.96,0.05
COM4,GliderFET004,2025-06-18 16:35,12.8966,33.759,3.54,-0.837237,2.9e-05,-0.876695,4e-06,0.63,-0.026
COM3,GliderFET012,2025-06-18 16:36,12.9137,33.7566,3.58,-0.439836,1.5e-05,-0.508963,2.7e-05,32.24,0.033
COM4,GliderFET004,2025-06-18 16:36,12.9137,33.7566,3.54,-0.837204,1.9e-05,-0.876684,1.4e-05,-1.37,-0.037
COM3,GliderFET012,2025-06-18 16:37,12.9315,33.7546,3.58,-0.439645,2.1e-05,-0.508853,4e-05,35.45,0.109
COM4,GliderFET004,2025-06-18 16:37,12.9315,33.7546,3.54,-0.83723,2.4e-05,-0.876716,8e-06,1.43,-0.025
COM3,GliderFET012,2025-06-18 16:38,12.9379,33.7542,3.58,-0.439523,1.7e-05,-0.50881,1.4e-05,37.34,0.003
COM4,GliderFET004,2025-06-18 16:38,12.9379,33.7542,3.54,-0.837198,2.7e-05,-0.87671,2.1e-05,0.02,-0.024
COM3,GliderFET012,2025-06-18 16:39,12.945,33.7532,3.58,-0.439431,3.4e-05,-0.508773,3.1e-05,36.3,0.112
COM4,GliderFET004,2025-06-18 16:39,12.945,33.7532,3.54,-0.837156,2.7e-05,-0.876688,7e-06,-0.55,-0.031
COM3,GliderFET012,2025-06-18 16:40,12.954,33.7523,3.58,-0.439328,1.9e-05,-0.508702,2.2e-05,33.54,0.114
COM4,GliderFET004,2025-06-18 16:40,12.954,33.7523,3.54,-0.83714,2.3e-05,-0.876693,1.3e-05,0.15,-0.032
COM3,GliderFET012,2025-06-18 16:41,12.9586,33.7515,3.58,-0.439251,1.9e-05,-0.508669,4.2e-05,35.47,0.092
COM4,GliderFET004,2025-06-18 16:41,12.9586,33.7515,3.54,-0.837077,1.5e-05,-0.876642,6e-06,1.22,-0.029
COM3,GliderFET012,2025-06-18 16:42,12.9635,33.7513,3.58,-0.439199,1.5e-05,-0.508653,6e-05,36.18,0.077
COM4,GliderFET004,2025-06-18 16:42,12.9635,33.7513,3.54,-0.837029,2.3e-05,-0.876593,7e-06,0.03,-0.031
COM3,GliderFET012,2025-06-18 16:43,12.9645,33.7512,3.58,-0.439198,1.2e-05,-0.508714,2.7e-05,36.59,0.066
COM4,GliderFET004,2025-06-18 16:43,12.9645,33.7512,3.54,-0.836984,1.9e-05,-0.876583,1.4e-05,0.59,-0.027
COM3,GliderFET012,2025-06-18 16:44,12.9737,33.7509,3.58,-0.439158,2.4e-05,-0.508684,5.2e-05,36.83,0.018
COM4,GliderFET004,2025-06-18 16:44,12.9737,33.7509,3.54,-0.836973,3e-05,-0.876591,6e-06,0.34,-0.041
COM3,GliderFET012,2025-06-18 16:45,12.9713,33.7514,3.58,-0.439146,1.6e-05,-0.50871,1.6e-05,35.97,0.05
COM4,GliderFET004,2025-06-18 16:45,12.9713,33.7514,3.54,-0.836889,2.6e-05,-0.876531,1e-05,0.52,-0.015
COM3,GliderFET012,2025-06-18 16:46,12.9738,33.7516,3.58,-0.439174,2.3e-05,-0.508728,2.7e-05,36.82,0.031
COM4,GliderFET004,2025-06-18 16:46,12.9738,33.7516,3.54,-0.836878,2.3e-05,-0.87652,1.2e-05,2.28,-0.027
COM3,GliderFET012,2025-06-18 16:47,12.9862,33.75,3.58,-0.439094,1.7e-05,-0.508719,1.4e-05,36.02,0.097
COM4,GliderFET004,2025-06-18 16:47,12.9862,33.75,3.54,-0.836841,2.4e-05,-0.876513,9e-06,0.33,-0.032
COM3,GliderFET012,2025-06-18 16:48,12.9917,33.7496,3.58,-0.439016,1.8e-05,-0.508697,2.2e-05,36.25,0.075
COM4,GliderFET004,2025-06-18 16:48,12.9917,33.7496,3.54,-0.836743,2e-05,-0.87644,9e-06,-1.35,-0.029
COM3,GliderFET012,2025-06-18 16:49,12.9958,33.7494,3.58,-0.438986,2.5e-05,-0.508708,1.6e-05,34.16,0.059
COM4,GliderFET004,2025-06-18 16:49,12.9958,33.7494,3.54,-0.836681,1.9e-05,-0.876395,1.1e-05,1.14,-0.025
COM3,GliderFET012,2025-06-18 16:50,12.9979,33.7489,3.58,-0.438898,1.6e-05,-0.508679,1.7e-05,35.66,0.034
COM4,GliderFET004,2025-06-18 16:50,12.9979,33.7489,3.54,-0.836644,1.6e-05,-0.876377,7e-06,-1.06,-0.025
COM3,GliderFET012,2025-06-18 16:51,13.0039,33.7484,3.58,-0.438868,1.8e-05,-0.508668,1.8e-05,36.28,0.054
COM4,GliderFET004,2025-06-18 16:51,13.0039,33.7484,3.54,-0.836599,2.1e-05,-0.876348,1.8e-05,-1.58,-0.027
COM3,GliderFET012,2025-06-18 16:52,13.0095,33.7481,3.58,-0.438813,2.4e-05,-0.508674,3.8e-05,34.99,0.066
COM4,GliderFET004,2025-06-18 16:52,13.0095,33.7481,3.54,-0.83653,2.8e-05,-0.876286,5e-06,2.47,-0.023
COM3,GliderFET012,2025-06-18 16:53,13.016,33.7474,3.58,-0.438779,1e-05,-0.508649,4.4e-05,37.87,0.019
COM4,GliderFET004,2025-06-18 16:53,13.016,33.7474,3.54,-0.836468,2.1e-05,-0.876236,1e-05,2.46,-0.024
COM3,GliderFET012,2025-06-18 16:54,13.0159,33.7474,3.58,-0.438772,2e-05,-0.508655,1.5e-05,34.93,0.045
COM4,GliderFET004,2025-06-18 16:54,13.0159,33.7474,3.54,-0.836412,2.5e-05,-0.8762,8e-06,-1.12,-0.031
COM3,GliderFET012,2025-06-18 16:55,13.0267,33.746,3.58,-0.438665,2.8e-05,-0.508616,3.5e-05,37.14,0.053
COM4,GliderFET004,2025-06-18 16:55,13.0267,33.746,3.54,-0.836356,2.4e-05,-0.876137,1.4e-05,-1.9,-0.025
COM3,GliderFET012,2025-06-18 16:56,13.0409,33.7451,3.58,-0.438562,2e-05,-0.508575,1.1e-05,35.27,0.05
COM4,GliderFET004,2025-06-18 16:56,13.0409,33.7451,3.54,-0.836289,2.3e-05,-0.876085,1.3e-05,0.03,-0.03
COM3,GliderFET012,2025-06-18 16:57,13.0423,33.745,3.58,-0.438547,1.8e-05,-0.508586,3e-05,33.53,0.008
COM4,GliderFET004,2025-06-18 16:57,13.0423,33.745,3.54,-0.836268,1.9e-05,-0.876073,7e-06,-1.46,-0.019
COM3,GliderFET012,2025-06-18 16:58,13.0511,33.7441,3.58,-0.438482,2.2e-05,-0.508562,2.6e-05,36.74,0.021
COM4,GliderFET004,2025-06-18 16:58,13.0511,33.7441,3.54,-0.836184,1.8e-05,-0.876019,1.2e-05,1.77,-0.031
COM3,GliderFET012,2025-06-18 16:59,13.0606,33.7434,3.58,-0.438584,2.1e-05,-0.508562,5.2e-05,42.02,0.121
COM4,GliderFET004,2025-06-18 16:59,13.0606,33.7434,3.54,-0.836146,3.1e-05,-0.875993,1.3e-05,3.47,-0.03
COM3,GliderFET012,2025-06-18 17:00,13.0656,33.7429,3.58,-0.438552,1.6e-05,-0.508469,4.1e-05,42.14,0.061
COM4,GliderFET004,2025-06-18 17:00,13.0656,33.7429,3.54,-0.83609,2.3e-05,-0.875955,1.1e-05,1.01,-0.02
COM3,GliderFET012,2025-06-18 17:01,13.0726,33.7423,3.58,-0.438488,1.4e-05,-0.508286,2.1e-05,43.05,0.062
COM4,GliderFET004,2025-06-18 17:01,13.0726,33.7423,3.54,-0.836057,2.1e-05,-0.875943,1.3e-05,1.46,-0.024
COM3,GliderFET012,2025-06-18 17:02,13.0927,33.74,3.58,-0.438487,2.1e-05,-0.508286,2.6e-05,44.6,0.065
COM4,GliderFET004,2025-06-18 17:02,13.0927,33.74,3.54,-0.836038,1.8e-05,-0.875933,1e-05,-0.68,-0.029
COM3,GliderFET012,2025-06-18 17:03,13.103,33.7391,3.58,-0.438532,2.3e-05,-0.508238,4.4e-05,42.15,0.06
COM4,GliderFET004,2025-06-18 17:03,13.103,33.7391,3.54,-0.836046,2.7e-05,-0.875983,9e-06,-0.63,-0.029
COM3,GliderFET012,2025-06-18 17:04,13.1074,33.7389,3.58,-0.438561,2.6e-05,-0.508155,3.5e-05,43.15,0.01
COM4,GliderFET004,2025-06-18 17:04,13.1074,33.7389,3.54,-0.835976,1.9e-05,-0.87591,8e-06,-0.91,-0.03
COM3,GliderFET012,2025-06-18 17:05,13.1079,33.7393,3.58,-0.438571,2.2e-05,-0.508118,8e-06,43.68,0.067
COM4,GliderFET004,2025-06-18 17:05,13.1079,33.7393,3.54,-0.835965,2.1e-05,-0.875921,1.2e-05,-2.33,-0.025
COM3,GliderFET012,2025-06-18 17:07,13.1157,33.7381,3.58,-0.438543,2.5e-05,-0.507907,4.5e-05,42.5,0.148
COM4,GliderFET004,2025-06-18 17:07,13.1157,33.7381,3.54,-0.835891,2.3e-05,-0.875878,4e-06,2.8,-0.022
COM3,GliderFET012,2025-06-18 17:08,13.1202,33.7384,3.58,-0.438545,2.6e-05,-0.507831,1.7e-05,43.59,0.068
COM4,GliderFET004,2025-06-18 17:08,13.1202,33.7384,3.54,-0.835817,2.8e-05,-0.87584,1.1e-05,2.34,-0.029
COM3,GliderFET012,2025-06-18 17:10,13.1339,33.7365,3.58,-0.438528,2.3e-05,-0.507644,5.3e-05,44.99,0.06
COM4,GliderFET004,2025-06-18 17:10,13.1339,33.7365,3.54,-0.835737,2.5e-05,-0.875778,1.2e-05,-1.95,-0.029
COM3,GliderFET012,2025-06-18 17:11,13.1257,33.7379,3.58,-0.438524,2.9e-05,-0.507528,2.7e-05,43.38,0.103
COM4,GliderFET004,2025-06-18 17:11,13.1257,33.7379,3.54,-0.835714,2.8e-05,-0.875782,9e-06,0.33,-0.027
COM3,GliderFET012,2025-06-18 17:12,13.1245,33.738,3.58,-0.438517,1.1e-05,-0.507445,2.9e-05,46.09,0.1
COM4,GliderFET004,2025-06-18 17:12,13.1245,33.738,3.54,-0.835621,2.1e-05,-0.875697,1.4e-05,2.8,-0.023
COM3,GliderFET012,2025-06-18 17:13,13.1302,33.7374,3.58,-0.438555,2.3e-05,-0.507369,2.8e-05,41.62,0.045
COM4,GliderFET004,2025-06-18 17:13,13.1302,33.7374,3.54,-0.835591,2.2e-05,-0.875692,1.5e-05,0.26,-0.026
COM3,GliderFET012,2025-06-18 17:14,13.1382,33.7366,3.58,-0.438529,2.4e-05,-0.507245,2.6e-05,43.91,0.028
COM4,GliderFET004,2025-06-18 17:14,13.1382,33.7366,3.54,-0.835503,2.7e-05,-0.875621,7e-06,-1.51,-0.027
COM3,GliderFET012,2025-06-18 17:15,13.1338,33.7372,3.58,-0.438561,2.1e-05,-0.507188,4.2e-05,44.53,0.038
COM4,GliderFET004,2025-06-18 17:15,13.1338,33.7372,3.54,-0.83539,3.1e-05,-0.875524,1e-05,4.05,-0.03
COM3,GliderFET012,2025-06-18 17:16,13.1354,33.7374,3.58,-0.438526,2.4e-05,-0.507036,5.4e-05,41.42,0.066
COM4,GliderFET004,2025-06-18 17:16,13.1354,33.7374,3.54,-0.835333,2.2e-05,-0.875467,1e-05,-1.25,-0.032
COM3,GliderFET012,2025-06-18 17:17,13.1395,33.737,3.58,-0.438485,1.7e-05,-0.506953,8e-06,43.08,0.066
COM4,GliderFET004,2025-06-18 17:17,13.1395,33.737,3.54,-0.835249,3.5e-05,-0.875403,9e-06,-3.96,-0.026
COM3,GliderFET012,2025-06-18 17:18,13.1571,33.7348,3.58,-0.438469,2e-05,-0.506866,5.1e-05,43.08,0.081
COM4,GliderFET004,2025-06-18 17:18,13.1571,33.7348,3.54,-0.835189,2.1e-05,-0.875357,8e-06,4.7,-0.028
COM3,GliderFET012,2025-06-18 17:19,13.1679,33.7337,3.58,-0.438509,2.7e-05,-0.506793,2.4e-05,42.27,0.072
COM4,GliderFET004,2025-06-18 17:19,13.1679,33.7337,3.54,-0.835128,3e-05,-0.875301,1e-05,1.06,-0.022
COM3,GliderFET012,2025-06-18 17:20,13.1705,33.7335,3.58,-0.438424,2e-05,-0.506603,5.1e-05,43.59,0.063
COM4,GliderFET004,2025-06-18 17:20,13.1705,33.7335,3.54,-0.83509,2.6e-05,-0.875277,1.3e-05,-2.18,-0.027
COM3,GliderFET012,2025-06-18 17:21,13.1674,33.7339,3.58,-0.438396,2.2e-05,-0.506487,2.7e-05,42.77,0.031
COM4,GliderFET004,2025-06-18 17:21,13.1674,33.7339,3.54,-0.835009,2.2e-05,-0.8752,4e-06,1.71,-0.023
COM3,GliderFET012,2025-06-18 17:22,13.1831,33.7325,3.58,-0.438358,2e-05,-0.506398,6.1e-05,42.58,0.147
COM4,GliderFET004,2025-06-18 17:22,13.1831,33.7325,3.54,-0.834986,2.2e-05,-0.875183,6e-06,-0.18,-0.021
COM3,GliderFET012,2025-06-18 17:23,13.1925,33.7321,3.58,-0.438367,2.6e-05,-0.506284,1.6e-05,44.91,0.116
COM4,GliderFET004,2025-06-18 17:23,13.1925,33.7321,3.54,-0.8349,2.7e-05,-0.875102,1.4e-05,-0.2,-0.03
COM3,GliderFET012,2025-06-18 17:24,13.1928,33.7326,3.58,-0.438302,1.5e-05,-0.506153,2.7e-05,45.35,0.011
COM4,GliderFET004,2025-06-18 17:24,13.1928,33.7326,3.54,-0.834878,2.2e-05,-0.875111,6e-06,0.28,-0.026
COM3,GliderFET012,2025-06-18 17:25,13.1909,33.7327,3.58,-0.438294,1.6e-05,-0.506044,4.5e-05,43.52,0.009
COM4,GliderFET004,2025-06-18 17:25,13.1909,33.7327,3.54,-0.834811,2.6e-05,-0.875045,1.3e-05,-3.61,-0.032
COM3,GliderFET012,2025-06-18 17:26,13.1951,33.7323,3.58,-0.438275,2.8e-05,-0.505963,3.7e-05,44.22,0.081
COM4,GliderFET004,2025-06-18 17:26,13.1951,33.7323,3.54,-0.834753,2.2e-05,-0.875019,6e-06,0.02,-0.024
COM3,GliderFET012,2025-06-18 17:27,13.1985,33.7323,3.58,-0.438212,2e-05,-0.505844,4.3e-05,45.54,0.032
COM4,GliderFET004,2025-06-18 17:27,13.1985,33.7323,3.54,-0.834706,3.5e-05,-0.874948,7e-06,0.31,-0.031
COM3,GliderFET012,2025-06-18 17:28,13.2051,33.7324,3.58,-0.438212,2.8e-05,-0.505752,4.2e-05,45.31,0.116
COM4,GliderFET004,2025-06-18 17:28,13.2051,33.7324,3.54,-0.834709,3.4e-05,-0.874959,1e-05,-0.46,-0.031
COM3,GliderFET012,2025-06-18 17:29,13.2142,33.7312,3.58,-0.438186,1.8e-05,-0.505683,4e-05,40.95,0.103
COM4,GliderFET004,2025-06-18 17:29,13.2142,33.7312,3.54,-0.834668,1.4e-05,-0.874942,1.4e-05,0.81,-0.026
COM3,GliderFET012,2025-06-18 17:30,13.2238,33.7304,3.58,-0.438155,2.3e-05,-0.505539,3.1e-05,42.5,0.073
COM4,GliderFET004,2025-06-18 17:30,13.2238,33.7304,3.54,-0.834669,2.6e-05,-0.874974,7e-06,0.67,-0.035
COM3,GliderFET012,2025-06-18 17:31,13.2342,33.7295,3.58,-0.438122,3e-05,-0.505456,2.9e-05,44.01,0.101
COM4,GliderFET004,2025-06-18 17:31,13.2342,33.7295,3.54,-0.834657,3e-05,-0.87494,1.3e-05,1.87,-0.028
COM3,GliderFET012,2025-06-18 17:32,13.2454,33.7292,3.58,-0.438103,2e-05,-0.505385,3.7e-05,44.03,0.111
COM4,GliderFET004,2025-06-18 17:32,13.2454,33.7292,3.54,-0.83461,2.8e-05,-0.874915,1.6e-05,-2.86,-0.02
COM3,GliderFET012,2025-06-18 17:33,13.2578,33.7278,3.58,-0.438045,2.1e-05,-0.505286,1.9e-05,45.48,0.025
COM4,GliderFET004,2025-06-18 17:33,13.2578,33.7278,3.54,-0.83457,3e-05,-0.874885,1.2e-05,-1.92,-0.022
COM3,GliderFET012,2025-06-18 17:34,13.2737,33.7277,3.58,-0.438003,2.1e-05,-0.50513,3.4e-05,41.26,0.143
COM4,GliderFET004,2025-06-18 17:34,13.2737,33.7277,3.54,-0.834511,3.2e-05,-0.874841,9e-06,0.13,-0.018
COM3,GliderFET012,2025-06-18 17:35,13.2634,33.7296,3.58,-0.437973,1.8e-05,-0.505028,3.2e-05,44.08,0.083
COM4,GliderFET004,2025-06-18 17:35,13.2634,33.7296,3.54,-0.834446,2.6e-05,-0.874787,9e-06,-0.39,-0.027
COM3,GliderFET012,2025-06-18 17:36,13.2516,33.7307,3.58,-0.437918,1.4e-05,-0.504939,4.6e-05,42.72,0.152
COM4,GliderFET004,2025-06-18 17:36,13.2516,33.7307,3.54,-0.834399,2.7e-05,-0.874741,1e-05,2.73,-0.027
COM3,GliderFET012,2025-06-18 17:37,13.2443,33.7315,3.58,-0.437868,2.4e-05,-0.504839,2.8e-05,42.46,0.09
COM4,GliderFET004,2025-06-18 17:37,13.2443,33.7315,3.54,-0.834253,3.2e-05,-0.874614,8e-06,-0.5,-0.037
COM3,GliderFET012,2025-06-18 17:38,13.2493,33.7307,3.58,-0.43784,2.2e-05,-0.504752,2e-05,42.53,0.071
COM4,GliderFET004,2025-06-18 17:38,13.2493,33.7307,3.54,-0.834289,3e-05,-0.874653,6e-06,1.9,-0.028
COM3,GliderFET012,2025-06-18 17:40,13.2839,33.7297,3.58,-0.437743,1.6e-05,-0.504554,5.2e-05,43.6,0.142
COM4,GliderFET004,2025-06-18 17:40,13.2839,33.7297,3.54,-0.834175,2.5e-05,-0.874549,1.1e-05,-1.97,-0.03
COM3,GliderFET012,2025-06-18 17:41,13.2666,33.73,3.58,-0.437715,3e-05,-0.50445,2.9e-05,46.68,0.148
COM4,GliderFET004,2025-06-18 17:41,13.2666,33.73,3.54,-0.834068,2e-05,-0.874481,1.1e-05,2.99,-0.016
COM3,GliderFET012,2025-06-18 17:43,13.2708,33.7299,3.58,-0.437645,2.5e-05,-0.504273,5e-05,43.31,0.066
COM4,GliderFET004,2025-06-18 17:43,13.2708,33.7299,3.54,-0.833996,2.4e-05,-0.874433,1.5e-05,0.24,-0.033
COM3,GliderFET012,2025-06-18 17:44,13.2891,33.7289,3.58,-0.437615,2.3e-05,-0.504179,3.3e-05,43.46,0.086
COM4,GliderFET004,2025-06-18 17:44,13.2891,33.7289,3.54,-0.833962,3.2e-05,-0.87438,1.2e-05,-0.36,-0.026
COM3,GliderFET012,2025-06-18 17:45,13.2914,33.7286,3.58,-0.437554,2e-05,-0.504072,3.5e-05,47.84,0.072
COM4,GliderFET004,2025-06-18 17:45,13.2914,33.7286,3.54,-0.833913,1.4e-05,-0.874358,1.3e-05,-1.64,-0.028
COM3,GliderFET012,2025-06-18 17:46,13.2878,33.7291,3.58,-0.437527,1.9e-05,-0.503995,3.1e-05,41.03,0.069
COM4,GliderFET004,2025-06-18 17:46,13.2878,33.7291,3.54,-0.833927,3e-05,-0.87436,1.8e-05,-0.54,-0.029
COM3,GliderFET012,2025-06-18 17:47,13.3342,33.7278,3.58,-0.4375,3e-05,-0.503881,5e-05,42.14,0.107
COM4,GliderFET004,2025-06-18 17:47,13.3342,33.7278,3.54,-0.833854,3.6e-05,-0.87429,1.4e-05,2.75,-0.02
COM3,GliderFET012,2025-06-18 17:48,13.3312,33.7278,3.58,-0.437417,3e-05,-0.503748,4.7e-05,43.46,0.047
COM4,GliderFET004,2025-06-18 17:48,13.3312,33.7278,3.54,-0.83382,2.8e-05,-0.87428,6e-06,1.68,-0.026
COM3,GliderFET012,2025-06-18 17:49,13.289,33.7282,3.58,-0.437406,2.3e-05,-0.503648,4.3e-05,45.72,0.049
COM4,GliderFET004,2025-06-18 17:49,13.289,33.7282,3.54,-0.833779,2.2e-05,-0.874249,8e-06,-2.57,-0.02
COM3,GliderFET012,2025-06-18 17:50,13.2981,33.7282,3.58,-0.437434,3.7e-05,-0.503646,5.5e-05,41.94,0.021
COM4,GliderFET004,2025-06-18 17:50,13.2981,33.7282,3.54,-0.833788,3.4e-05,-0.874262,9e-06,0.33,-0.035
COM3,GliderFET012,2025-06-18 17:51,13.3381,33.7274,3.58,-0.437416,2.4e-05,-0.503564,6.8e-05,40.27,0.116
COM4,GliderFET004,2025-06-18 17:51,13.3381,33.7274,3.54,-0.833708,3.1e-05,-0.874184,1.2e-05,1.74,-0.031
COM3,GliderFET012,2025-06-18 17:52,13.3481,33.7274,3.58,-0.437374,2.9e-05,-0.50347,3.8e-05,47.35,0.129
COM4,GliderFET004,2025-06-18 17:52,13.3481,33.7274,3.54,-0.833708,3.2e-05,-0.874198,1.2e-05,-2.6,-0.034
COM3,GliderFET012,2025-06-18 17:53,13.3051,33.7291,3.58,-0.437355,1.9e-05,-0.503404,4.2e-05,43.95,0.034
COM4,GliderFET004,2025-06-18 17:53,13.3051,33.7291,3.54,-0.833637,1.7e-05,-0.874117,2e-05,-0.8,-0.028
COM3,GliderFET012,2025-06-18 17:54,13.3099,33.7282,3.58,-0.437296,2.7e-05,-0.503295,5.1e-05,42.15,0.094
COM4,GliderFET004,2025-06-18 17:54,13.3099,33.7282,3.54,-0.833609,3.5e-05,-0.874111,1.3e-05,-2.72,-0.028
COM3,GliderFET012,2025-06-18 17:55,13.3134,33.7276,3.58,-0.437307,2e-05,-0.503264,4.9e-05,45.7,0.087
COM4,GliderFET004,2025-06-18 17:55,13.3134,33.7276,3.54,-0.833619,2e-05,-0.874122,5e-06,2.39,-0.026
COM3,GliderFET012,2025-06-18 17:56,13.3374,33.7277,3.58,-0.437264,3e-05,-0.50313,2.5e-05,41.65,0.151
COM4,GliderFET004,2025-06-18 17:56,13.3374,33.7277,3.54,-0.833549,2.5e-05,-0.874074,1.2e-05,-2.33,-0.025
COM3,GliderFET012,2025-06-18 17:57,13.3868,33.7271,3.58,-0.437297,3.3e-05,-0.503152,2.9e-05,45.52,0.149
COM4,GliderFET004,2025-06-18 17:57,13.3868,33.7271,3.54,-0.833569,2.9e-05,-0.874085,1.3e-05,4.52,-0.027
COM3,GliderFET012,2025-06-18 17:58,13.4048,33.727,3.58,-0.437255,2.9e-05,-0.503028,1.7e-05,42.17,0.019
COM4,GliderFET004,2025-06-18 17:58,13.4048,33.727,3.54,-0.833509,2.6e-05,-0.874044,8e-06,-4.7,-0.028
COM3,GliderFET012,2025-06-18 17:59,13.3739,33.7271,3.58,-0.437246,2.2e-05,-0.502931,5.5e-05,42.55,0.109
COM4,GliderFET004,2025-06-18 17:59,13.3739,33.7271,3.54,-0.833501,1.3e-05,-0.874062,1.2e-05,4.48,-0.029
COM3,GliderFET012,2025-06-18 18:00,13.334,33.728,3.58,-0.437198,2e-05,-0.502848,5.2e-05,43.16,0.037
COM4,GliderFET004,2025-06-18 18:00,13.334,33.728,3.54,-0.833459,2.3e-05,-0.87403,1.4e-05,-1.77,-0.029
COM3,GliderFET012,2025-06-18 18:01,13.3403,33.7278,3.58,-0.437217,3.6e-05,-0.502843,4.5e-05,43.54,0.034
COM4,GliderFET004,2025-06-18 18:01,13.3403,33.7278,3.54,-0.833508,3.5e-05,-0.87407,9e-06,3.37,-0.023
COM3,GliderFET012,2025-06-18 18:02,13.367,33.7278,3.58,-0.437149,1.8e-05,-0.502691,6e-05,43.83,0.071
COM4,GliderFET004,2025-06-18 18:02,13.367,33.7278,3.54,-0.833445,1.9e-05,-0.874,1.6e-05,-3.78,-0.032
COM3,GliderFET012,2025-06-18 18:03,13.4074,33.7269,3.58,-0.437133,2.8e-05,-0.502618,4.5e-05,43.78,0.02
COM4,GliderFET004,2025-06-18 18:03,13.4074,33.7269,3.54,-0.833446,1.9e-05,-0.874015,8e-06,3.06,-0.027
COM3,GliderFET012,2025-06-18 18:04,13.6714,33.7272,3.58,-0.43712,2e-05,-0.50257,1.2e-05,44.3,0.015
COM4,GliderFET004,2025-06-18 18:04,13.6714,33.7272,3.54,-0.833414,3.7e-05,-0.873988,7e-06,-0.15,-0.023
COM3,GliderFET012,2025-06-18 18:05,13.5073,33.7261,3.58,-0.43709,1.1e-05,-0.502528,3.9e-05,40.95,-0.001
COM4,GliderFET004,2025-06-18 18:05,13.5073,33.7261,3.54,-0.833396,2.6e-05,-0.874002,1.5e-05,1.46,-0.024
COM3,GliderFET012,2025-06-18 18:06,13.4557,33.7279,3.58,-0.437031,2.3e-05,-0.502425,3.7e-05,41.16,0.039
COM4,GliderFET004,2025-06-18 18:06,13.4557,33.7279,3.54,-0.833407,2.3e-05,-0.874005,1.1e-05,0.62,-0.027
COM3,GliderFET012,2025-06-18 18:07,13.3861,33.7269,3.58,-0.437013,2.2e-05,-0.502344,1.4e-05,43.16,0.096
COM4,GliderFET004,2025-06-18 18:07,13.3861,33.7269,3.54,-0.833418,3.5e-05,-0.873999,9e-06,-4.43,-0.031
COM3,GliderFET012,2025-06-18 18:08,13.3688,33.7274,3.58,-0.436997,2.1e-05,-0.502279,5e-06,43.86,0.067
COM4,GliderFET004,2025-06-18 18:08,13.3688,33.7274,3.54,-0.833371,3.1e-05,-0.873985,1.1e-05,5.65,-0.026
COM3,GliderFET012,2025-06-18 18:09,13.3679,33.7275,3.58,-0.436968,2.7e-05,-0.502226,2.6e-05,42.53,0.093
COM4,GliderFET004,2025-06-18 18:09,13.3679,33.7275,3.54,-0.833334,3.4e-05,-0.873968,2.3e-05,-3.81,-0.031
COM3,GliderFET012,2025-06-18 18:10,13.4085,33.7273,3.58,-0.436972,1.6e-05,-0.50224,3.1e-05,42.27,0.058
COM4,GliderFET004,2025-06-18 18:10,13.4085,33.7273,3.54,-0.833355,2.6e-05,-0.873986,1.2e-05,0.93,-0.028
COM3,GliderFET012,2025-06-18 18:11,13.4305,33.7273,3.58,-0.43694,2.5e-05,-0.502081,2.8e-05,43.54,0.048
COM4,GliderFET004,2025-06-18 18:11,13.4305,33.7273,3.54,-0.833342,2e-05,-0.87397,1.2e-05,1.89,-0.024
COM3,GliderFET012,2025-06-18 18:12,13.3994,33.7272,3.58,-0.436937,2.9e-05,-0.502085,2.9e-05,41.73,0.07
COM4,GliderFET004,2025-06-18 18:12,13.3994,33.7272,3.54,-0.833302,2.8e-05,-0.873962,4e-06,-0.5,-0.035
COM3,GliderFET012,2025-06-18 18:13,13.4157,33.7271,3.58,-0.436885,1.7e-05,-0.501984,1.6e-05,43.28,0.05
COM4,GliderFET004,2025-06-18 18:13,13.4157,33.7271,3.54,-0.833314,2.9e-05,-0.873962,1.7e-05,0.24,-0.025
COM3,GliderFET012,2025-06-18 18:15,13.4382,33.7273,3.58,-0.436878,2.2e-05,-0.501891,2.5e-05,41.94,0.039
COM4,GliderFET004,2025-06-18 18:15,13.4382,33.7273,3.54,-0.83326,2.8e-05,-0.873932,1e-05,-0.03,-0.026
COM3,GliderFET012,2025-06-18 18:16,13.4575,33.7274,3.58,-0.436848,1.9e-05,-0.501794,5.5e-05,41.99,0.115
COM4,GliderFET004,2025-06-18 18:16,13.4575,33.7274,3.54,-0.83331,2.2e-05,-0.873958,1.3e-05,0.59,-0.023
COM3,GliderFET012,2025-06-18 18:17,13.4739,33.7268,3.58,-0.436864,1.7e-05,-0.501798,4.8e-05,42.56,0.088
COM4,GliderFET004,2025-06-18 18:17,13.4739,33.7268,3.54,-0.833594,1.5e-05,-0.87428,1.3e-05,2.59,-0.021
COM3,GliderFET012,2025-06-18 18:18,13.4426,33.7272,3.58,-0.436856,1.8e-05,-0.501697,4.4e-05,41.03,0.044
COM4,GliderFET004,2025-06-18 18:18,13.4426,33.7272,3.54,-0.833409,2.9e-05,-0.874091,6e-06,0.67,-0.027
COM3,GliderFET012,2025-06-18 18:19,13.4227,33.7275,3.58,-0.43687,3.1e-05,-0.501674,4.3e-05,43.95,0.078
COM4,GliderFET004,2025-06-18 18:19,13.4227,33.7275,3.54,-0.833404,2.7e-05,-0.874081,1.4e-05,0.42,-0.024
COM3,GliderFET012,2025-06-18 18:20,13.4329,33.7277,3.58,-0.436834,2e-05,-0.501552,4.3e-05,44.51,0.109
COM4,GliderFET004,2025-06-18 18:20,13.4329,33.7277,3.54,-0.833374,3.5e-05,-0.87407,1.3e-05,-1.46,-0.023
COM3,GliderFET012,2025-06-18 18:21,13.4782,33.7272,3.58,-0.436812,2.2e-05,-0.50152,1.7e-05,43.46,0.022
COM4,GliderFET004,2025-06-18 18:21,13.4782,33.7272,3.54,-0.833338,2.1e-05,-0.874035,6e-06,0.73,-0.041
COM3,GliderFET012,2025-06-18 18:22,13.4938,33.7272,3.58,-0.436837,2.8e-05,-0.501488,3.6e-05,43.42,0.061
COM4,GliderFET004,2025-06-18 18:22,13.4938,33.7272,3.54,-0.8334,2.6e-05,-0.874087,7e-06,-0.54,-0.037
COM3,GliderFET012,2025-06-18 18:23,13.5003,33.7267,3.58,-0.436798,2.5e-05,-0.501383,3.8e-05,45.87,0.081
COM4,GliderFET004,2025-06-18 18:23,13.5003,33.7267,3.54,-0.833395,3e-05,-0.874095,7e-06,0.2,-0.028
COM3,GliderFET012,2025-06-18 18:24,13.4932,33.7268,3.58,-0.436813,2.1e-05,-0.501375,4.7e-05,42.04,0.084
COM4,GliderFET004,2025-06-18 18:24,13.4932,33.7268,3.54,-0.833353,3.6e-05,-0.874059,1.3e-05,3.96,-0.021
COM3,GliderFET012,2025-06-18 18:25,13.4862,33.727,3.58,-0.436796,1.6e-05,-0.501326,1.3e-05,45.56,0.076
COM4,GliderFET004,2025-06-18 18:25,13.4862,33.727,3.54,-0.833381,3.1e-05,-0.874097,9e-06,2.93,-0.025
COM3,GliderFET012,2025-06-18 18:26,13.4688,33.7274,3.58,-0.436771,2.7e-05,-0.501268,7.8e-05,42.14,0.18
COM4,GliderFET004,2025-06-18 18:26,13.4688,33.7274,3.54,-0.833372,3.6e-05,-0.874081,1.2e-05,4.04,-0.029
COM3,GliderFET012,2025-06-18 18:27,13.4925,33.7271,3.58,-0.436781,2.8e-05,-0.501213,5e-05,44.55,0.045
COM4,GliderFET004,2025-06-18 18:27,13.4925,33.7271,3.55,-0.833357,2.8e-05,-0.87407,3e-06,1.82,-0.028
COM3,GliderFET012,2025-06-18 18:28,13.4947,33.7268,3.58,-0.436727,2.8e-05,-0.501133,5.1e-05,43.82,0.112
COM4,GliderFET004,2025-06-18 18:28,13.4947,33.7268,3.55,-0.833349,2.2e-05,-0.874055,1.1e-05,1.97,-0.027
COM3,GliderFET012,2025-06-18 18:29,13.483,33.7276,3.58,-0.436728,2.8e-05,-0.50109,5.9e-05,46.35,0.041
COM4,GliderFET004,2025-06-18 18:29,13.483,33.7276,3.55,-0.833295,3.1e-05,-0.874009,9e-06,1.87,-0.025
COM3,GliderFET012,2025-06-18 18:30,13.489,33.7268,3.58,-0.436701,2.1e-05,-0.501104,9e-05,45.52,0.109
COM4,GliderFET004,2025-06-18 18:30,13.489,33.7268,3.55,-0.833307,2.9e-05,-0.874036,1.9e-05,2.7,-0.03
COM3,GliderFET012,2025-06-18 18:31,13.5077,33.7272,3.58,-0.436724,2.3e-05,-0.500994,5.8e-05,44.21,0.058
COM4,GliderFET004,2025-06-18 18:31,13.5077,33.7272,3.55,-0.833308,2e-05,-0.874068,9e-06,1.64,-0.028
COM3,GliderFET012,2025-06-18 18:32,13.5205,33.7261,3.58,-0.436676,2.1e-05,-0.500972,4.7e-05,40.58,0.045
COM4,GliderFET004,2025-06-18 18:32,13.5205,33.7261,3.55,-0.833265,2.8e-05,-0.874005,1.4e-05,2.69,-0.025
COM3,GliderFET012,2025-06-18 18:34,13.492,33.7262,3.58,-0.436698,2e-05,-0.500917,4.9e-05,41.57,0.147
COM4,GliderFET004,2025-06-18 18:34,13.492,33.7262,3.55,-0.833272,2.8e-05,-0.874012,1.5e-05,-0.08,-0.028
COM3,GliderFET012,2025-06-18 18:35,13.5166,33.7262,3.58,-0.436691,3.2e-05,-0.500806,4.2e-05,44.12,0.175
COM4,GliderFET004,2025-06-18 18:35,13.5166,33.7262,3.55,-0.833272,2.3e-05,-0.874011,6e-06,1.51,-0.031
COM3,GliderFET012,2025-06-18 18:36,13.5143,33.7255,3.58,-0.43667,2.7e-05,-0.500757,1.3e-05,41.76,0.073
COM4,GliderFET004,2025-06-18 18:36,13.5143,33.7255,3.55,-0.833247,1.9e-05,-0.874017,1.1e-05,-0.1,-0.029
COM3,GliderFET012,2025-06-18 18:37,13.4626,33.7265,3.58,-0.436667,2e-05,-0.50073,5.4e-05,42.5,0.008
COM4,GliderFET004,2025-06-18 18:37,13.4626,33.7265,3.55,-0.833213,2.1e-05,-0.873988,8e-06,-0.28,-0.028
COM3,GliderFET012,2025-06-18 18:38,13.4675,33.7258,3.58,-0.436659,2.7e-05,-0.50066,4.5e-05,42.69,0.165
COM4,GliderFET004,2025-06-18 18:38,13.4675,33.7258,3.55,-0.83324,2.2e-05,-0.874004,6e-06,2.67,-0.026
COM3,GliderFET012,2025-06-18 18:39,13.4977,33.7248,3.58,-0.436632,3.3e-05,-0.500622,4.8e-05,42.27,0.148
COM4,GliderFET004,2025-06-18 18:39,13.4977,33.7248,3.55,-0.833239,2.7e-05,-0.874023,1.2e-05,2.41,-0.022
COM3,GliderFET012,2025-06-18 18:40,13.5172,33.7233,3.58,-0.436653,4.1e-05,-0.500602,2.4e-05,44.89,0.028
COM4,GliderFET004,2025-06-18 18:40,13.5172,33.7233,3.55,-0.833209,2e-05,-0.873994,1.1e-05,-1.46,-0.025
COM3,GliderFET012,2025-06-18 18:41,13.5292,33.7227,3.58,-0.436628,3.1e-05,-0.50052,4.3e-05,46.0,0.089
COM4,GliderFET004,2025-06-18 18:41,13.5292,33.7227,3.55,-0.833139,2.4e-05,-0.873927,1.1e-05,-2.67,-0.038
COM3,GliderFET012,2025-06-18 18:42,13.529,33.721,3.58,-0.436629,2.2e-05,-0.500522,4.3e-05,42.63,0.124
COM4,GliderFET004,2025-06-18 18:42,13.529,33.721,3.55,-0.833107,2e-05,-0.873898,7e-06,3.52,-0.029
COM3,GliderFET012,2025-06-18 18:43,13.533,33.719,3.58,-0.436642,2.5e-05,-0.500492,4.1e-05,42.42,0.086
COM4,GliderFET004,2025-06-18 18:43,13.533,33.719,3.55,-0.833111,2e-05,-0.873919,8e-06,1.33,-0.025
COM3,GliderFET012,2025-06-18 18:44,13.5359,33.7188,3.58,-0.436661,2.5e-05,-0.500483,3.3e-05,42.72,0.053
COM4,GliderFET004,2025-06-18 18:44,13.5359,33.7188,3.55,-0.833141,2.9e-05,-0.873936,3e-06,3.16,-0.03
COM3,GliderFET012,2025-06-18 18:45,13.5441,33.7176,3.58,-0.436595,2.6e-05,-0.500324,2.8e-05,43.38,-0.015
COM4,GliderFET004,2025-06-18 18:45,13.5441,33.7176,3.55,-0.833123,2.8e-05,-0.873916,1.1e-05,1.45,-0.032
COM3,GliderFET012,2025-06-18 18:46,13.5493,33.7187,3.58,-0.4366,2.6e-05,-0.500327,3.2e-05,41.89,0.085
COM4,GliderFET004,2025-06-18 18:46,13.5493,33.7187,3.55,-0.833106,2.6e-05,-0.873921,1.1e-05,0.13,-0.025
COM3,GliderFET012,2025-06-18 18:47,13.5572,33.7187,3.58,-0.436602,2.2e-05,-0.500287,5e-05,45.8,0.178
COM4,GliderFET004,2025-06-18 18:47,13.5572,33.7187,3.55,-0.833095,1.6e-05,-0.873903,1.3e-05,-0.37,-0.023
COM3,GliderFET012,2025-06-18 18:48,13.5577,33.7178,3.58,-0.436562,2.8e-05,-0.500258,3.4e-05,45.51,0.101
COM4,GliderFET004,2025-06-18 18:48,13.5577,33.7178,3.55,-0.833064,2.7e-05,-0.873891,8e-06,3.32,-0.02
COM3,GliderFET012,2025-06-18 18:49,13.558,33.7172,3.58,-0.436519,2.7e-05,-0.500253,2.4e-05,46.01,0.125
COM4,GliderFET004,2025-06-18 18:49,13.558,33.7172,3.55,-0.833058,2.1e-05,-0.873883,8e-06,2.31,-0.035
COM3,GliderFET012,2025-06-18 18:50,13.5616,33.7161,3.58,-0.436534,1.9e-05,-0.500203,5.4e-05,45.9,0.152
COM4,GliderFET004,2025-06-18 18:50,13.5616,33.7161,3.55,-0.833075,2.4e-05,-0.873917,1.1e-05,1.01,-0.032
COM3,GliderFET012,2025-06-18 18:51,13.5641,33.7154,3.58,-0.436498,1.8e-05,-0.500212,2.1e-05,44.97,0.033
COM4,GliderFET004,2025-06-18 18:51,13.5641,33.7154,3.55,-0.833014,3.4e-05,-0.873877,1.8e-05,-1.84,-0.021
COM3,GliderFET012,2025-06-18 18:52,13.5702,33.7139,3.58,-0.436462,2.8e-05,-0.500137,3.8e-05,44.12,-0.005
COM4,GliderFET004,2025-06-18 18:52,13.5702,33.7139,3.55,-0.833026,2.1e-05,-0.873886,1.5e-05,-0.11,-0.026
COM3,GliderFET012,2025-06-18 18:53,13.5729,33.7136,3.58,-0.436443,2.2e-05,-0.500151,5.7e-05,42.07,0.176
COM4,GliderFET004,2025-06-18 18:53,13.5729,33.7136,3.55,-0.833046,2.8e-05,-0.873901,9e-06,3.5,-0.023
COM3,GliderFET012,2025-06-18 18:54,13.5739,33.7142,3.58,-0.436432,3.2e-05,-0.500122,3.9e-05,42.89,0.104
COM4,GliderFET004,2025-06-18 18:54,13.5739,33.7142,3.55,-0.832951,2.2e-05,-0.873838,7e-06,1.07,-0.028
COM3,GliderFET012,2025-06-18 18:55,13.5802,33.7144,3.58,-0.436384,1.8e-05,-0.500104,5.9e-05,47.31,0.12
COM4,GliderFET004,2025-06-18 18:55,13.5802,33.7144,3.55,-0.832916,1.8e-05,-0.873812,1.3e-05,1.81,-0.023
COM3,GliderFET012,2025-06-18 18:56,13.5861,33.7153,3.58,-0.436357,2.5e-05,-0.500064,3.4e-05,44.4,0.068
COM4,GliderFET004,2025-06-18 18:56,13.5861,33.7153,3.55,-0.832929,3.4e-05,-0.873836,8e-06,-2.16,-0.028
COM3,GliderFET012,2025-06-18 18:57,13.588,33.715,3.58,-0.436318,2.1e-05,-0.500053,4.1e-05,42.85,0.115
COM4,GliderFET004,2025-06-18 18:57,13.588,33.715,3.55,-0.832891,1.3e-05,-0.873809,1.3e-05,-3.34,-0.023
COM3,GliderFET012,2025-06-18 18:58,13.5912,33.7141,3.58,-0.436291,2.5e-05,-0.499998,3.8e-05,42.9,0.12
COM4,GliderFET004,2025-06-18 18:58,13.5912,33.7141,3.55,-0.832869,2.8e-05,-0.873788,5e-06,-0.2,-0.029
COM3,GliderFET012,2025-06-18 18:59,13.5919,33.7132,3.58,-0.43623,3.1e-05,-0.49997,3.9e-05,41.72,0.002
COM4,GliderFET004,2025-06-18 18:59,13.5919,33.7132,3.55,-0.832781,2.2e-05,-0.873724,1.1e-05,-0.99,-0.022
COM3,GliderFET012,2025-06-18 19:00,13.5927,33.713,3.58,-0.436179,3e-05,-0.49991,2.9e-05,45.8,0.077
COM4,GliderFET004,2025-06-18 19:00,13.5927,33.713,3.55,-0.832719,2.1e-05,-0.87368,1.2e-05,-1.97,-0.026
COM3,GliderFET012,2025-06-18 19:01,13.5955,33.7134,3.58,-0.436168,2.2e-05,-0.499874,3.9e-05,43.36,0.115
COM4,GliderFET004,2025-06-18 19:01,13.5955,33.7134,3.55,-0.83273,2.1e-05,-0.87369,1.1e-05,0.49,-0.037
COM3,GliderFET012,2025-06-18 19:02,13.597,33.7134,3.58,-0.436116,2.2e-05,-0.499813,4.6e-05,44.63,0.068
COM4,GliderFET004,2025-06-18 19:02,13.597,33.7134,3.55,-0.832674,2.4e-05,-0.87366,1.3e-05,-1.53,-0.032
COM3,GliderFET012,2025-06-18 19:03,13.6003,33.7136,3.58,-0.436045,2e-05,-0.499722,2.9e-05,41.34,0.125
COM4,GliderFET004,2025-06-18 19:03,13.6003,33.7136,3.55,-0.832686,1.8e-05,-0.873682,5e-06,1.66,-0.027
COM3,GliderFET012,2025-06-18 19:04,13.5947,33.7127,3.58,-0.436029,2.7e-05,-0.499711,5.7e-05,43.93,0.099
COM4,GliderFET004,2025-06-18 19:04,13.5947,33.7127,3.55,-0.832625,2.9e-05,-0.873628,1.2e-05,2.07,-0.027
COM3,GliderFET012,2025-06-18 19:05,13.5941,33.7122,3.58,-0.436004,2e-05,-0.499692,5.5e-05,45.43,0.19
COM4,GliderFET004,2025-06-18 19:05,13.5941,33.7122,3.55,-0.832588,2.8e-05,-0.873619,7e-06,-0.57,-0.021
COM3,GliderFET012,2025-06-18 19:06,13.5863,33.7115,3.58,-0.435921,2.4e-05,-0.499614,3.9e-05,46.0,0.161
COM4,GliderFET004,2025-06-18 19:06,13.5863,33.7115,3.55,-0.832554,1.9e-05,-0.873571,6e-06,1.03,-0.023
COM3,GliderFET012,2025-06-18 19:07,13.5797,33.7113,3.58,-0.435901,2.8e-05,-0.49957,1.1e-05,42.04,0.061
COM4,GliderFET004,2025-06-18 19:07,13.5797,33.7113,3.55,-0.832541,2.3e-05,-0.873571,6e-06,-3.26,-0.019
COM3,GliderFET012,2025-06-18 19:09,13.5818,33.7108,3.58,-0.435832,3.7e-05,-0.499424,4.1e-05,44.37,0.054
COM4,GliderFET004,2025-06-18 19:09,13.5818,33.7108,3.55,-0.832473,3.4e-05,-0.873516,1.3e-05,-2.86,-0.03
COM3,GliderFET012,2025-06-18 19:10,13.5824,33.7107,3.58,-0.435798,1.4e-05,-0.499358,3.1e-05,41.24,0.053
COM4,GliderFET004,2025-06-18 19:10,13.5824,33.7107,3.55,-0.832454,2.8e-05,-0.8735,1.1e-05,-0.13,-0.031
COM3,GliderFET012,2025-06-18 19:11,13.5809,33.7102,3.58,-0.435768,3.4e-05,-0.499339,4.1e-05,40.97,0.046
COM4,GliderFET004,2025-06-18 19:11,13.5809,33.7102,3.55,-0.832301,2.4e-05,-0.873367,1.6e-05,-0.11,-0.029
COM3,GliderFET012,2025-06-18 19:12,13.5819,33.7101,3.58,-0.435722,2.8e-05,-0.499247,1.8e-05,43.96,0.114
COM4,GliderFET004,2025-06-18 19:12,13.5819,33.7101,3.55,-0.832259,2.7e-05,-0.873327,1.5e-05,-0.75,-0.021
COM3,GliderFET012,2025-06-18 19:13,13.5817,33.71,3.58,-0.435677,2.9e-05,-0.499159,4.3e-05,44.99,0.077
COM4,GliderFET004,2025-06-18 19:13,13.5817,33.71,3.55,-0.832223,3.7e-05,-0.873308,1.2e-05,-3.13,-0.031
COM3,GliderFET012,2025-06-18 19:14,13.5813,33.7099,3.58,-0.435673,2.6e-05,-0.499172,5.6e-05,41.46,0.072
COM4,GliderFET004,2025-06-18 19:14,13.5813,33.7099,3.55,-0.832253,2.7e-05,-0.873337,1.2e-05,1.29,-0.028
COM3,GliderFET012,2025-06-18 19:15,13.5791,33.7095,3.58,-0.435656,1.6e-05,-0.499127,7.2e-05,40.87,0.085
COM4,GliderFET004,2025-06-18 19:15,13.5791,33.7095,3.55,-0.832262,2.8e-05,-0.873358,1.2e-05,-1.01,-0.031
COM3,GliderFET012,2025-06-18 19:16,13.576,33.7091,3.58,-0.435604,3.3e-05,-0.499034,4.1e-05,44.56,0.031
COM4,GliderFET004,2025-06-18 19:16,13.576,33.7091,3.55,-0.832229,3.5e-05,-0.873331,5e-06,0.03,-0.038
COM3,GliderFET012,2025-06-18 19:17,13.5755,33.7092,3.58,-0.435591,3.8e-05,-0.499014,4.1e-05,44.74,-0.024
COM4,GliderFET004,2025-06-18 19:17,13.5755,33.7092,3.55,-0.8322,1.8e-05,-0.873309,1e-06,0.37,-0.031
COM3,GliderFET012,2025-06-18 19:18,13.5787,33.7095,3.58,-0.435587,2.5e-05,-0.498907,4.1e-05,41.67,0.107
COM4,GliderFET004,2025-06-18 19:18,13.5787,33.7095,3.55,-0.832162,2.7e-05,-0.873274,1.3e-05,-2.07,-0.023
COM3,GliderFET012,2025-06-18 19:19,13.5759,33.7089,3.58,-0.43556,2.3e-05,-0.498899,3.1e-05,41.18,-0.013
COM4,GliderFET004,2025-06-18 19:19,13.5759,33.7089,3.55,-0.832186,2.2e-05,-0.873292,1.1e-05,-0.28,-0.03
COM3,GliderFET012,2025-06-18 19:20,13.5746,33.7093,3.58,-0.435521,3e-05,-0.498798,3.9e-05,44.21,0.091
COM4,GliderFET004,2025-06-18 19:20,13.5746,33.7093,3.55,-0.832235,2.5e-05,-0.873353,1.2e-05,0.05,-0.023
COM3,GliderFET012,2025-06-18 19:21,13.5768,33.709,3.58,-0.435502,2.6e-05,-0.498811,4.6e-05,42.35,0.044
COM4,GliderFET004,2025-06-18 19:21,13.5768,33.709,3.55,-0.832262,2.6e-05,-0.873387,1.5e-05,-1.86,-0.029
COM3,GliderFET012,2025-06-18 19:22,13.5825,33.7093,3.58,-0.435472,2.7e-05,-0.498793,4.7e-05,44.66,0.013
COM4,GliderFET004,2025-06-18 19:22,13.5825,33.7093,3.55,-0.832293,1.9e-05,-0.873421,1e-05,-2.29,-0.025
COM3,GliderFET012,2025-06-18 19:23,13.5864,33.7094,3.58,-0.435471,2.4e-05,-0.498686,2.9e-05,42.32,0.06
COM4,GliderFET004,2025-06-18 19:23,13.5864,33.7094,3.55,-0.832293,2.7e-05,-0.873444,4e-06,3.53,-0.031
COM3,GliderFET012,2025-06-18 19:24,13.5832,33.709,3.58,-0.435415,1.5e-05,-0.498617,3.7e-05,43.08,0.124
COM4,GliderFET004,2025-06-18 19:24,13.5832,33.709,3.55,-0.83226,2.8e-05,-0.873422,1.2e-05,-2.43,-0.031
COM3,GliderFET012,2025-06-18 19:25,13.5799,33.7087,3.58,-0.435377,1.6e-05,-0.498551,4.8e-05,43.9,0.045
COM4,GliderFET004,2025-06-18 19:25,13.5799,33.7087,3.55,-0.83221,3.1e-05,-0.873352,1.5e-05,0.18,-0.032
COM3,GliderFET012,2025-06-18 19:26,13.5871,33.7094,3.58,-0.43536,1.5e-05,-0.498534,4.3e-05,45.59,0.094
COM4,GliderFET004,2025-06-18 19:26,13.5871,33.7094,3.55,-0.832204,2.2e-05,-0.873348,1.4e-05,-3.74,-0.03
COM3,GliderFET012,2025-06-18 19:27,13.5901,33.709,3.58,-0.435314,2.5e-05,-0.498436,7.5e-05,45.05,0.096
COM4,GliderFET004,2025-06-18 19:27,13.5901,33.709,3.55,-0.832143,2.4e-05,-0.873294,7e-06,4.17,-0.03
COM3,GliderFET012,2025-06-18 19:28,13.5868,33.7085,3.58,-0.435324,2.1e-05,-0.498481,2.5e-05,41.29,0.129
COM4,GliderFET004,2025-06-18 19:28,13.5868,33.7085,3.55,-0.832118,2e-05,-0.87327,1.1e-05,-0.67,-0.029
COM3,GliderFET012,2025-06-18 19:29,13.5822,33.7085,3.58,-0.435317,2.5e-05,-0.498402,4.5e-05,43.77,0.023
COM4,GliderFET004,2025-06-18 19:29,13.5822,33.7085,3.55,-0.832054,2.9e-05,-0.873217,1.7e-05,2.16,-0.037
COM3,GliderFET012,2025-06-18 19:30,13.5861,33.7085,3.58,-0.435243,1.4e-05,-0.498261,3.2e-05,40.74,0.131
COM4,GliderFET004,2025-06-18 19:30,13.5861,33.7085,3.55,-0.832,2.3e-05,-0.873175,1.8e-05,-0.81,-0.028
COM3,GliderFET012,2025-06-18 19:31,13.5792,33.7085,3.58,-0.435217,3e-05,-0.498252,2.7e-05,41.67,0.076
COM4,GliderFET004,2025-06-18 19:31,13.5792,33.7085,3.55,-0.831962,2.9e-05,-0.873158,1.4e-05,-1.74,-0.022
COM3,GliderFET012,2025-06-18 19:32,13.5779,33.7084,3.58,-0.435208,2.3e-05,-0.498234,3.4e-05,43.52,0.038
COM4,GliderFET004,2025-06-18 19:32,13.5779,33.7084,3.55,-0.831965,3.4e-05,-0.873142,4e-06,4.56,-0.03
COM3,GliderFET012,2025-06-18 19:33,13.575,33.7084,3.58,-0.43519,3.3e-05,-0.498173,3.1e-05,43.96,0.073
COM4,GliderFET004,2025-06-18 19:33,13.575,33.7084,3.55,-0.831915,2.6e-05,-0.873084,8e-06,-2.86,-0.024
COM3,GliderFET012,2025-06-18 19:34,13.5781,33.7084,3.58,-0.435191,2.8e-05,-0.498193,2.9e-05,43.42,0.032
COM4,GliderFET004,2025-06-18 19:34,13.5781,33.7084,3.55,-0.831849,2.2e-05,-0.873034,1.3e-05,-0.73,-0.033
COM3,GliderFET012,2025-06-18 19:35,13.5786,33.7083,3.58,-0.435162,3.6e-05,-0.498151,3.3e-05,45.05,0.044
COM4,GliderFET004,2025-06-18 19:35,13.5786,33.7083,3.55,-0.831829,2.2e-05,-0.873022,1.3e-05,0.2,-0.021
COM3,GliderFET012,2025-06-18 19:36,13.5806,33.7082,3.58,-0.435135,2.3e-05,-0.498103,4.9e-05,41.37,0.038
COM4,GliderFET004,2025-06-18 19:36,13.5806,33.7082,3.55,-0.831806,1.7e-05,-0.873005,1.1e-05,-2.86,-0.028
COM3,GliderFET012,2025-06-18 19:38,13.577,33.7081,3.58,-0.435128,2.4e-05,-0.497998,5.7e-05,46.32,-0.03
COM4,GliderFET004,2025-06-18 19:38,13.577,33.7081,3.55,-0.831772,2.6e-05,-0.87296,6e-06,-1.53,-0.037
COM3,GliderFET012,2025-06-18 19:39,13.5885,33.7089,3.58,-0.435058,2.6e-05,-0.497961,5.1e-05,40.17,0.094
COM4,GliderFET004,2025-06-18 19:39,13.5885,33.7089,3.55,-0.831738,2.3e-05,-0.872915,1.2e-05,0.42,-0.02
COM3,GliderFET012,2025-06-18 19:41,13.5942,33.7081,3.58,-0.435089,1.9e-05,-0.497878,3.8e-05,41.5,0.118
COM4,GliderFET004,2025-06-18 19:41,13.5942,33.7081,3.55,-0.831739,2.6e-05,-0.872939,7e-06,2.49,-0.033
COM3,GliderFET012,2025-06-18 19:42,13.5962,33.7087,3.58,-0.435095,9e-06,-0.497834,5.7e-05,44.5,0.078
COM4,GliderFET004,2025-06-18 19:42,13.5962,33.7087,3.55,-0.831758,2.8e-05,-0.872961,1.6e-05,-1.19,-0.023
COM3,GliderFET012,2025-06-18 19:44,13.6105,33.7088,3.58,-0.435036,2.8e-05,-0.497771,3.2e-05,46.31,0.083
COM4,GliderFET004,2025-06-18 19:44,13.6105,33.7088,3.55,-0.831713,2.7e-05,-0.872908,1.3e-05,2.16,-0.028
COM3,GliderFET012,2025-06-18 19:45,13.6184,33.709,3.58,-0.434981,2.2e-05,-0.497693,5.7e-05,43.36,0.151
COM4,GliderFET004,2025-06-18 19:45,13.6184,33.709,3.55,-0.831728,2.4e-05,-0.872936,1.4e-05,-1.03,-0.031
COM3,GliderFET012,2025-06-18 19:47,13.6199,33.7086,3.58,-0.434965,3.6e-05,-0.497626,4.5e-05,42.76,0.015
COM4,GliderFET004,2025-06-18 19:47,13.6199,33.7086,3.55,-0.831699,2.6e-05,-0.872887,1.2e-05,4.56,-0.024
COM3,GliderFET012,2025-06-18 19:48,13.6203,33.7088,3.58,-0.434946,2.9e-05,-0.497612,4.2e-05,42.11,0.105
COM4,GliderFET004,2025-06-18 19:48,13.6203,33.7088,3.55,-0.831693,1.8e-05,-0.872905,1.2e-05,3.66,-0.031
COM3,GliderFET012,2025-06-18 19:49,13.6187,33.7086,3.58,-0.434943,1.7e-05,-0.497577,4e-05,44.55,0.074
COM4,GliderFET004,2025-06-18 19:49,13.6187,33.7086,3.55,-0.831831,2.8e-05,-0.873036,6e-06,0.55,-0.028
COM3,GliderFET012,2025-06-18 19:50,13.6191,33.7086,3.58,-0.434923,3.4e-05,-0.497529,2.8e-05,43.33,-0.015
COM4,GliderFET004,2025-06-18 19:50,13.6191,33.7086,3.55,-0.831922,1.4e-05,-0.873136,1e-05,-2.38,-0.023
COM3,GliderFET012,2025-06-18 19:51,13.6196,33.7085,3.58,-0.434917,2.7e-05,-0.497447,3.4e-05,42.15,0.076
COM4,GliderFET004,2025-06-18 19:51,13.6196,33.7085,3.55,-0.831962,3.4e-05,-0.873161,1e-05,-1.64,-0.028
COM3,GliderFET012,2025-06-18 19:52,13.6199,33.7086,3.58,-0.43489,2.3e-05,-0.497428,4.6e-05,44.45,0.14
COM4,GliderFET004,2025-06-18 19:52,13.6199,33.7086,3.55,-0.831924,2.7e-05,-0.873154,1.2e-05,1.79,-0.026
COM3,GliderFET012,2025-06-18 19:53,13.6196,33.7091,3.58,-0.434896,1.5e-05,-0.497491,3.3e-05,46.0,0.068
COM4,GliderFET004,2025-06-18 19:53,13.6196,33.7091,3.55,-0.831914,3.9e-05,-0.873128,1.6e-05,2.33,-0.022
COM3,GliderFET012,2025-06-18 19:54,13.6222,33.7087,3.58,-0.434869,2.3e-05,-0.497427,3e-05,44.37,0.081
COM4,GliderFET004,2025-06-18 19:54,13.6222,33.7087,3.55,-0.831863,2.9e-05,-0.873091,1.3e-05,1.87,-0.032
COM3,GliderFET012,2025-06-18 19:55,13.6204,33.7088,3.58,-0.434866,4.1e-05,-0.497408,2.5e-05,45.72,0.067
COM4,GliderFET004,2025-06-18 19:55,13.6204,33.7088,3.55,-0.831828,3.2e-05,-0.873057,1.7e-05,3.17,-0.028
COM3,GliderFET012,2025-06-18 19:56,13.624,33.7086,3.58,-0.434864,2.7e-05,-0.497325,4.8e-05,45.35,0.021
COM4,GliderFET004,2025-06-18 19:56,13.624,33.7086,3.55,-0.831792,2.6e-05,-0.873026,1.5e-05,-1.11,-0.024
COM3,GliderFET012,2025-06-18 19:57,13.6266,33.7085,3.58,-0.434866,3.8e-05,-0.497311,1.3e-05,46.58,0.028
COM4,GliderFET004,2025-06-18 19:57,13.6266,33.7085,3.55,-0.831797,2.7e-05,-0.873048,1e-05,1.89,-0.025
COM3,GliderFET012,2025-06-18 19:58,13.6301,33.7086,3.58,-0.434872,1.8e-05,-0.497288,4.8e-05,45.67,0.147
COM4,GliderFET004,2025-06-18 19:58,13.6301,33.7086,3.55,-0.831762,2.1e-05,-0.873026,7e-06,-2.83,-0.03
COM3,GliderFET012,2025-06-18 19:59,13.6351,33.7089,3.58,-0.434833,3.2e-05,-0.497229,4.5e-05,40.2,0.064
COM4,GliderFET004,2025-06-18 19:59,13.6351,33.7089,3.55,-0.831774,2.3e-05,-0.873046,1.1e-05,1.73,-0.017
COM3,GliderFET012,2025-06-18 20:00,13.6388,33.7085,3.58,-0.434864,3.7e-05,-0.497292,5.4e-05,42.43,0.084
COM4,GliderFET004,2025-06-18 20:00,13.6388,33.7085,3.55,-0.8318,2.7e-05,-0.873064,5e-06,-0.57,-0.032
COM3,GliderFET012,2025-06-18 20:01,13.6383,33.7086,3.58,-0.434889,3e-05,-0.497249,1.6e-05,46.13,0.155
COM4,GliderFET004,2025-06-18 20:01,13.6383,33.7086,3.55,-0.831739,1.9e-05,-0.873014,1e-05,5.08,-0.024
COM3,GliderFET012,2025-06-18 20:02,13.6404,33.7086,3.58,-0.434842,1.9e-05,-0.497205,6.4e-05,45.62,0.093
COM4,GliderFET004,2025-06-18 20:02,13.6404,33.7086,3.55,-0.83175,2.4e-05,-0.873028,8e-06,-4.64,-0.035
COM3,GliderFET012,2025-06-18 20:03,13.6414,33.7087,3.58,-0.434884,2.9e-05,-0.497259,4.3e-05,41.36,0.084
COM4,GliderFET004,2025-06-18 20:03,13.6414,33.7087,3.55,-0.831758,2.5e-05,-0.873018,1.7e-05,1.45,-0.029
COM3,GliderFET012,2025-06-18 20:04,13.6418,33.7084,3.58,-0.434868,3.1e-05,-0.497179,4.4e-05,42.64,0.15
COM4,GliderFET004,2025-06-18 20:04,13.6418,33.7084,3.55,-0.831712,2.5e-05,-0.872993,1.1e-05,1.04,-0.029
COM3,GliderFET012,2025-06-18 20:05,13.6412,33.7087,3.58,-0.434833,2.7e-05,-0.497093,3.5e-05,42.72,0.137
COM4,GliderFET004,2025-06-18 20:05,13.6412,33.7087,3.55,-0.831689,1.8e-05,-0.872978,1e-05,3.03,-0.029
COM3,GliderFET012,2025-06-18 20:06,13.6404,33.7086,3.58,-0.434835,2.4e-05,-0.497124,5.4e-05,42.14,-0.02
COM4,GliderFET004,2025-06-18 20:06,13.6404,33.7086,3.55,-0.831676,2.1e-05,-0.872968,1.1e-05,1.33,-0.021
COM3,GliderFET012,2025-06-18 20:07,13.6451,33.7089,3.58,-0.43486,2.5e-05,-0.497109,5e-05,45.26,0.064
COM4,GliderFET004,2025-06-18 20:07,13.6451,33.7089,3.55,-0.831705,2.3e-05,-0.872993,1e-05,1.24,-0.032
COM3,GliderFET012,2025-06-18 20:08,13.6489,33.7085,3.58,-0.434812,3e-05,-0.497063,3.4e-05,43.52,0.081
COM4,GliderFET004,2025-06-18 20:08,13.6489,33.7085,3.55,-0.831678,2.2e-05,-0.872986,1.2e-05,-0.29,-0.032
COM3,GliderFET012,2025-06-18 20:09,13.6476,33.7085,3.58,-0.434851,3.1e-05,-0.49709,4.5e-05,40.69,0.076
COM4,GliderFET004,2025-06-18 20:09,13.6476,33.7085,3.55,-0.831662,2.2e-05,-0.872966,6e-06,-3.21,-0.028
COM3,GliderFET012,2025-06-18 20:10,13.6474,33.7083,3.58,-0.434801,1.7e-05,-0.497013,1.9e-05,43.54,0.068
COM4,GliderFET004,2025-06-18 20:10,13.6474,33.7083,3.55,-0.831649,2.1e-05,-0.872945,1.2e-05,-0.73,-0.031
COM3,GliderFET012,2025-06-18 20:11,13.6468,33.7082,3.58,-0.43482,2.3e-05,-0.497011,5.5e-05,46.7,0.04
COM4,GliderFET004,2025-06-18 20:11,13.6468,33.7082,3.55,-0.831617,2.6e-05,-0.872915,1e-05,1.35,-0.037
COM3,GliderFET012,2025-06-18 20:12,13.6461,33.7088,3.58,-0.434837,3.4e-05,-0.49704,3.6e-05,44.6,0.087
COM4,GliderFET004,2025-06-18 20:12,13.6461,33.7088,3.55,-0.831666,2.7e-05,-0.87298,1.2e-05,1.76,-0.026
COM3,GliderFET012,2025-06-18 20:13,13.6485,33.7087,3.58,-0.434802,2.2e-05,-0.497024,3e-05,45.96,0.009
COM4,GliderFET004,2025-06-18 20:13,13.6485,33.7087,3.55,-0.83174,2.3e-05,-0.873061,9e-06,-2.08,-0.033
COM3,GliderFET012,2025-06-18 20:14,13.6497,33.7087,3.58,-0.434828,3.1e-05,-0.49698,3.7e-05,43.33,0.122
COM4,GliderFET004,2025-06-18 20:14,13.6497,33.7087,3.55,-0.831767,3e-05,-0.87306,1e-05,1.38,-0.025
COM3,GliderFET012,2025-06-18 20:15,13.6512,33.7086,3.58,-0.434849,3e-05,-0.496943,3.1e-05,41.36,0.001
COM4,GliderFET004,2025-06-18 20:15,13.6512,33.7086,3.55,-0.83173,2.2e-05,-0.873051,7e-06,2.23,-0.017
COM3,GliderFET012,2025-06-18 20:16,13.6518,33.7086,3.58,-0.434791,1.6e-05,-0.496909,3.3e-05,41.32,0.086
COM4,GliderFET004,2025-06-18 20:16,13.6518,33.7086,3.55,-0.831784,1.5e-05,-0.873084,1.7e-05,1.33,-0.025
COM3,GliderFET012,2025-06-18 20:17,13.6546,33.7089,3.58,-0.434781,2.7e-05,-0.496888,4.6e-05,43.6,0.055
COM4,GliderFET004,2025-06-18 20:17,13.6546,33.7089,3.55,-0.831783,2.5e-05,-0.873085,7e-06,2.54,-0.023
COM3,GliderFET012,2025-06-18 20:18,13.6549,33.7086,3.58,-0.434818,2.1e-05,-0.496918,5.9e-05,41.94,0.038
COM4,GliderFET004,2025-06-18 20:18,13.6549,33.7086,3.55,-0.831743,2.7e-05,-0.873064,2e-05,-2.29,-0.025
COM3,GliderFET012,2025-06-18 20:19,13.6529,33.7088,3.58,-0.434821,3.8e-05,-0.496921,4.1e-05,41.41,0.136
COM4,GliderFET004,2025-06-18 20:19,13.6529,33.7088,3.55,-0.831751,2.9e-05,-0.873041,1.2e-05,-0.1,-0.025
COM3,GliderFET012,2025-06-18 20:20,13.6546,33.7089,3.58,-0.434801,2e-05,-0.496822,6e-05,43.83,0.054
COM4,GliderFET004,2025-06-18 20:20,13.6546,33.7089,3.55,-0.831793,2.5e-05,-0.873115,1.2e-05,-3.29,-0.021
COM3,GliderFET012,2025-06-18 20:21,13.655,33.7085,3.58,-0.434809,2.2e-05,-0.49682,1.8e-05,41.11,0.172
COM4,GliderFET004,2025-06-18 20:21,13.655,33.7085,3.55,-0.831737,2.7e-05,-0.873054,1.6e-05,-0.05,-0.031
COM3,GliderFET012,2025-06-18 20:22,13.6541,33.7087,3.58,-0.434786,2.9e-05,-0.49678,5.2e-05,41.11,0.081
COM4,GliderFET004,2025-06-18 20:22,13.6541,33.7087,3.55,-0.831727,1.9e-05,-0.873051,1.1e-05,0.0,-0.028
COM3,GliderFET012,2025-06-18 20:23,13.6503,33.7084,3.58,-0.4348,2.5e-05,-0.496779,4.9e-05,43.02,0.051
COM4,GliderFET004,2025-06-18 20:23,13.6503,33.7084,3.55,-0.831714,1.5e-05,-0.873049,1.1e-05,2.54,-0.025
COM3,GliderFET012,2025-06-18 20:24,13.6519,33.7087,3.58,-0.434805,1.8e-05,-0.496789,2.7e-05,40.28,0.081
COM4,GliderFET004,2025-06-18 20:24,13.6519,33.7087,3.55,-0.831698,2.6e-05,-0.873015,8e-06,1.55,-0.023
COM3,GliderFET012,2025-06-18 20:25,13.6513,33.7085,3.58,-0.434756,1.6e-05,-0.496725,4.5e-05,44.76,0.054
COM4,GliderFET004,2025-06-18 20:25,13.6513,33.7085,3.55,-0.831674,2.6e-05,-0.873021,1.3e-05,1.3,-0.019
COM3,GliderFET012,2025-06-18 20:26,13.6526,33.7088,3.58,-0.434771,2.1e-05,-0.496726,2.8e-05,44.38,0.024
COM4,GliderFET004,2025-06-18 20:26,13.6526,33.7088,3.55,-0.831657,1.9e-05,-0.873014,9e-06,0.65,-0.019
COM3,GliderFET012,2025-06-18 20:27,13.6536,33.7086,3.58,-0.434779,2.5e-05,-0.496695,2.5e-05,44.42,-0.01
COM4,GliderFET004,2025-06-18 20:27,13.6536,33.7086,3.55,-0.83164,2.9e-05,-0.872969,1e-05,-2.6,-0.027
COM3,GliderFET012,2025-06-18 20:28,13.6538,33.7084,3.58,-0.434782,2.2e-05,-0.496678,3.6e-05,43.03,0.111
COM4,GliderFET004,2025-06-18 20:28,13.6538,33.7084,3.55,-0.831646,2.7e-05,-0.872979,1.1e-05,4.13,-0.016
COM3,GliderFET012,2025-06-18 20:29,13.6525,33.7084,3.58,-0.434762,2.1e-05,-0.496665,5e-05,40.43,0.047
COM4,GliderFET004,2025-06-18 20:29,13.6525,33.7084,3.55,-0.831616,2.5e-05,-0.872965,1.1e-05,2.8,-0.03
COM3,GliderFET012,2025-06-18 20:30,13.6537,33.7085,3.58,-0.434795,2.7e-05,-0.496661,4.8e-05,44.97,0.094
COM4,GliderFET004,2025-06-18 20:30,13.6537,33.7085,3.55,-0.831622,3e-05,-0.872979,8e-06,1.63,-0.033
COM3,GliderFET012,2025-06-18 20:31,13.653,33.7086,3.58,-0.434815,2.4e-05,-0.496601,4.1e-05,44.5,0.157
COM4,GliderFET004,2025-06-18 20:31,13.653,33.7086,3.55,-0.831572,1.9e-05,-0.87293,1.1e-05,-0.8,-0.031
COM3,GliderFET012,2025-06-18 20:32,13.654,33.7084,3.58,-0.434803,2.5e-05,-0.49669,4.9e-05,41.19,0.091
COM4,GliderFET004,2025-06-18 20:32,13.654,33.7084,3.55,-0.831606,2.3e-05,-0.872971,8e-06,2.25,-0.022
COM3,GliderFET012,2025-06-18 20:33,13.6548,33.7087,3.58,-0.434808,2.3e-05,-0.496658,5e-05,41.5,0.144
COM4,GliderFET004,2025-06-18 20:33,13.6548,33.7087,3.55,-0.83161,2.2e-05,-0.872965,1e-05,3.65,-0.029
COM3,GliderFET012,2025-06-18 20:34,13.6532,33.7086,3.58,-0.434822,1.3e-05,-0.496669,3.4e-05,45.28,0.183
COM4,GliderFET004,2025-06-18 20:34,13.6532,33.7086,3.55,-0.831569,2.4e-05,-0.872944,1e-05,-2.57,-0.027
COM3,GliderFET012,2025-06-18 20:35,13.6533,33.7089,3.58,-0.434805,1.9e-05,-0.496622,3.7e-05,41.41,0.063
COM4,GliderFET004,2025-06-18 20:35,13.6533,33.7089,3.55,-0.831627,2.7e-05,-0.872987,1e-05,0.13,-0.015
COM3,GliderFET012,2025-06-18 20:36,13.6556,33.7085,3.58,-0.434798,1.9e-05,-0.496602,1.1e-05,44.11,0.126
COM4,GliderFET004,2025-06-18 20:36,13.6556,33.7085,3.55,-0.831598,2.7e-05,-0.872972,7e-06,3.34,-0.023
COM3,GliderFET012,2025-06-18 20:37,13.6559,33.7085,3.58,-0.434821,2.1e-05,-0.496595,2.9e-05,43.95,0.065
COM4,GliderFET004,2025-06-18 20:37,13.6559,33.7085,3.55,-0.83161,2.4e-05,-0.872967,1.3e-05,1.69,-0.011
COM3,GliderFET012,2025-06-18 20:38,13.6554,33.7085,3.58,-0.434812,2.5e-05,-0.496581,3.6e-05,43.82,0.115
COM4,GliderFET004,2025-06-18 20:38,13.6554,33.7085,3.55,-0.831599,2.6e-05,-0.872967,8e-06,0.46,-0.02
COM3,GliderFET012,2025-06-18 20:39,13.6559,33.7085,3.58,-0.434852,2.3e-05,-0.496589,6e-05,41.59,0.009
COM4,GliderFET004,2025-06-18 20:39,13.6559,33.7085,3.55,-0.831685,3e-05,-0.873038,1e-05,1.2,-0.027
COM3,GliderFET012,2025-06-18 20:40,13.6565,33.7086,3.58,-0.434779,2.1e-05,-0.496555,6.1e-05,43.15,0.132
COM4,GliderFET004,2025-06-18 20:40,13.6565,33.7086,3.55,-0.831662,2.3e-05,-0.873037,1.7e-05,-0.62,-0.021
COM3,GliderFET012,2025-06-18 20:41,13.6564,33.7086,3.58,-0.434794,4e-05,-0.496496,4.5e-05,41.46,0.036
COM4,GliderFET004,2025-06-18 20:41,13.6564,33.7086,3.55,-0.831618,2.9e-05,-0.873005,1.3e-05,0.34,-0.017
COM3,GliderFET012,2025-06-18 20:42,13.6572,33.7089,3.58,-0.43481,2.1e-05,-0.496516,5.1e-05,43.34,0.056
COM4,GliderFET004,2025-06-18 20:42,13.6572,33.7089,3.55,-0.831643,2.9e-05,-0.873031,1.6e-05,1.79,-0.023
COM3,GliderFET012,2025-06-18 20:43,13.6573,33.7088,3.58,-0.434836,3.1e-05,-0.496517,4.9e-05,41.32,0.151
COM4,GliderFET004,2025-06-18 20:43,13.6573,33.7088,3.55,-0.83163,1.4e-05,-0.873006,1e-05,-0.08,-0.025
COM3,GliderFET012,2025-06-18 20:44,13.6578,33.7089,3.58,-0.434786,2e-05,-0.496462,6.2e-05,42.46,0.015
COM4,GliderFET004,2025-06-18 20:44,13.6578,33.7089,3.55,-0.831575,2.7e-05,-0.872964,1.1e-05,2.8,-0.021
COM3,GliderFET012,2025-06-18 20:45,13.6606,33.709,3.58,-0.434773,2.6e-05,-0.496419,5.7e-05,43.98,0.085
COM4,GliderFET004,2025-06-18 20:45,13.6606,33.709,3.55,-0.831611,2.5e-05,-0.872973,3e-06,1.46,-0.032
COM3,GliderFET012,2025-06-18 20:46,13.6606,33.7088,3.58,-0.434806,3.1e-05,-0.496456,4.7e-05,43.34,0.045
COM4,GliderFET004,2025-06-18 20:46,13.6606,33.7088,3.55,-0.831594,2.4e-05,-0.872977,1.2e-05,4.12,-0.021
COM3,GliderFET012,2025-06-18 20:47,13.6605,33.7085,3.58,-0.434753,2.7e-05,-0.496374,7.7e-05,43.12,0.137
COM4,GliderFET004,2025-06-18 20:47,13.6605,33.7085,3.55,-0.831636,1.8e-05,-0.873034,7e-06,2.21,-0.024
COM3,GliderFET012,2025-06-18 20:48,13.6528,33.7085,3.58,-0.43479,3.7e-05,-0.496359,4.8e-05,44.03,0.083
COM4,GliderFET004,2025-06-18 20:48,13.6528,33.7085,3.55,-0.831608,2.4e-05,-0.873001,1.1e-05,-1.3,-0.027
COM3,GliderFET012,2025-06-18 20:49,13.6498,33.7083,3.58,-0.43477,2.5e-05,-0.496337,5.4e-05,40.67,0.117
COM4,GliderFET004,2025-06-18 20:49,13.6498,33.7083,3.55,-0.831598,2.7e-05,-0.872984,1e-05,1.71,-0.017
COM3,GliderFET012,2025-06-18 20:50,13.6389,33.7084,3.58,-0.434808,3.7e-05,-0.496409,5.8e-05,42.38,0.048
COM4,GliderFET004,2025-06-18 20:50,13.6389,33.7084,3.55,-0.83159,2.4e-05,-0.872973,1.3e-05,-0.9,-0.024
COM3,GliderFET012,2025-06-18 20:51,13.6341,33.7081,3.58,-0.434767,3.2e-05,-0.496304,2.3e-05,41.08,0.117
COM4,GliderFET004,2025-06-18 20:51,13.6341,33.7081,3.55,-0.831615,3.5e-05,-0.873002,9e-06,-0.76,-0.027
COM3,GliderFET012,2025-06-18 20:52,13.6332,33.7085,3.58,-0.434773,1.6e-05,-0.496243,3.7e-05,45.12,0.045
COM4,GliderFET004,2025-06-18 20:52,13.6332,33.7085,3.55,-0.831586,2.9e-05,-0.872997,8e-06,1.68,-0.027
COM3,GliderFET012,2025-06-18 20:53,13.6424,33.7084,3.58,-0.434792,1.9e-05,-0.496304,4.2e-05,41.44,0.093
COM4,GliderFET004,2025-06-18 20:53,13.6424,33.7084,3.55,-0.831539,3.1e-05,-0.87295,1e-05,1.16,-0.027
COM3,GliderFET012,2025-06-18 20:54,13.6377,33.7082,3.58,-0.434809,3.3e-05,-0.496342,4e-05,44.56,0.072
COM4,GliderFET004,2025-06-18 20:54,13.6377,33.7082,3.55,-0.831534,2.1e-05,-0.872926,1.2e-05,1.68,-0.021
COM3,GliderFET012,2025-06-18 20:55,13.6043,33.709,3.58,-0.434787,2.1e-05,-0.496281,2.2e-05,44.95,0.112
COM4,GliderFET004,2025-06-18 20:55,13.6043,33.709,3.55,-0.831556,1.8e-05,-0.872952,1.8e-05,-1.4,-0.021
COM3,GliderFET012,2025-06-18 20:56,13.5836,33.7094,3.58,-0.434784,2e-05,-0.496278,5.8e-05,43.46,-0.016
COM4,GliderFET004,2025-06-18 20:56,13.5836,33.7094,3.55,-0.831545,2.8e-05,-0.872965,2e-05,0.21,-0.023
COM3,GliderFET012,2025-06-18 20:57,13.5645,33.7104,3.58,-0.434769,1.9e-05,-0.496252,2.6e-05,45.44,0.151
COM4,GliderFET004,2025-06-18 20:57,13.5645,33.7104,3.55,-0.831556,2e-05,-0.872959,1.1e-05,-2.46,-0.026
COM3,GliderFET012,2025-06-18 20:58,13.5528,33.7104,3.58,-0.434838,2.4e-05,-0.496294,4.9e-05,41.93,0.073
COM4,GliderFET004,2025-06-18 20:58,13.5528,33.7104,3.55,-0.831543,2.3e-05,-0.872957,3e-06,-1.33,-0.027
COM3,GliderFET012,2025-06-18 20:59,13.5454,33.7109,3.58,-0.434803,2.1e-05,-0.4963,3.3e-05,43.86,0.124
COM4,GliderFET004,2025-06-18 20:59,13.5454,33.7109,3.55,-0.831524,2.6e-05,-0.87293,1.4e-05,2.72,-0.016
COM3,GliderFET012,2025-06-18 21:00,13.5327,33.7115,3.58,-0.434838,3.3e-05,-0.496268,5.3e-05,43.39,0.029
COM4,GliderFET004,2025-06-18 21:00,13.5327,33.7115,3.55,-0.831515,2.3e-05,-0.872932,7e-06,2.2,-0.032
COM3,GliderFET012,2025-06-18 21:01,13.5306,33.7115,3.58,-0.434835,3.3e-05,-0.496193,5.8e-05,41.46,0.146
COM4,GliderFET004,2025-06-18 21:01,13.5306,33.7115,3.55,-0.8315,2.8e-05,-0.872915,9e-06,-0.1,-0.015
COM3,GliderFET012,2025-06-18 21:02,13.5212,33.7122,3.58,-0.434836,2.6e-05,-0.496204,4.2e-05,43.31,0.045
COM4,GliderFET004,2025-06-18 21:02,13.5212,33.7122,3.55,-0.831527,3e-05,-0.872922,8e-06,-1.22,-0.018
COM3,GliderFET012,2025-06-18 21:03,13.5223,33.7123,3.58,-0.434836,2.7e-05,-0.496178,5.1e-05,44.04,-0.006
COM4,GliderFET004,2025-06-18 21:03,13.5223,33.7123,3.55,-0.8315,2.1e-05,-0.872889,1.2e-05,-1.66,-0.021
COM3,GliderFET012,2025-06-18 21:04,13.5301,33.7119,3.58,-0.43484,2.7e-05,-0.496116,4.1e-05,43.23,0.032
COM4,GliderFET004,2025-06-18 21:04,13.5301,33.7119,3.55,-0.83152,2.5e-05,-0.872926,9e-06,3.29,-0.022
COM3,GliderFET012,2025-06-18 21:05,13.5236,33.7123,3.58,-0.43488,2.6e-05,-0.496191,4.7e-05,40.48,0.06
COM4,GliderFET004,2025-06-18 21:05,13.5236,33.7123,3.55,-0.831508,1.7e-05,-0.872889,1.5e-05,-0.44,-0.027
COM3,GliderFET012,2025-06-18 21:06,13.5062,33.7128,3.58,-0.434899,1.8e-05,-0.496139,3.1e-05,42.12,-0.015
COM4,GliderFET004,2025-06-18 21:06,13.5062,33.7128,3.55,-0.831519,2.2e-05,-0.872891,1.3e-05,1.5,-0.021
COM3,GliderFET012,2025-06-18 21:07,13.4949,33.7129,3.58,-0.434921,1.8e-05,-0.49602,2.2e-05,44.09,0.061
COM4,GliderFET004,2025-06-18 21:07,13.4949,33.7129,3.55,-0.831553,2.2e-05,-0.872929,1.5e-05,1.45,-0.03
COM3,GliderFET012,2025-06-18 21:08,13.4833,33.7139,3.58,-0.434921,2.7e-05,-0.495971,3.8e-05,43.26,0.037
COM4,GliderFET004,2025-06-18 21:08,13.4833,33.7139,3.55,-0.831546,1.5e-05,-0.872903,8e-06,3.26,-0.013
COM3,GliderFET012,2025-06-18 21:09,13.4923,33.7135,3.58,-0.434939,1.6e-05,-0.495914,3.4e-05,42.38,0.011
COM4,GliderFET004,2025-06-18 21:09,13.4923,33.7135,3.55,-0.831577,2.3e-05,-0.872928,3e-06,1.16,-0.011
COM3,GliderFET012,2025-06-18 21:10,13.4884,33.7139,3.58,-0.434948,2.3e-05,-0.495874,4.7e-05,42.24,0.073
COM4,GliderFET004,2025-06-18 21:10,13.4884,33.7139,3.55,-0.831572,2.4e-05,-0.872916,7e-06,1.51,-0.027
COM3,GliderFET012,2025-06-18 21:11,13.4872,33.7141,3.58,-0.434998,2.4e-05,-0.495817,5.4e-05,44.94,0.078
COM4,GliderFET004,2025-06-18 21:11,13.4872,33.7141,3.55,-0.831619,2.6e-05,-0.87297,6e-06,1.92,-0.024
COM3,GliderFET012,2025-06-18 21:12,13.4835,33.7144,3.58,-0.435001,2.9e-05,-0.495687,5.8e-05,44.17,0.118
COM4,GliderFET004,2025-06-18 21:12,13.4835,33.7144,3.55,-0.831596,1.6e-05,-0.872932,1e-05,2.0,-0.026
COM3,GliderFET012,2025-06-18 21:13,13.4765,33.7151,3.58,-0.43502,3.2e-05,-0.49566,4.2e-05,44.65,0.002
COM4,GliderFET004,2025-06-18 21:13,13.4765,33.7151,3.55,-0.831548,2.1e-05,-0.872881,1.1e-05,-0.24,-0.024
COM3,GliderFET012,2025-06-18 21:14,13.4688,33.7154,3.58,-0.435045,2.7e-05,-0.495546,3.3e-05,44.45,0.103
COM4,GliderFET004,2025-06-18 21:14,13.4688,33.7154,3.55,-0.831584,2.7e-05,-0.872898,6e-06,2.15,-0.032
COM3,GliderFET012,2025-06-18 21:15,13.4673,33.7156,3.58,-0.435108,2.3e-05,-0.495595,2.2e-05,42.01,0.061
COM4,GliderFET004,2025-06-18 21:15,13.4673,33.7156,3.55,-0.831586,1.8e-05,-0.872908,8e-06,3.84,-0.014
COM3,GliderFET012,2025-06-18 21:16,13.4557,33.7158,3.58,-0.435128,2.6e-05,-0.495426,4.2e-05,43.72,0.081
COM4,GliderFET004,2025-06-18 21:16,13.4557,33.7158,3.55,-0.83159,2.1e-05,-0.872907,9e-06,-2.72,-0.013
COM3,GliderFET012,2025-06-18 21:17,13.426,33.7182,3.58,-0.435123,2.3e-05,-0.495342,2.4e-05,45.64,0.047
COM4,GliderFET004,2025-06-18 21:17,13.426,33.7182,3.55,-0.831573,1.1e-05,-0.872891,1.2e-05,-2.65,-0.025
COM3,GliderFET012,2025-06-18 21:18,13.4162,33.7188,3.58,-0.435155,2.1e-05,-0.495332,3.5e-05,42.27,0.07
COM4,GliderFET004,2025-06-18 21:18,13.4162,33.7188,3.55,-0.831632,2.1e-05,-0.872937,1.2e-05,1.99,-0.034
COM3,GliderFET012,2025-06-18 21:19,13.4058,33.7191,3.58,-0.435143,2.3e-05,-0.495286,4.7e-05,43.67,0.073
COM4,GliderFET004,2025-06-18 21:19,13.4058,33.7191,3.55,-0.831615,1.7e-05,-0.87291,1e-05,-0.8,-0.025
COM3,GliderFET012,2025-06-18 21:20,13.3936,33.7199,3.58,-0.435173,2.2e-05,-0.495226,1.2e-05,41.83,0.092
COM4,GliderFET004,2025-06-18 21:20,13.3936,33.7199,3.55,-0.831615,3e-05,-0.872914,7e-06,3.14,-0.013
COM3,GliderFET012,2025-06-18 21:21,13.3924,33.7194,3.58,-0.435194,2.3e-05,-0.495195,4.8e-05,45.46,0.119
COM4,GliderFET004,2025-06-18 21:21,13.3924,33.7194,3.55,-0.831601,2.1e-05,-0.872889,7e-06,-1.11,-0.023
COM3,GliderFET012,2025-06-18 21:22,13.3718,33.7203,3.58,-0.435234,2.6e-05,-0.495162,2.7e-05,42.32,0.038
COM4,GliderFET004,2025-06-18 21:22,13.3718,33.7203,3.55,-0.831631,2.5e-05,-0.872892,1.2e-05,-1.68,-0.019
COM3,GliderFET012,2025-06-18 21:23,13.3643,33.7206,3.58,-0.435261,2e-05,-0.495099,4.6e-05,44.47,-0.012
COM4,GliderFET004,2025-06-18 21:23,13.3643,33.7206,3.55,-0.83165,2.6e-05,-0.87293,1.2e-05,0.76,-0.016
COM3,GliderFET012,2025-06-18 21:24,13.3543,33.7212,3.58,-0.435303,3.4e-05,-0.495083,2.8e-05,42.85,0.079
COM4,GliderFET004,2025-06-18 21:24,13.3543,33.7212,3.55,-0.831686,2.2e-05,-0.872936,7e-06,-1.81,-0.02
COM3,GliderFET012,2025-06-18 21:25,13.3557,33.7211,3.58,-0.43533,2.2e-05,-0.495067,4.3e-05,43.9,0.057
COM4,GliderFET004,2025-06-18 21:25,13.3557,33.7211,3.55,-0.831704,2e-05,-0.872949,6e-06,-1.45,-0.011
COM3,GliderFET012,2025-06-18 21:26,13.347,33.7219,3.58,-0.435336,2.4e-05,-0.495026,1.5e-05,41.31,-0.009
COM4,GliderFET004,2025-06-18 21:26,13.347,33.7219,3.55,-0.831678,3e-05,-0.872924,2e-05,-3.52,-0.022
COM3,GliderFET012,2025-06-18 21:27,13.3426,33.7221,3.58,-0.435408,2.5e-05,-0.495071,3.2e-05,42.82,0.063
COM4,GliderFET004,2025-06-18 21:27,13.3426,33.7221,3.55,-0.831692,2.9e-05,-0.872914,6e-06,-2.9,-0.025
COM3,GliderFET012,2025-06-18 21:28,13.3292,33.7228,3.58,-0.435435,3e-05,-0.494968,4.1e-05,44.55,0.066
COM4,GliderFET004,2025-06-18 21:28,13.3292,33.7228,3.55,-0.831719,3.2e-05,-0.872941,1.2e-05,-1.3,-0.033
COM3,GliderFET012,2025-06-18 21:29,13.3215,33.7229,3.58,-0.43546,1.7e-05,-0.495036,4.5e-05,44.79,0.068
COM4,GliderFET004,2025-06-18 21:29,13.3215,33.7229,3.55,-0.831717,2.4e-05,-0.872923,8e-06,2.41,-0.025
COM3,GliderFET012,2025-06-18 21:30,13.3116,33.7236,3.58,-0.435524,2.8e-05,-0.495065,5.9e-05,42.3,0.031
COM4,GliderFET004,2025-06-18 21:30,13.3116,33.7236,3.55,-0.831722,2e-05,-0.87291,1.7e-05,0.78,-0.023
COM3,GliderFET012,2025-06-18 21:31,13.3121,33.7235,3.58,-0.435574,2.6e-05,-0.495124,4.8e-05,43.13,0.091
COM4,GliderFET004,2025-06-18 21:31,13.3121,33.7235,3.55,-0.831749,1.8e-05,-0.872916,1.3e-05,0.86,-0.012
COM3,GliderFET012,2025-06-18 21:32,13.3175,33.7234,3.58,-0.435644,1.9e-05,-0.495172,2.6e-05,43.47,0.113
COM4,GliderFET004,2025-06-18 21:32,13.3175,33.7234,3.55,-0.831786,2.4e-05,-0.872946,1.1e-05,3.04,-0.017
COM3,GliderFET012,2025-06-18 21:33,13.3031,33.724,3.58,-0.435731,3e-05,-0.49533,5.4e-05,42.92,0.077
COM4,GliderFET004,2025-06-18 21:33,13.3031,33.724,3.55,-0.831791,1.7e-05,-0.872956,9e-06,-0.85,-0.022
COM3,GliderFET012,2025-06-18 21:34,13.2938,33.7247,3.58,-0.435762,2.7e-05,-0.495313,1e-05,42.25,0.025
COM4,GliderFET004,2025-06-18 21:34,13.2938,33.7247,3.55,-0.831809,2e-05,-0.872949,7e-06,-0.86,-0.027
COM3,GliderFET012,2025-06-18 21:35,13.2827,33.7251,3.58,-0.435865,1.9e-05,-0.495424,4.5e-05,45.25,0.135
COM4,GliderFET004,2025-06-18 21:35,13.2827,33.7251,3.55,-0.831906,2.4e-05,-0.873043,1.3e-05,3.42,-0.031
COM3,GliderFET012,2025-06-18 21:36,13.2788,33.7252,3.58,-0.435905,1.5e-05,-0.495475,3e-05,41.86,0.122
COM4,GliderFET004,2025-06-18 21:36,13.2788,33.7252,3.55,-0.831995,3.1e-05,-0.873136,1.2e-05,0.34,-0.023
COM3,GliderFET012,2025-06-18 21:37,13.2591,33.7262,3.58,-0.435975,2.6e-05,-0.495535,2.9e-05,44.55,0.106
COM4,GliderFET004,2025-06-18 21:37,13.2591,33.7262,3.55,-0.832021,2.3e-05,-0.873144,1.9e-05,-3.32,-0.014
COM3,GliderFET012,2025-06-18 21:38,13.2451,33.7272,3.58,-0.43602,2.2e-05,-0.495596,4.9e-05,41.91,0.093
COM4,GliderFET004,2025-06-18 21:38,13.2451,33.7272,3.55,-0.832004,1.4e-05,-0.873127,1.4e-05,-2.64,-0.022
COM3,GliderFET012,2025-06-18 21:39,13.2263,33.7279,3.58,-0.436135,3e-05,-0.495722,3.7e-05,45.05,0.012
COM4,GliderFET004,2025-06-18 21:39,13.2263,33.7279,3.55,-0.832035,2.5e-05,-0.873139,1.6e-05,3.24,-0.023
COM3,GliderFET012,2025-06-18 21:40,13.2119,33.7289,3.58,-0.436153,1.8e-05,-0.495774,4.3e-05,46.31,0.076
COM4,GliderFET004,2025-06-18 21:40,13.2119,33.7289,3.55,-0.832076,2.3e-05,-0.873168,8e-06,2.46,-0.022
COM3,GliderFET012,2025-06-18 21:41,13.2343,33.7275,3.58,-0.436194,3.7e-05,-0.495713,2.2e-05,42.84,0.071
COM4,GliderFET004,2025-06-18 21:41,13.2343,33.7275,3.55,-0.832096,2.7e-05,-0.873172,1.2e-05,-0.31,-0.018
COM3,GliderFET012,2025-06-18 21:42,13.2351,33.7277,3.58,-0.43624,1.7e-05,-0.495788,1.3e-05,44.01,0.114
COM4,GliderFET004,2025-06-18 21:42,13.2351,33.7277,3.55,-0.832129,1.9e-05,-0.873182,5e-06,5.71,-0.027
COM3,GliderFET012,2025-06-18 21:43,13.2177,33.7289,3.58,-0.436311,2.5e-05,-0.495834,2.3e-05,46.84,0.013
COM4,GliderFET004,2025-06-18 21:43,13.2177,33.7289,3.55,-0.8321,2.6e-05,-0.873153,1e-05,0.54,-0.016
COM3,GliderFET012,2025-06-18 21:44,13.2035,33.7294,3.58,-0.436317,1.8e-05,-0.495812,3.9e-05,42.35,0.14
COM4,GliderFET004,2025-06-18 21:44,13.2035,33.7294,3.55,-0.832161,2.3e-05,-0.873199,1.5e-05,-1.89,-0.026
COM3,GliderFET012,2025-06-18 21:45,13.1901,33.7305,3.58,-0.436332,2.4e-05,-0.495845,4.6e-05,40.93,0.076
COM4,GliderFET004,2025-06-18 21:45,13.1901,33.7305,3.55,-0.832149,2.6e-05,-0.873186,1.5e-05,1.77,-0.021
COM3,GliderFET012,2025-06-18 21:46,13.1892,33.7299,3.58,-0.436426,3e-05,-0.495906,1.9e-05,41.68,0.065
COM4,GliderFET004,2025-06-18 21:46,13.1892,33.7299,3.55,-0.832169,2.8e-05,-0.873183,9e-06,-0.26,-0.016
COM3,GliderFET012,2025-06-18 21:47,13.1735,33.7311,3.58,-0.436399,2.9e-05,-0.495869,3.3e-05,42.71,0.094
COM4,GliderFET004,2025-06-18 21:47,13.1735,33.7311,3.55,-0.832204,2.9e-05,-0.873202,1.4e-05,1.45,-0.016
COM3,GliderFET012,2025-06-18 21:48,13.1708,33.7313,3.58,-0.436445,2.9e-05,-0.495943,4.5e-05,42.9,0.093
COM4,GliderFET004,2025-06-18 21:48,13.1708,33.7313,3.55,-0.832255,2.8e-05,-0.873255,1.4e-05,0.42,-0.023
COM3,GliderFET012,2025-06-18 21:49,13.1624,33.7319,3.58,-0.436523,1.7e-05,-0.495972,4e-05,42.33,0.095
COM4,GliderFET004,2025-06-18 21:49,13.1624,33.7319,3.55,-0.832257,2.1e-05,-0.873245,1.1e-05,0.1,-0.022
COM3,GliderFET012,2025-06-18 21:51,13.1389,33.7335,3.58,-0.436613,2.5e-05,-0.496066,3.6e-05,45.36,0.019
COM4,GliderFET004,2025-06-18 21:51,13.1389,33.7335,3.55,-0.832588,3.2e-05,-0.873537,7e-06,-2.54,-0.017
COM3,GliderFET012,2025-06-18 21:52,13.15,33.7327,3.58,-0.436702,2.7e-05,-0.496098,1.3e-05,45.51,0.013
COM4,GliderFET004,2025-06-18 21:52,13.15,33.7327,3.55,-0.832436,2.4e-05,-0.873403,1e-05,-0.73,-0.03
COM3,GliderFET012,2025-06-18 21:53,13.1519,33.7327,3.58,-0.436723,2.9e-05,-0.496124,6.3e-05,42.87,0.091
COM4,GliderFET004,2025-06-18 21:53,13.1519,33.7327,3.55,-0.8324,2e-05,-0.873368,1.2e-05,4.48,-0.019
COM3,GliderFET012,2025-06-18 21:54,13.1385,33.7338,3.58,-0.436757,2e-05,-0.496186,4.5e-05,44.03,0.092
COM4,GliderFET004,2025-06-18 21:54,13.1385,33.7338,3.55,-0.832391,2.1e-05,-0.873361,1.4e-05,1.56,-0.018
COM3,GliderFET012,2025-06-18 21:55,13.1641,33.7322,3.58,-0.436812,3.4e-05,-0.496173,3e-05,44.63,0.027
COM4,GliderFET004,2025-06-18 21:55,13.1641,33.7322,3.55,-0.832425,2e-05,-0.873365,1e-05,-0.39,-0.026
COM3,GliderFET012,2025-06-18 21:56,13.1658,33.7319,3.58,-0.43685,1.7e-05,-0.4962,5.8e-05,46.71,0.09
COM4,GliderFET004,2025-06-18 21:56,13.1658,33.7319,3.55,-0.832438,1.8e-05,-0.873352,1e-05,0.18,-0.019
COM3,GliderFET012,2025-06-18 21:57,13.1128,33.7356,3.58,-0.436928,1.7e-05,-0.496267,6.3e-05,43.33,0.129
COM4,GliderFET004,2025-06-18 21:57,13.1128,33.7356,3.55,-0.832483,2e-05,-0.873393,1.1e-05,1.16,-0.028
COM3,GliderFET012,2025-06-18 21:58,13.109,33.7354,3.58,-0.436922,1.7e-05,-0.496257,3.7e-05,41.72,0.057
COM4,GliderFET004,2025-06-18 21:58,13.109,33.7354,3.55,-0.832527,2.8e-05,-0.873424,7e-06,2.91,-0.023
COM3,GliderFET012,2025-06-18 21:59,13.1046,33.7353,3.58,-0.436955,2e-05,-0.496282,3.5e-05,43.03,0.039
COM4,GliderFET004,2025-06-18 21:59,13.1046,33.7353,3.55,-0.832575,2.1e-05,-0.873471,1.2e-05,-1.5,-0.023
COM3,GliderFET012,2025-06-18 22:01,13.1404,33.7331,3.58,-0.437049,2.4e-05,-0.496391,3.4e-05,42.51,0.075
COM4,GliderFET004,2025-06-18 22:01,13.1404,33.7331,3.55,-0.832623,2.3e-05,-0.873485,8e-06,0.67,-0.018
COM3,GliderFET012,2025-06-18 22:02,13.1531,33.7329,3.58,-0.437037,1.9e-05,-0.496283,2.8e-05,42.02,0.083
COM4,GliderFET004,2025-06-18 22:02,13.1531,33.7329,3.55,-0.832635,2.6e-05,-0.873499,6e-06,3.04,-0.021
COM3,GliderFET012,2025-06-18 22:04,13.1744,33.7316,3.58,-0.43707,1.5e-05,-0.496311,4.3e-05,40.71,0.08
COM4,GliderFET004,2025-06-18 22:04,13.1744,33.7316,3.55,-0.832683,2.9e-05,-0.873514,1.4e-05,-2.34,-0.029
COM3,GliderFET012,2025-06-18 22:05,13.1808,33.7315,3.58,-0.437118,2.8e-05,-0.496325,6.5e-05,43.34,0.07
COM4,GliderFET004,2025-06-18 22:05,13.1808,33.7315,3.55,-0.832704,2.8e-05,-0.873539,1.5e-05,0.26,-0.023
COM3,GliderFET012,2025-06-18 22:06,13.1883,33.7309,3.58,-0.437093,1.1e-05,-0.496288,1.8e-05,42.06,0.061
COM4,GliderFET004,2025-06-18 22:06,13.1883,33.7309,3.55,-0.832709,2.6e-05,-0.873574,2.3e-05,-0.75,-0.019
COM3,GliderFET012,2025-06-18 22:07,13.1888,33.7311,3.58,-0.437125,2.1e-05,-0.496251,4e-05,42.37,0.067
COM4,GliderFET004,2025-06-18 22:07,13.1888,33.7311,3.55,-0.83272,1.5e-05,-0.873553,7e-06,2.65,-0.021
COM3,GliderFET012,2025-06-18 22:08,13.1921,33.7311,3.58,-0.437136,3.4e-05,-0.496269,3.9e-05,41.78,0.139
COM4,GliderFET004,2025-06-18 22:08,13.1921,33.7311,3.55,-0.832741,3e-05,-0.873573,7e-06,-1.58,-0.021
COM3,GliderFET012,2025-06-18 22:09,13.1928,33.7314,3.58,-0.43713,1.9e-05,-0.496258,5.4e-05,44.51,0.078
COM4,GliderFET004,2025-06-18 22:09,13.1928,33.7314,3.55,-0.832775,2.6e-05,-0.873607,1.1e-05,2.82,-0.021
COM3,GliderFET012,2025-06-18 22:10,13.1927,33.7313,3.58,-0.437099,2.2e-05,-0.49622,1.3e-05,43.82,0.104
COM4,GliderFET004,2025-06-18 22:10,13.1927,33.7313,3.55,-0.832756,2.3e-05,-0.873576,1e-05,2.43,-0.02
COM3,GliderFET012,2025-06-18 22:11,13.1924,33.7313,3.58,-0.437108,2.5e-05,-0.496238,3.3e-05,41.26,0.058
COM4,GliderFET004,2025-06-18 22:11,13.1924,33.7313,3.55,-0.832816,1.6e-05,-0.873628,8e-06,-1.86,-0.019
COM3,GliderFET012,2025-06-18 22:12,13.1935,33.7311,3.58,-0.43709,1.7e-05,-0.49625,3.8e-05,41.7,0.123
COM4,GliderFET004,2025-06-18 22:12,13.1935,33.7311,3.54,-0.832822,2.3e-05,-0.873642,9e-06,-2.62,-0.017
COM3,GliderFET012,2025-06-18 22:13,13.1932,33.7312,3.58,-0.437094,1.4e-05,-0.496265,3.4e-05,41.28,0.117
COM4,GliderFET004,2025-06-18 22:13,13.1932,33.7312,3.54,-0.832789,2.7e-05,-0.873614,1.5e-05,2.46,-0.022
COM3,GliderFET012,2025-06-18 22:14,13.1918,33.7315,3.58,-0.437086,2.2e-05,-0.496297,3.6e-05,43.68,0.001
COM4,GliderFET004,2025-06-18 22:14,13.1918,33.7315,3.54,-0.832815,2.5e-05,-0.873652,1.3e-05,-0.46,-0.025
COM3,GliderFET012,2025-06-18 22:15,13.1935,33.7309,3.58,-0.437044,2e-05,-0.496236,3.1e-05,43.46,0.073
COM4,GliderFET004,2025-06-18 22:15,13.1935,33.7309,3.54,-0.832839,4e-05,-0.873675,1.3e-05,-1.68,-0.017
COM3,GliderFET012,2025-06-18 22:16,13.1931,33.7311,3.58,-0.437059,3.1e-05,-0.496316,2.3e-05,44.63,0.021
COM4,GliderFET004,2025-06-18 22:16,13.1931,33.7311,3.54,-0.832865,1.7e-05,-0.873711,1.2e-05,-1.94,-0.024
COM3,GliderFET012,2025-06-18 22:17,13.1948,33.7313,3.58,-0.437023,2.1e-05,-0.496296,2.3e-05,41.83,0.085
COM4,GliderFET004,2025-06-18 22:17,13.1948,33.7313,3.54,-0.83282,4.4e-05,-0.873664,1.7e-05,3.04,-0.021
COM3,GliderFET012,2025-06-18 22:18,13.1988,33.731,3.58,-0.436996,2.8e-05,-0.4963,5.1e-05,45.15,0.078
COM4,GliderFET004,2025-06-18 22:18,13.1988,33.731,3.54,-0.832849,3.2e-05,-0.873694,1.5e-05,3.68,-0.016
COM3,GliderFET012,2025-06-18 22:19,13.2008,33.7311,3.58,-0.43701,2e-05,-0.496358,3.4e-05,45.2,0.024
COM4,GliderFET004,2025-06-18 22:19,13.2008,33.7311,3.54,-0.832864,3.2e-05,-0.873715,9e-06,0.07,-0.017
COM3,GliderFET012,2025-06-18 22:20,13.2034,33.7309,3.58,-0.437006,2.4e-05,-0.496321,3.9e-05,44.25,0.083
COM4,GliderFET004,2025-06-18 22:20,13.2034,33.7309,3.54,-0.832862,2.9e-05,-0.873713,1.6e-05,-3.35,-0.022
COM3,GliderFET012,2025-06-18 22:21,13.2043,33.731,3.58,-0.436942,2.1e-05,-0.496304,2.5e-05,45.48,0.102
COM4,GliderFET004,2025-06-18 22:21,13.2043,33.731,3.54,-0.832859,2.8e-05,-0.873706,1.5e-05,-2.18,-0.019
COM3,GliderFET012,2025-06-18 22:22,13.2024,33.731,3.58,-0.436946,1.8e-05,-0.496345,5.6e-05,44.78,0.009
COM4,GliderFET004,2025-06-18 22:22,13.2024,33.731,3.54,-0.832813,3.3e-05,-0.873693,1.5e-05,-0.81,-0.022
COM3,GliderFET012,2025-06-18 22:23,13.2001,33.7312,3.58,-0.436922,2.5e-05,-0.496292,5.9e-05,42.66,0.096
COM4,GliderFET004,2025-06-18 22:23,13.2001,33.7312,3.54,-0.832835,2.4e-05,-0.873727,9e-06,-0.7,-0.017
COM3,GliderFET012,2025-06-18 22:24,13.1996,33.7313,3.58,-0.436904,1.7e-05,-0.496348,3.6e-05,45.46,0.047
COM4,GliderFET004,2025-06-18 22:24,13.1996,33.7313,3.54,-0.832828,2.2e-05,-0.873685,9e-06,4.0,-0.02
COM3,GliderFET012,2025-06-18 22:25,13.1964,33.7313,3.58,-0.436874,2e-05,-0.496349,3.8e-05,46.83,0.071
COM4,GliderFET004,2025-06-18 22:25,13.1964,33.7313,3.54,-0.832926,3e-05,-0.8738,9e-06,1.06,-0.02
COM3,GliderFET012,2025-06-18 22:26,13.1945,33.7315,3.58,-0.436851,2e-05,-0.496312,6.6e-05,42.06,0.016
COM4,GliderFET004,2025-06-18 22:26,13.1945,33.7315,3.54,-0.833228,2.6e-05,-0.874113,1.3e-05,3.58,-0.015
COM3,GliderFET012,2025-06-18 22:27,13.1957,33.7311,3.58,-0.436897,2.2e-05,-0.496375,3.6e-05,42.5,-0.012
COM4,GliderFET004,2025-06-18 22:27,13.1957,33.7311,3.54,-0.833054,2.2e-05,-0.873934,9e-06,-2.13,-0.03
COM3,GliderFET012,2025-06-18 22:28,13.1964,33.7313,3.58,-0.43687,3.4e-05,-0.496313,3.5e-05,41.99,0.039
COM4,GliderFET004,2025-06-18 22:28,13.1964,33.7313,3.54,-0.833053,2.9e-05,-0.873927,7e-06,1.37,-0.027
COM3,GliderFET012,2025-06-18 22:29,13.1957,33.7315,3.58,-0.436815,2.4e-05,-0.496336,6.5e-05,45.21,0.074
COM4,GliderFET004,2025-06-18 22:29,13.1957,33.7315,3.54,-0.832994,2.7e-05,-0.873873,1e-05,2.26,-0.019
COM3,GliderFET012,2025-06-18 22:30,13.1957,33.7315,3.58,-0.436846,2.7e-05,-0.496369,5.6e-05,42.5,0.1
COM4,GliderFET004,2025-06-18 22:30,13.1957,33.7315,3.54,-0.832995,2.4e-05,-0.873868,5e-06,1.63,-0.022
COM3,GliderFET012,2025-06-18 22:31,13.1952,33.7316,3.58,-0.436851,2.3e-05,-0.496349,4.3e-05,42.79,0.056
COM4,GliderFET004,2025-06-18 22:31,13.1952,33.7316,3.54,-0.83298,2.5e-05,-0.873872,1.5e-05,0.68,-0.024
COM3,GliderFET012,2025-06-18 22:32,13.1958,33.7316,3.58,-0.436826,3.4e-05,-0.496332,3.3e-05,41.7,0.131
COM4,GliderFET004,2025-06-18 22:32,13.1958,33.7316,3.54,-0.832957,1.9e-05,-0.873855,1.3e-05,-0.47,-0.012
COM3,GliderFET012,2025-06-18 22:34,13.2183,33.7305,3.58,-0.436864,2e-05,-0.496356,4e-05,41.16,-0.038
COM4,GliderFET004,2025-06-18 22:34,13.2183,33.7305,3.54,-0.832995,2.1e-05,-0.873879,1.5e-05,-1.33,-0.022
COM3,GliderFET012,2025-06-18 22:35,13.2262,33.7298,3.58,-0.43681,1.7e-05,-0.496367,3e-05,43.88,0.016
COM4,GliderFET004,2025-06-18 22:35,13.2262,33.7298,3.54,-0.832957,2.4e-05,-0.87384,8e-06,0.72,-0.022
COM3,GliderFET012,2025-06-18 22:36,13.2123,33.7308,3.58,-0.436796,2.8e-05,-0.496326,4.8e-05,41.55,0.099
COM4,GliderFET004,2025-06-18 22:36,13.2123,33.7308,3.54,-0.832942,2.8e-05,-0.873827,8e-06,-3.47,-0.019
COM3,GliderFET012,2025-06-18 22:37,13.211,33.7312,3.58,-0.436801,1.7e-05,-0.49634,2.9e-05,43.98,0.141
COM4,GliderFET004,2025-06-18 22:37,13.211,33.7312,3.54,-0.832932,2e-05,-0.873828,1.2e-05,1.46,-0.012
COM3,GliderFET012,2025-06-18 22:38,13.2305,33.7299,3.58,-0.436776,2.8e-05,-0.49628,2.2e-05,43.62,0.12
COM4,GliderFET004,2025-06-18 22:38,13.2305,33.7299,3.54,-0.832958,2.2e-05,-0.873845,1e-05,-0.68,-0.02
COM3,GliderFET012,2025-06-18 22:39,13.2303,33.7301,3.58,-0.436814,1.7e-05,-0.496355,2e-05,42.46,0.103
COM4,GliderFET004,2025-06-18 22:39,13.2303,33.7301,3.54,-0.832916,2.8e-05,-0.873801,4e-06,-1.74,-0.014
COM3,GliderFET012,2025-06-18 22:40,13.2258,33.7302,3.58,-0.436774,2.1e-05,-0.496318,4e-05,42.32,0.102
COM4,GliderFET004,2025-06-18 22:40,13.2258,33.7302,3.54,-0.832931,3.1e-05,-0.873838,9e-06,1.4,-0.024
COM3,GliderFET012,2025-06-18 22:41,13.2202,33.7307,3.58,-0.436796,1.8e-05,-0.496329,1.5e-05,44.16,0.063
COM4,GliderFET004,2025-06-18 22:41,13.2202,33.7307,3.54,-0.832952,3e-05,-0.873829,2.4e-05,3.87,-0.026
COM3,GliderFET012,2025-06-18 22:42,13.2317,33.7302,3.58,-0.436753,1.6e-05,-0.496284,1.8e-05,46.91,0.07
COM4,GliderFET004,2025-06-18 22:42,13.2317,33.7302,3.54,-0.832943,2.1e-05,-0.873862,1.3e-05,-1.29,-0.017
COM3,GliderFET012,2025-06-18 22:43,13.2394,33.7296,3.58,-0.436788,2.4e-05,-0.496389,3.5e-05,45.12,0.048
COM4,GliderFET004,2025-06-18 22:43,13.2394,33.7296,3.54,-0.832956,2.6e-05,-0.873853,1e-05,-4.0,-0.03
COM3,GliderFET012,2025-06-18 22:44,13.2266,33.7303,3.58,-0.436788,2.5e-05,-0.496421,5.2e-05,44.03,0.061
COM4,GliderFET004,2025-06-18 22:44,13.2266,33.7303,3.54,-0.832936,1.3e-05,-0.873825,1.8e-05,1.99,-0.017
COM3,GliderFET012,2025-06-18 22:45,13.273,33.728,3.58,-0.436819,2.3e-05,-0.496363,3.4e-05,41.8,0.173
COM4,GliderFET004,2025-06-18 22:45,13.273,33.728,3.54,-0.832974,1.8e-05,-0.873875,1.1e-05,-0.91,-0.023
COM3,GliderFET012,2025-06-18 22:46,13.2789,33.7279,3.58,-0.436777,1.9e-05,-0.496385,1.8e-05,43.13,0.003
COM4,GliderFET004,2025-06-18 22:46,13.2789,33.7279,3.54,-0.832944,2.8e-05,-0.873829,1.3e-05,-0.2,-0.022
COM3,GliderFET012,2025-06-18 22:47,13.2796,33.7283,3.58,-0.436754,1.9e-05,-0.496364,3.7e-05,44.11,0.014
COM4,GliderFET004,2025-06-18 22:47,13.2796,33.7283,3.54,-0.832986,2.5e-05,-0.873887,1.2e-05,1.79,-0.023
COM3,GliderFET012,2025-06-18 22:48,13.2922,33.728,3.58,-0.436751,1.9e-05,-0.496379,4e-05,43.03,0.027
COM4,GliderFET004,2025-06-18 22:48,13.2922,33.728,3.54,-0.832958,2.1e-05,-0.873866,4e-06,-2.36,-0.021
COM3,GliderFET012,2025-06-18 22:49,13.2995,33.7274,3.58,-0.436749,2.3e-05,-0.496345,1.3e-05,42.01,-0.002
COM4,GliderFET004,2025-06-18 22:49,13.2995,33.7274,3.54,-0.832974,2.6e-05,-0.873889,1e-05,0.47,-0.014
COM3,GliderFET012,2025-06-18 22:50,13.2993,33.7277,3.58,-0.436713,1.6e-05,-0.496346,1.9e-05,42.69,0.058
COM4,GliderFET004,2025-06-18 22:50,13.2993,33.7277,3.54,-0.832951,1.9e-05,-0.873874,9e-06,-0.39,-0.023
COM3,GliderFET012,2025-06-18 22:51,13.3028,33.7274,3.58,-0.436708,1.9e-05,-0.496387,2.6e-05,43.39,0.027
COM4,GliderFET004,2025-06-18 22:51,13.3028,33.7274,3.54,-0.832986,2.5e-05,-0.873911,6e-06,2.57,-0.014
COM3,GliderFET012,2025-06-18 22:52,13.3109,33.7273,3.58,-0.43673,1.8e-05,-0.496411,1.6e-05,43.59,0.143
COM4,GliderFET004,2025-06-18 22:52,13.3109,33.7273,3.54,-0.832971,2.2e-05,-0.873922,1.1e-05,1.99,-0.022
COM3,GliderFET012,2025-06-18 22:53,13.3153,33.727,3.58,-0.436731,2.1e-05,-0.496403,3.2e-05,42.9,0.095
COM4,GliderFET004,2025-06-18 22:53,13.3153,33.727,3.54,-0.832941,2.2e-05,-0.873906,1.2e-05,1.66,-0.015
COM3,GliderFET012,2025-06-18 22:54,13.3151,33.727,3.58,-0.436733,3e-05,-0.496434,3.6e-05,42.81,0.028
COM4,GliderFET004,2025-06-18 22:54,13.3151,33.727,3.54,-0.832992,3.6e-05,-0.873956,1.2e-05,-0.37,-0.018
COM3,GliderFET012,2025-06-18 22:55,13.3168,33.7271,3.58,-0.436692,2.5e-05,-0.496436,4e-05,43.83,0.135
COM4,GliderFET004,2025-06-18 22:55,13.3168,33.7271,3.54,-0.832962,3.2e-05,-0.873927,3e-06,-2.9,-0.02
COM3,GliderFET012,2025-06-18 22:56,13.318,33.7267,3.58,-0.436619,2.8e-05,-0.496425,3.4e-05,41.96,0.11
COM4,GliderFET004,2025-06-18 22:56,13.318,33.7267,3.54,-0.832972,3.7e-05,-0.873954,1.7e-05,2.96,-0.021
COM3,GliderFET012,2025-06-18 22:57,13.3165,33.7271,3.58,-0.436604,3.4e-05,-0.496408,6.6e-05,43.72,0.084
COM4,GliderFET004,2025-06-18 22:57,13.3165,33.7271,3.54,-0.832925,2.7e-05,-0.873903,1e-05,1.17,-0.021
COM3,GliderFET012,2025-06-18 22:58,13.3174,33.7271,3.58,-0.436579,2.2e-05,-0.496424,3.1e-05,44.55,0.11
COM4,GliderFET004,2025-06-18 22:58,13.3174,33.7271,3.54,-0.832963,2.9e-05,-0.87395,9e-06,2.38,-0.02
COM3,GliderFET012,2025-06-18 22:59,13.3171,33.7272,3.58,-0.436617,2.4e-05,-0.49643,4.7e-05,41.89,0.024
COM4,GliderFET004,2025-06-18 22:59,13.3171,33.7272,3.54,-0.832902,2.3e-05,-0.873898,8e-06,0.11,-0.024
COM3,GliderFET012,2025-06-18 23:00,13.3143,33.7272,3.58,-0.43662,4.7e-05,-0.49652,4.8e-05,45.72,0.024
COM4,GliderFET004,2025-06-18 23:00,13.3143,33.7272,3.54,-0.832968,2.5e-05,-0.873962,1.4e-05,3.58,-0.024
COM3,GliderFET012,2025-06-18 23:01,13.3123,33.7272,3.58,-0.436604,2.7e-05,-0.496482,5.8e-05,45.1,0.039
COM4,GliderFET004,2025-06-18 23:01,13.3123,33.7272,3.54,-0.83289,3.4e-05,-0.873906,2e-05,2.15,-0.013
COM3,GliderFET012,2025-06-18 23:02,13.3126,33.7271,3.58,-0.436583,3e-05,-0.496455,4.6e-05,45.75,0.072
COM4,GliderFET004,2025-06-18 23:02,13.3126,33.7271,3.54,-0.832856,2.8e-05,-0.873873,1.2e-05,-4.18,-0.019
COM3,GliderFET012,2025-06-18 23:03,13.3136,33.7272,3.58,-0.436561,1.5e-05,-0.496434,5.2e-05,42.55,0.056
COM4,GliderFET004,2025-06-18 23:03,13.3136,33.7272,3.54,-0.832877,2.8e-05,-0.87389,8e-06,0.31,-0.023
COM3,GliderFET012,2025-06-18 23:04,13.312,33.7269,3.58,-0.436549,2.4e-05,-0.496418,4.3e-05,45.15,0.125
COM4,GliderFET004,2025-06-18 23:04,13.312,33.7269,3.54,-0.832856,2.9e-05,-0.873889,1e-05,-1.09,-0.019
COM3,GliderFET012,2025-06-18 23:05,13.3117,33.7269,3.58,-0.436532,2.1e-05,-0.496481,3.3e-05,46.84,-0.001
COM4,GliderFET004,2025-06-18 23:05,13.3117,33.7269,3.54,-0.832867,3.4e-05,-0.873908,1.1e-05,1.22,-0.021
COM3,GliderFET012,2025-06-18 23:06,13.3109,33.7271,3.58,-0.436508,2.5e-05,-0.496461,1e-05,44.51,0.086
COM4,GliderFET004,2025-06-18 23:06,13.3109,33.7271,3.54,-0.832845,3.5e-05,-0.873895,1.3e-05,1.22,-0.017
COM3,GliderFET012,2025-06-18 23:07,13.3105,33.7271,3.58,-0.43646,2.6e-05,-0.496387,3.5e-05,43.57,0.074
COM4,GliderFET004,2025-06-18 23:07,13.3105,33.7271,3.54,-0.832798,2e-05,-0.873862,7e-06,-1.48,-0.021
COM3,GliderFET012,2025-06-18 23:08,13.3104,33.7271,3.58,-0.436481,2.1e-05,-0.496452,2.9e-05,44.53,0.051
COM4,GliderFET004,2025-06-18 23:08,13.3104,33.7271,3.54,-0.832819,2.9e-05,-0.873873,1.8e-05,2.16,-0.028
COM3,GliderFET012,2025-06-18 23:09,13.3112,33.727,3.58,-0.436478,1.3e-05,-0.496425,1.7e-05,44.71,0.099
COM4,GliderFET004,2025-06-18 23:09,13.3112,33.727,3.54,-0.832812,2.4e-05,-0.873856,1e-05,0.86,-0.02
COM3,GliderFET012,2025-06-18 23:10,13.2542,33.731,3.58,-0.436505,2.5e-05,-0.496387,5e-05,42.04,0.031
COM4,GliderFET004,2025-06-18 23:10,13.2542,33.731,3.54,-0.832778,8e-06,-0.873832,1.3e-05,-1.35,-0.027
COM3,GliderFET012,2025-06-18 23:11,13.2068,33.7342,3.58,-0.436524,2.3e-05,-0.496438,5.5e-05,42.87,0.028
COM4,GliderFET004,2025-06-18 23:11,13.2068,33.7342,3.54,-0.832817,2.2e-05,-0.873856,1e-05,-0.47,-0.019
COM3,GliderFET012,2025-06-18 23:12,13.1946,33.7344,3.58,-0.436448,2.4e-05,-0.496357,4.4e-05,41.98,0.004
COM4,GliderFET004,2025-06-18 23:12,13.1946,33.7344,3.54,-0.832779,3e-05,-0.87385,4e-06,-3.06,-0.015
COM3,GliderFET012,2025-06-18 23:13,13.1963,33.7339,3.58,-0.436461,2.8e-05,-0.496318,3.8e-05,43.07,0.079
COM4,GliderFET004,2025-06-18 23:13,13.1963,33.7339,3.54,-0.832804,2.6e-05,-0.873867,1.8e-05,3.47,-0.018
COM3,GliderFET012,2025-06-18 23:14,13.1737,33.7351,3.58,-0.436436,1.7e-05,-0.496348,3.2e-05,41.41,0.004
COM4,GliderFET004,2025-06-18 23:14,13.1737,33.7351,3.54,-0.832833,2e-05,-0.873882,9e-06,-3.63,-0.013
COM3,GliderFET012,2025-06-18 23:15,13.1502,33.7363,3.58,-0.436469,3.4e-05,-0.496316,6.5e-05,44.82,0.076
COM4,GliderFET004,2025-06-18 23:15,13.1502,33.7363,3.54,-0.83281,1.6e-05,-0.873859,4e-06,4.25,-0.019
COM3,GliderFET012,2025-06-18 23:16,13.1409,33.7367,3.58,-0.436465,3.4e-05,-0.496329,6.1e-05,45.74,0.144
COM4,GliderFET004,2025-06-18 23:16,13.1409,33.7367,3.54,-0.832824,2.3e-05,-0.873863,1.3e-05,0.62,-0.02
COM3,GliderFET012,2025-06-18 23:17,13.1508,33.7362,3.58,-0.436444,2.4e-05,-0.496245,6e-05,42.55,0.058
COM4,GliderFET004,2025-06-18 23:17,13.1508,33.7362,3.55,-0.832782,2.8e-05,-0.873846,8e-06,-0.05,-0.021
COM3,GliderFET012,2025-06-18 23:18,13.1323,33.7372,3.58,-0.436476,2.2e-05,-0.496241,5.6e-05,42.06,0.071
COM4,GliderFET004,2025-06-18 23:18,13.1323,33.7372,3.55,-0.832804,1.7e-05,-0.873849,1.1e-05,1.6,-0.016
COM3,GliderFET012,2025-06-18 23:19,13.1139,33.7382,3.58,-0.436482,2.3e-05,-0.496223,2e-05,43.36,0.181
COM4,GliderFET004,2025-06-18 23:19,13.1139,33.7382,3.55,-0.832806,1.9e-05,-0.873826,1.2e-05,3.01,-0.015
COM3,GliderFET012,2025-06-18 23:20,13.1258,33.7377,3.58,-0.436493,2e-05,-0.496152,6.7e-05,45.93,0.063
COM4,GliderFET004,2025-06-18 23:20,13.1258,33.7377,3.55,-0.832794,3e-05,-0.873774,1.1e-05,1.63,-0.024
COM3,GliderFET012,2025-06-18 23:21,13.1263,33.7374,3.58,-0.436523,1.9e-05,-0.496128,7.8e-05,39.91,0.137
COM4,GliderFET004,2025-06-18 23:21,13.1263,33.7374,3.55,-0.832766,3.1e-05,-0.873771,1.3e-05,2.44,-0.02
COM3,GliderFET012,2025-06-18 23:22,13.0948,33.7394,3.58,-0.43661,1.4e-05,-0.496108,3.7e-05,40.93,0.129
COM4,GliderFET004,2025-06-18 23:22,13.0948,33.7394,3.55,-0.832775,2.6e-05,-0.873764,8e-06,-1.17,-0.017
COM3,GliderFET012,2025-06-18 23:23,13.0787,33.7403,3.58,-0.43672,3.3e-05,-0.49619,2.2e-05,46.32,0.059
COM4,GliderFET004,2025-06-18 23:23,13.0787,33.7403,3.55,-0.832785,2.3e-05,-0.873758,1.5e-05,2.2,-0.029
COM3,GliderFET012,2025-06-18 23:24,13.0603,33.7414,3.58,-0.436722,3.1e-05,-0.496162,3.5e-05,46.04,0.086
COM4,GliderFET004,2025-06-18 23:24,13.0603,33.7414,3.54,-0.832767,1.8e-05,-0.873725,1.2e-05,0.26,-0.025
COM3,GliderFET012,2025-06-18 23:25,13.0372,33.7424,3.58,-0.436837,2e-05,-0.496194,4.5e-05,40.77,0.051
COM4,GliderFET004,2025-06-18 23:25,13.0372,33.7424,3.55,-0.832797,2.4e-05,-0.873744,1e-05,-3.45,-0.025
COM3,GliderFET012,2025-06-18 23:26,13.0369,33.7428,3.58,-0.436894,2.1e-05,-0.49622,2.5e-05,44.6,0.014
COM4,GliderFET004,2025-06-18 23:26,13.0369,33.7428,3.55,-0.832829,3e-05,-0.873755,7e-06,-1.24,-0.023
COM3,GliderFET012,2025-06-18 23:27,13.034,33.7431,3.58,-0.437033,1.9e-05,-0.496269,5.3e-05,45.13,0.026
COM4,GliderFET004,2025-06-18 23:27,13.034,33.7431,3.55,-0.832856,2e-05,-0.873769,1.4e-05,2.99,-0.018
COM3,GliderFET012,2025-06-18 23:28,13.0407,33.7427,3.58,-0.437065,2.2e-05,-0.496286,4.6e-05,43.57,0.068
COM4,GliderFET004,2025-06-18 23:28,13.0407,33.7427,3.55,-0.832834,2.6e-05,-0.873722,1.2e-05,0.16,-0.026
COM3,GliderFET012,2025-06-18 23:29,13.0239,33.7433,3.58,-0.437106,1.9e-05,-0.496221,5.9e-05,44.25,0.148
COM4,GliderFET004,2025-06-18 23:29,13.0239,33.7433,3.55,-0.832844,2.7e-05,-0.873733,1.3e-05,1.38,-0.016
COM3,GliderFET012,2025-06-18 23:30,13.0153,33.7441,3.58,-0.437172,2.1e-05,-0.496223,7.5e-05,44.37,0.088
COM4,GliderFET004,2025-06-18 23:30,13.0153,33.7441,3.54,-0.83285,2e-05,-0.873724,1.2e-05,1.04,-0.016
COM3,GliderFET012,2025-06-18 23:31,12.9914,33.7453,3.58,-0.437228,2.1e-05,-0.496268,2.9e-05,46.01,0.047
COM4,GliderFET004,2025-06-18 23:31,12.9914,33.7453,3.54,-0.832913,2.8e-05,-0.873772,1.5e-05,-2.23,-0.018
COM3,GliderFET012,2025-06-18 23:32,12.9865,33.7457,3.58,-0.437289,2.8e-05,-0.496283,5.6e-05,45.15,0.146
COM4,GliderFET004,2025-06-18 23:32,12.9865,33.7457,3.54,-0.832929,1.3e-05,-0.873794,1.3e-05,4.04,-0.023
COM3,GliderFET012,2025-06-18 23:33,12.9889,33.7453,3.58,-0.437284,2.2e-05,-0.496335,4.1e-05,42.38,-0.04
COM4,GliderFET004,2025-06-18 23:33,12.9889,33.7453,3.54,-0.832975,2.5e-05,-0.873814,2e-06,1.76,-0.015
COM3,GliderFET012,2025-06-18 23:34,12.9636,33.7467,3.58,-0.437304,2e-05,-0.496311,5.4e-05,46.65,0.099
COM4,GliderFET004,2025-06-18 23:34,12.9636,33.7467,3.54,-0.833002,2e-05,-0.873812,9e-06,3.3,-0.023
COM3,GliderFET012,2025-06-18 23:35,12.9543,33.7473,3.58,-0.437457,2.4e-05,-0.496383,6.5e-05,42.89,0.006
COM4,GliderFET004,2025-06-18 23:35,12.9543,33.7473,3.54,-0.833053,2.6e-05,-0.873848,1.5e-05,1.63,-0.018
COM3,GliderFET012,2025-06-18 23:36,12.9385,33.7481,3.58,-0.43748,2e-05,-0.496406,3.7e-05,44.56,0.075
COM4,GliderFET004,2025-06-18 23:36,12.9385,33.7481,3.54,-0.833106,2.3e-05,-0.87391,6e-06,-0.68,-0.022
COM3,GliderFET012,2025-06-18 23:37,12.9339,33.7483,3.58,-0.437521,1.7e-05,-0.496446,2.3e-05,42.32,0.046
COM4,GliderFET004,2025-06-18 23:37,12.9339,33.7483,3.54,-0.833111,2.7e-05,-0.873875,1.1e-05,-0.83,-0.019
COM3,GliderFET012,2025-06-18 23:38,12.9359,33.7481,3.58,-0.437593,1.7e-05,-0.496495,2.1e-05,43.75,0.131
COM4,GliderFET004,2025-06-18 23:38,12.9359,33.7481,3.54,-0.833102,2.3e-05,-0.873851,5e-06,-1.03,-0.02
COM3,GliderFET012,2025-06-18 23:39,12.9263,33.7489,3.58,-0.437559,1.8e-05,-0.496439,2.9e-05,44.99,0.106
COM4,GliderFET004,2025-06-18 23:39,12.9263,33.7489,3.54,-0.833162,2.2e-05,-0.873907,7e-06,-1.86,-0.021
COM3,GliderFET012,2025-06-18 23:40,12.9208,33.7486,3.58,-0.43765,2.9e-05,-0.496534,5.2e-05,42.89,0.135
COM4,GliderFET004,2025-06-18 23:40,12.9208,33.7486,3.54,-0.833132,2.4e-05,-0.873872,1.5e-05,0.94,-0.026
COM3,GliderFET012,2025-06-18 23:41,12.9144,33.7492,3.58,-0.437691,3.4e-05,-0.496484,6.1e-05,43.25,0.125
COM4,GliderFET004,2025-06-18 23:41,12.9144,33.7492,3.54,-0.833203,3.3e-05,-0.873934,1.1e-05,2.9,-0.01
COM3,GliderFET012,2025-06-18 23:42,12.9095,33.7494,3.58,-0.437742,1.6e-05,-0.496585,3e-05,45.41,0.107
COM4,GliderFET004,2025-06-18 23:42,12.9095,33.7494,3.54,-0.833208,3.5e-05,-0.873903,1e-05,3.99,-0.02
COM3,GliderFET012,2025-06-18 23:43,12.8803,33.7515,3.58,-0.43775,2e-05,-0.496608,1.7e-05,42.63,0.14
COM4,GliderFET004,2025-06-18 23:43,12.8803,33.7515,3.54,-0.833235,3.2e-05,-0.873916,1.1e-05,0.24,-0.02
COM3,GliderFET012,2025-06-18 23:44,12.8708,33.7517,3.58,-0.437825,2.2e-05,-0.49663,2.5e-05,45.9,0.056
COM4,GliderFET004,2025-06-18 23:44,12.8708,33.7517,3.54,-0.83329,2.7e-05,-0.873946,2.1e-05,2.05,-0.021
COM3,GliderFET012,2025-06-18 23:45,12.8774,33.7513,3.58,-0.437875,1.5e-05,-0.496622,1.9e-05,43.85,0.062
COM4,GliderFET004,2025-06-18 23:45,12.8774,33.7513,3.54,-0.833307,2.3e-05,-0.873961,1e-05,-1.69,-0.016
COM3,GliderFET012,2025-06-18 23:46,12.8503,33.7529,3.58,-0.437907,2.2e-05,-0.496642,3.4e-05,42.56,0.09
COM4,GliderFET004,2025-06-18 23:46,12.8503,33.7529,3.54,-0.833338,2.2e-05,-0.873962,6e-06,2.34,-0.024
COM3,GliderFET012,2025-06-18 23:47,12.8578,33.7526,3.58,-0.43793,2.4e-05,-0.496694,4.6e-05,44.09,0.07
COM4,GliderFET004,2025-06-18 23:47,12.8578,33.7526,3.54,-0.833411,1.7e-05,-0.874024,8e-06,-1.27,-0.017
COM3,GliderFET012,2025-06-18 23:48,12.833,33.7538,3.58,-0.438003,3e-05,-0.496752,2.3e-05,41.98,0.066
COM4,GliderFET004,2025-06-18 23:48,12.833,33.7538,3.54,-0.833424,2.9e-05,-0.874038,8e-06,2.93,-0.019
COM3,GliderFET012,2025-06-18 23:49,12.8494,33.7532,3.58,-0.438018,2e-05,-0.496737,1.5e-05,43.57,0.062
COM4,GliderFET004,2025-06-18 23:49,12.8494,33.7532,3.54,-0.833445,2.4e-05,-0.874058,1.4e-05,1.84,-0.016
COM3,GliderFET012,2025-06-18 23:50,12.8405,33.7538,3.58,-0.438089,1.8e-05,-0.496787,3.4e-05,43.13,0.059
COM4,GliderFET004,2025-06-18 23:50,12.8405,33.7538,3.54,-0.833505,1.4e-05,-0.874099,9e-06,-1.97,-0.022
COM3,GliderFET012,2025-06-18 23:51,12.8521,33.7531,3.58,-0.438134,1.9e-05,-0.496804,2.1e-05,43.23,0.049
COM4,GliderFET004,2025-06-18 23:51,12.8521,33.7531,3.54,-0.833519,2e-05,-0.8741,1.1e-05,-0.39,-0.017
COM3,GliderFET012,2025-06-18 23:52,12.841,33.7538,3.58,-0.438145,2.7e-05,-0.496781,2.7e-05,42.66,0.06
COM4,GliderFET004,2025-06-18 23:52,12.841,33.7538,3.54,-0.83355,3.1e-05,-0.874137,9e-06,2.21,-0.026
COM3,GliderFET012,2025-06-18 23:53,12.8284,33.7546,3.58,-0.438175,2.3e-05,-0.496784,3.6e-05,44.56,0.046
COM4,GliderFET004,2025-06-18 23:53,12.8284,33.7546,3.54,-0.833585,5.1e-05,-0.874138,9e-06,-4.2,-0.021
COM3,GliderFET012,2025-06-18 23:54,12.8069,33.7559,3.58,-0.438242,2.6e-05,-0.496855,2e-05,43.0,0.116
COM4,GliderFET004,2025-06-18 23:54,12.8069,33.7559,3.54,-0.833644,2.5e-05,-0.874186,1.1e-05,1.22,-0.021
COM3,GliderFET012,2025-06-18 23:55,12.7911,33.7568,3.58,-0.438273,1.5e-05,-0.496884,3.4e-05,43.68,0.108
COM4,GliderFET004,2025-06-18 23:55,12.7911,33.7568,3.54,-0.833685,2.8e-05,-0.874226,1e-05,-1.73,-0.021
COM3,GliderFET012,2025-06-18 23:56,12.7953,33.7564,3.58,-0.438325,2.1e-05,-0.496892,3.5e-05,42.37,0.037
COM4,GliderFET004,2025-06-18 23:56,12.7953,33.7564,3.54,-0.833712,3.6e-05,-0.874219,1.7e-05,1.81,-0.02
COM3,GliderFET012,2025-06-18 23:57,12.802,33.7559,3.58,-0.438389,1.8e-05,-0.496927,1e-05,43.78,0.093
COM4,GliderFET004,2025-06-18 23:57,12.802,33.7559,3.54,-0.833686,2.7e-05,-0.874212,1.6e-05,-0.93,-0.029
COM3,GliderFET012,2025-06-18 23:58,12.7933,33.7566,3.58,-0.43843,2.1e-05,-0.496958,2.9e-05,42.06,0.112
COM4,GliderFET004,2025-06-18 23:58,12.7933,33.7566,3.54,-0.833768,1.9e-05,-0.874263,9e-06,-0.44,-0.02
COM3,GliderFET012,2025-06-18 23:59,12.776,33.7571,3.58,-0.43843,3.2e-05,-0.496939,5.6e-05,43.91,0.036
COM4,GliderFET004,2025-06-18 23:59,12.776,33.7571,3.54,-0.833801,2.7e-05,-0.874283,2e-05,5.62,-0.018
COM3,GliderFET012,2025-06-19 00:00,12.7679,33.7619,3.58,-0.438476,4.1e-05,-0.496986,1.8e-05,43.8,0.122
COM4,GliderFET004,2025-06-19 00:00,12.7679,33.7619,3.54,-0.833799,4.8e-05,-0.874272,1.1e-05,0.23,-0.013
COM3,GliderFET012,2025-06-19 00:01,12.9374,33.7552,3.58,-0.438482,2.2e-05,-0.496976,2.6e-05,42.29,0.054
COM4,GliderFET004,2025-06-19 00:01,12.9374,33.7552,3.54,-0.83385,2.1e-05,-0.874304,8e-06,1.43,-0.011
COM3,GliderFET012,2025-06-19 00:02,12.8189,33.7589,3.58,-0.438556,1.7e-05,-0.496973,3.9e-05,44.91,0.085
COM4,GliderFET004,2025-06-19 00:02,12.8189,33.7589,3.54,-0.833911,2.2e-05,-0.874356,1.4e-05,1.32,-0.014
COM3,GliderFET012,2025-06-19 00:03,12.7967,33.7597,3.58,-0.438558,2.9e-05,-0.496975,1e-05,45.25,0.094
COM4,GliderFET004,2025-06-19 00:03,12.7967,33.7597,3.54,-0.833899,1.8e-05,-0.874343,7e-06,-0.62,-0.021
COM3,GliderFET012,2025-06-19 00:04,12.7996,33.7593,3.58,-0.438599,1.5e-05,-0.496975,2.2e-05,44.32,0.062
COM4,GliderFET004,2025-06-19 00:04,12.7996,33.7593,3.54,-0.833921,1.8e-05,-0.874368,5e-06,0.73,-0.023
COM3,GliderFET012,2025-06-19 00:05,12.7762,33.7596,3.58,-0.438601,1.9e-05,-0.496977,2e-05,43.44,0.073
COM4,GliderFET004,2025-06-19 00:05,12.7762,33.7596,3.54,-0.83394,2.2e-05,-0.874366,1.2e-05,-2.21,-0.012
COM3,GliderFET012,2025-06-19 00:06,12.7395,33.7598,3.58,-0.438606,2.4e-05,-0.496947,3.5e-05,45.33,0.046
COM4,GliderFET004,2025-06-19 00:06,12.7395,33.7598,3.54,-0.834017,2.3e-05,-0.87445,1.4e-05,-3.89,-0.02
COM3,GliderFET012,2025-06-19 00:07,12.7164,33.761,3.58,-0.438644,2e-05,-0.496972,2e-05,43.78,0.061
COM4,GliderFET004,2025-06-19 00:07,12.7164,33.761,3.54,-0.833981,2.3e-05,-0.874399,1.1e-05,3.65,-0.017
COM3,GliderFET012,2025-06-19 00:08,12.6933,33.7618,3.58,-0.438702,2.7e-05,-0.497,2.8e-05,44.22,0.089
COM4,GliderFET004,2025-06-19 00:08,12.6933,33.7618,3.54,-0.834004,2.4e-05,-0.874419,7e-06,2.98,-0.01
COM3,GliderFET012,2025-06-19 00:09,12.6889,33.762,3.58,-0.438691,2.2e-05,-0.496966,2.9e-05,41.96,0.069
COM4,GliderFET004,2025-06-19 00:09,12.6889,33.762,3.54,-0.834095,2.2e-05,-0.874496,6e-06,-0.9,-0.021
COM3,GliderFET012,2025-06-19 00:10,12.6844,33.7619,3.58,-0.438732,1.3e-05,-0.496943,4.6e-05,42.04,0.109
COM4,GliderFET004,2025-06-19 00:10,12.6844,33.7619,3.54,-0.834106,2.3e-05,-0.874502,6e-06,3.63,-0.011
COM3,GliderFET012,2025-06-19 00:11,12.683,33.7622,3.58,-0.438757,1.8e-05,-0.496974,2.5e-05,44.76,0.048
COM4,GliderFET004,2025-06-19 00:11,12.683,33.7622,3.54,-0.834106,1.6e-05,-0.874492,1.1e-05,-2.07,-0.024
COM3,GliderFET012,2025-06-19 00:12,12.67,33.763,3.58,-0.438807,1.7e-05,-0.496999,1.4e-05,44.47,0.02
COM4,GliderFET004,2025-06-19 00:12,12.67,33.763,3.54,-0.834161,2.9e-05,-0.874538,2e-05,-2.78,-0.018
COM3,GliderFET012,2025-06-19 00:13,12.6729,33.7627,3.58,-0.438862,1.2e-05,-0.496972,2.5e-05,43.02,0.054
COM4,GliderFET004,2025-06-19 00:13,12.6729,33.7627,3.54,-0.834192,1.8e-05,-0.874547,1e-05,3.81,-0.024
COM3,GliderFET012,2025-06-19 00:14,12.6725,33.7624,3.58,-0.438909,2.4e-05,-0.496991,1.9e-05,43.67,0.091
COM4,GliderFET004,2025-06-19 00:14,12.6725,33.7624,3.54,-0.834241,2.1e-05,-0.874576,1e-05,0.02,-0.015
COM3,GliderFET012,2025-06-19 00:15,12.6585,33.7632,3.58,-0.438995,1.9e-05,-0.497023,3.5e-05,43.9,0.065
COM4,GliderFET004,2025-06-19 00:15,12.6585,33.7632,3.54,-0.834315,2.6e-05,-0.874663,1.1e-05,-1.46,-0.026
COM3,GliderFET012,2025-06-19 00:16,12.6502,33.7638,3.58,-0.438999,1.1e-05,-0.497032,3.4e-05,42.22,0.072
COM4,GliderFET004,2025-06-19 00:16,12.6502,33.7638,3.54,-0.834333,2e-05,-0.874665,8e-06,0.75,-0.015
COM3,GliderFET012,2025-06-19 00:17,12.6611,33.7634,3.58,-0.439056,2.1e-05,-0.497069,3.2e-05,44.6,0.068
COM4,GliderFET004,2025-06-19 00:17,12.6611,33.7634,3.54,-0.834322,1.9e-05,-0.874642,1.2e-05,0.65,-0.021
COM3,GliderFET012,2025-06-19 00:18,12.6479,33.7641,3.58,-0.439089,1.1e-05,-0.49706,1.5e-05,44.34,0.045
COM4,GliderFET004,2025-06-19 00:18,12.6479,33.7641,3.54,-0.834348,3.1e-05,-0.874655,1.4e-05,-0.08,-0.016
COM3,GliderFET012,2025-06-19 00:19,12.6487,33.7641,3.58,-0.439166,1.8e-05,-0.497145,4.1e-05,44.16,0.004
COM4,GliderFET004,2025-06-19 00:19,12.6487,33.7641,3.54,-0.834377,2.9e-05,-0.874667,7e-06,3.71,-0.022
COM3,GliderFET012,2025-06-19 00:20,12.6524,33.7636,3.58,-0.4392,2.5e-05,-0.497139,1.8e-05,43.42,0.061
COM4,GliderFET004,2025-06-19 00:20,12.6524,33.7636,3.54,-0.834428,3.5e-05,-0.874714,7e-06,-2.64,-0.014
COM3,GliderFET012,2025-06-19 00:21,12.6347,33.7649,3.58,-0.439226,1.2e-05,-0.497156,1.5e-05,43.72,0.079
COM4,GliderFET004,2025-06-19 00:21,12.6347,33.7649,3.54,-0.834452,3.1e-05,-0.874724,1.4e-05,1.82,-0.019
COM3,GliderFET012,2025-06-19 00:22,12.6494,33.7637,3.58,-0.439289,1.8e-05,-0.497178,1.3e-05,43.2,0.083
COM4,GliderFET004,2025-06-19 00:22,12.6494,33.7637,3.54,-0.834456,2.8e-05,-0.874721,8e-06,-2.54,-0.013
COM3,GliderFET012,2025-06-19 00:23,12.6618,33.7631,3.58,-0.439285,1.3e-05,-0.49719,2.7e-05,44.35,0.094
COM4,GliderFET004,2025-06-19 00:23,12.6618,33.7631,3.54,-0.834479,3.3e-05,-0.874737,4e-06,1.53,-0.021
COM3,GliderFET012,2025-06-19 00:24,12.662,33.7631,3.58,-0.439297,1.7e-05,-0.497157,1.7e-05,42.32,0.079
COM4,GliderFET004,2025-06-19 00:24,12.662,33.7631,3.54,-0.834494,1.6e-05,-0.874717,1e-05,0.34,-0.015
COM3,GliderFET012,2025-06-19 00:25,12.6719,33.7627,3.58,-0.439331,1.8e-05,-0.4972,9e-06,44.34,0.077
COM4,GliderFET004,2025-06-19 00:25,12.6719,33.7627,3.54,-0.834529,2.6e-05,-0.874757,1.1e-05,-0.7,-0.019
COM3,GliderFET012,2025-06-19 00:26,12.6971,33.7615,3.58,-0.439371,1.6e-05,-0.497235,1.6e-05,41.89,0.08
COM4,GliderFET004,2025-06-19 00:26,12.6971,33.7615,3.54,-0.834562,1.6e-05,-0.874775,1.5e-05,-0.63,-0.021
COM3,GliderFET012,2025-06-19 00:27,12.7146,33.7604,3.58,-0.439403,1.7e-05,-0.497227,1e-05,44.84,0.086
COM4,GliderFET004,2025-06-19 00:27,12.7146,33.7604,3.54,-0.834592,2.3e-05,-0.874792,1.6e-05,3.56,-0.019
COM3,GliderFET012,2025-06-19 00:28,12.7132,33.7607,3.58,-0.439427,1.7e-05,-0.49728,1.4e-05,42.63,0.056
COM4,GliderFET004,2025-06-19 00:28,12.7132,33.7607,3.54,-0.834594,2.7e-05,-0.874817,9e-06,3.11,-0.019
COM3,GliderFET012,2025-06-19 00:29,12.704,33.7614,3.58,-0.439427,1.2e-05,-0.497271,2.1e-05,45.04,0.081
COM4,GliderFET004,2025-06-19 00:29,12.704,33.7614,3.54,-0.834642,2.5e-05,-0.874849,7e-06,0.28,-0.016
COM3,GliderFET012,2025-06-19 00:30,12.7004,33.7616,3.58,-0.439485,1.4e-05,-0.497348,1.9e-05,43.51,0.101
COM4,GliderFET004,2025-06-19 00:30,12.7004,33.7616,3.54,-0.834637,3.3e-05,-0.874845,6e-06,-2.86,-0.029
COM3,GliderFET012,2025-06-19 00:31,12.6987,33.7616,3.58,-0.439455,1.6e-05,-0.497312,3e-05,44.22,0.119
COM4,GliderFET004,2025-06-19 00:31,12.6987,33.7616,3.54,-0.834681,2.9e-05,-0.874896,8e-06,-1.84,-0.02
COM3,GliderFET012,2025-06-19 00:32,12.6975,33.7617,3.58,-0.439484,1.3e-05,-0.497375,2.5e-05,44.47,0.102
COM4,GliderFET004,2025-06-19 00:32,12.6975,33.7617,3.54,-0.834687,2.2e-05,-0.874879,5e-06,2.6,-0.022
COM3,GliderFET012,2025-06-19 00:33,12.6957,33.762,3.58,-0.439466,1.3e-05,-0.497377,2.1e-05,45.15,0.072
COM4,GliderFET004,2025-06-19 00:33,12.6957,33.762,3.54,-0.834736,2.6e-05,-0.874935,1e-05,2.15,-0.021
COM3,GliderFET012,2025-06-19 00:34,12.6946,33.7615,3.58,-0.439491,2.1e-05,-0.497427,1.8e-05,42.19,0.042
COM4,GliderFET004,2025-06-19 00:34,12.6946,33.7615,3.54,-0.834744,1.7e-05,-0.874945,6e-06,1.04,-0.015
COM3,GliderFET012,2025-06-19 00:35,12.6915,33.762,3.58,-0.439479,1.7e-05,-0.497457,2.1e-05,44.69,0.077
COM4,GliderFET004,2025-06-19 00:35,12.6915,33.762,3.54,-0.834837,2.6e-05,-0.875035,1.1e-05,-3.03,-0.019
COM3,GliderFET012,2025-06-19 00:36,12.6889,33.7623,3.58,-0.439485,1.7e-05,-0.497452,4.5e-05,44.04,0.093
COM4,GliderFET004,2025-06-19 00:36,12.6889,33.7623,3.54,-0.834836,2e-05,-0.87504,1.1e-05,4.36,-0.023
COM3,GliderFET012,2025-06-19 00:37,12.6888,33.7623,3.58,-0.439519,2.2e-05,-0.497526,2.3e-05,43.98,0.068
COM4,GliderFET004,2025-06-19 00:37,12.6888,33.7623,3.54,-0.834781,1.7e-05,-0.874987,1e-05,3.26,-0.023
COM3,GliderFET012,2025-06-19 00:38,12.6918,33.7616,3.58,-0.439563,1.2e-05,-0.497599,2.8e-05,44.74,0.09
COM4,GliderFET004,2025-06-19 00:38,12.6918,33.7616,3.54,-0.834839,2.9e-05,-0.875063,9e-06,0.83,-0.013
COM3,GliderFET012,2025-06-19 00:39,12.6955,33.7617,3.58,-0.439595,2.1e-05,-0.497648,6e-06,43.73,0.029
COM4,GliderFET004,2025-06-19 00:39,12.6955,33.7617,3.54,-0.834825,3e-05,-0.875034,1.4e-05,-2.28,-0.014
COM3,GliderFET012,2025-06-19 00:40,12.6987,33.7614,3.58,-0.43962,1.9e-05,-0.49771,1.4e-05,42.97,0.052
COM4,GliderFET004,2025-06-19 00:40,12.6987,33.7614,3.54,-0.83486,2.7e-05,-0.875062,9e-06,1.68,-0.019
COM3,GliderFET012,2025-06-19 00:41,12.7013,33.7613,3.58,-0.439634,2.1e-05,-0.497725,2.7e-05,43.39,0.05
COM4,GliderFET004,2025-06-19 00:41,12.7013,33.7613,3.54,-0.834825,2.6e-05,-0.875049,1.2e-05,1.48,-0.031
COM3,GliderFET012,2025-06-19 00:42,12.7027,33.7613,3.58,-0.439612,1.7e-05,-0.497725,2.5e-05,43.52,0.095
COM4,GliderFET004,2025-06-19 00:42,12.7027,33.7613,3.54,-0.834855,1.5e-05,-0.875051,1e-05,2.69,-0.019
COM3,GliderFET012,2025-06-19 00:43,12.7031,33.7615,3.58,-0.439612,1.5e-05,-0.497724,1.5e-05,45.74,0.08
COM4,GliderFET004,2025-06-19 00:43,12.7031,33.7615,3.54,-0.834847,3.5e-05,-0.875076,6e-06,-1.97,-0.02
COM3,GliderFET012,2025-06-19 00:45,12.7049,33.7615,3.58,-0.439591,1.9e-05,-0.497745,3.5e-05,46.52,0.056
COM4,GliderFET004,2025-06-19 00:45,12.7049,33.7615,3.54,-0.83479,2.2e-05,-0.87501,1.1e-05,2.65,-0.017
COM3,GliderFET012,2025-06-19 00:46,12.705,33.7617,3.58,-0.439587,2e-05,-0.497768,1.7e-05,43.03,0.041
COM4,GliderFET004,2025-06-19 00:46,12.705,33.7617,3.54,-0.834876,2.8e-05,-0.875087,1.5e-05,0.42,-0.029
COM3,GliderFET012,2025-06-19 00:47,12.7044,33.7618,3.58,-0.439599,2.7e-05,-0.497763,1.2e-05,43.38,0.05
COM4,GliderFET004,2025-06-19 00:47,12.7044,33.7618,3.54,-0.834839,2.4e-05,-0.875055,1.9e-05,-0.49,-0.016
COM3,GliderFET012,2025-06-19 00:48,12.706,33.7615,3.58,-0.439562,1.1e-05,-0.497739,1.7e-05,43.64,0.044
COM4,GliderFET004,2025-06-19 00:48,12.706,33.7615,3.54,-0.834827,2.7e-05,-0.875035,5e-06,-0.46,-0.016
COM3,GliderFET012,2025-06-19 00:49,12.7065,33.7617,3.58,-0.439568,2.3e-05,-0.497763,3.1e-05,44.06,0.113
COM4,GliderFET004,2025-06-19 00:49,12.7065,33.7617,3.54,-0.834851,3.2e-05,-0.875083,1.5e-05,1.03,-0.019
COM3,GliderFET012,2025-06-19 00:50,12.7065,33.7613,3.58,-0.439533,1.3e-05,-0.497728,4.1e-05,44.82,0.079
COM4,GliderFET004,2025-06-19 00:50,12.7065,33.7613,3.54,-0.834876,2.7e-05,-0.875074,1.1e-05,1.29,-0.022
COM3,GliderFET012,2025-06-19 00:51,12.708,33.7619,3.58,-0.439547,1.9e-05,-0.497767,1.9e-05,44.58,0.038
COM4,GliderFET004,2025-06-19 00:51,12.708,33.7619,3.54,-0.834831,2.7e-05,-0.875067,9e-06,3.65,-0.017
COM3,GliderFET012,2025-06-19 00:52,12.7119,33.7613,3.58,-0.439534,2.4e-05,-0.497774,3.9e-05,45.23,0.078
COM4,GliderFET004,2025-06-19 00:52,12.7119,33.7613,3.54,-0.834835,2.9e-05,-0.875077,7e-06,-0.99,-0.014
COM3,GliderFET012,2025-06-19 00:53,12.7128,33.7612,3.58,-0.439527,2.7e-05,-0.497752,1.4e-05,42.9,0.05
COM4,GliderFET004,2025-06-19 00:53,12.7128,33.7612,3.54,-0.834838,2.3e-05,-0.875046,9e-06,-1.42,-0.03
COM3,GliderFET012,2025-06-19 00:54,12.7104,33.7615,3.58,-0.439515,2.8e-05,-0.497747,2.4e-05,42.64,0.074
COM4,GliderFET004,2025-06-19 00:54,12.7104,33.7615,3.54,-0.834826,2.3e-05,-0.875048,8e-06,2.8,-0.015
COM3,GliderFET012,2025-06-19 00:55,12.7105,33.7612,3.58,-0.439506,1.4e-05,-0.49776,1e-05,43.64,0.08
COM4,GliderFET004,2025-06-19 00:55,12.7105,33.7612,3.54,-0.834844,2e-05,-0.875079,8e-06,2.75,-0.021
COM3,GliderFET012,2025-06-19 00:56,12.7095,33.7611,3.58,-0.439507,1.6e-05,-0.497753,5.1e-05,43.64,0.051
COM4,GliderFET004,2025-06-19 00:56,12.7095,33.7611,3.54,-0.83483,1.6e-05,-0.875057,1e-05,1.92,-0.02
COM3,GliderFET012,2025-06-19 00:57,12.7102,33.7612,3.58,-0.439536,1.8e-05,-0.497775,1.5e-05,43.31,0.038
COM4,GliderFET004,2025-06-19 00:57,12.7102,33.7612,3.54,-0.83483,1.8e-05,-0.875058,6e-06,2.21,-0.021
COM3,GliderFET012,2025-06-19 00:58,12.712,33.7612,3.58,-0.439512,3.1e-05,-0.497802,4.1e-05,42.2,0.045
COM4,GliderFET004,2025-06-19 00:58,12.712,33.7612,3.54,-0.834824,2.2e-05,-0.875055,1.2e-05,-2.15,-0.021
COM3,GliderFET012,2025-06-19 00:59,12.7124,33.7614,3.58,-0.439513,1.9e-05,-0.497779,2.5e-05,43.99,0.101
COM4,GliderFET004,2025-06-19 00:59,12.7124,33.7614,3.54,-0.834822,2.5e-05,-0.875048,1.2e-05,1.48,-0.016
COM3,GliderFET012,2025-06-19 01:00,12.7108,33.7614,3.58,-0.439484,1.3e-05,-0.497742,9e-06,43.42,0.109
COM4,GliderFET004,2025-06-19 01:00,12.7108,33.7614,3.54,-0.834809,2.1e-05,-0.875046,8e-06,2.69,-0.02
COM3,GliderFET012,2025-06-19 01:01,12.715,33.7612,3.58,-0.439515,2e-05,-0.497819,9e-06,45.04,0.103
COM4,GliderFET004,2025-06-19 01:01,12.715,33.7612,3.54,-0.834846,2.7e-05,-0.87508,1.7e-05,0.78,-0.014
COM3,GliderFET012,2025-06-19 01:02,12.7168,33.7613,3.58,-0.439537,2e-05,-0.497849,2.2e-05,43.05,0.02
COM4,GliderFET004,2025-06-19 01:02,12.7168,33.7613,3.54,-0.834813,2.3e-05,-0.875046,5e-06,1.6,-0.018
COM3,GliderFET012,2025-06-19 01:03,12.7321,33.7607,3.58,-0.439517,2.6e-05,-0.497812,3.7e-05,42.33,0.097
COM4,GliderFET004,2025-06-19 01:03,12.7321,33.7607,3.54,-0.83484,2.1e-05,-0.875073,7e-06,1.89,-0.01
COM3,GliderFET012,2025-06-19 01:04,12.7362,33.7603,3.58,-0.4395,2.8e-05,-0.497771,5.6e-05,42.2,0.044
COM4,GliderFET004,2025-06-19 01:04,12.7362,33.7603,3.54,-0.834864,2.5e-05,-0.875083,1.3e-05,4.28,-0.015
COM3,GliderFET012,2025-06-19 01:05,12.7529,33.7597,3.58,-0.439503,2.1e-05,-0.4978,2.1e-05,44.19,0.095
COM4,GliderFET004,2025-06-19 01:05,12.7529,33.7597,3.54,-0.834862,3.4e-05,-0.875082,8e-06,-3.11,-0.01
COM3,GliderFET012,2025-06-19 01:06,12.8007,33.7577,3.58,-0.439478,2.6e-05,-0.497754,2.9e-05,42.79,0.068
COM4,GliderFET004,2025-06-19 01:06,12.8007,33.7577,3.54,-0.834856,3.1e-05,-0.875073,8e-06,-0.59,-0.021
COM3,GliderFET012,2025-06-19 01:08,12.7975,33.7579,3.58,-0.439455,2.2e-05,-0.497779,4.1e-05,45.56,0.097
COM4,GliderFET004,2025-06-19 01:08,12.7975,33.7579,3.54,-0.834836,2.4e-05,-0.875068,1e-05,0.21,-0.023
COM3,GliderFET012,2025-06-19 01:09,12.7863,33.7585,3.58,-0.43945,2.3e-05,-0.497798,1.3e-05,44.6,0.108
COM4,GliderFET004,2025-06-19 01:09,12.7863,33.7585,3.54,-0.83489,2.3e-05,-0.875122,1.2e-05,1.6,-0.024
COM3,GliderFET012,2025-06-19 01:10,12.7963,33.758,3.58,-0.439444,1.3e-05,-0.497788,2.1e-05,44.06,0.06
COM4,GliderFET004,2025-06-19 01:10,12.7963,33.758,3.54,-0.834897,2e-05,-0.875132,9e-06,0.39,-0.022
COM3,GliderFET012,2025-06-19 01:11,12.8213,33.7566,3.58,-0.439422,2.5e-05,-0.497771,5e-05,42.25,0.082
COM4,GliderFET004,2025-06-19 01:11,12.8213,33.7566,3.54,-0.834913,2.6e-05,-0.875149,1.2e-05,-2.88,-0.016
COM3,GliderFET012,2025-06-19 01:12,12.8253,33.7568,3.58,-0.439423,2.1e-05,-0.497778,1e-05,46.89,0.086
COM4,GliderFET004,2025-06-19 01:12,12.8253,33.7568,3.54,-0.834904,2.1e-05,-0.875146,8e-06,-1.32,-0.02
COM3,GliderFET012,2025-06-19 01:13,12.8106,33.7573,3.58,-0.43942,2.5e-05,-0.49782,1.1e-05,45.07,-0.027
COM4,GliderFET004,2025-06-19 01:13,12.8106,33.7573,3.54,-0.83488,2.2e-05,-0.875139,9e-06,1.17,-0.017
COM3,GliderFET012,2025-06-19 01:14,12.826,33.7568,3.58,-0.43942,1.8e-05,-0.497857,2.8e-05,43.25,0.051
COM4,GliderFET004,2025-06-19 01:14,12.826,33.7568,3.54,-0.834875,1.9e-05,-0.875154,6e-06,-2.7,-0.02
COM3,GliderFET012,2025-06-19 01:15,12.841,33.7562,3.58,-0.439376,2.2e-05,-0.497805,4e-05,43.08,0.092
COM4,GliderFET004,2025-06-19 01:15,12.841,33.7562,3.54,-0.834872,2.5e-05,-0.875138,5e-06,2.46,-0.005
COM3,GliderFET012,2025-06-19 01:16,12.84,33.7564,3.58,-0.439344,1.8e-05,-0.497815,2.4e-05,46.58,0.089
COM4,GliderFET004,2025-06-19 01:16,12.84,33.7564,3.54,-0.834876,1.9e-05,-0.875177,9e-06,2.0,-0.019
COM3,GliderFET012,2025-06-19 01:17,12.8532,33.7556,3.58,-0.439328,1.8e-05,-0.497827,4.9e-05,42.9,0.075
COM4,GliderFET004,2025-06-19 01:17,12.8532,33.7556,3.54,-0.834868,2.4e-05,-0.875172,7e-06,-0.88,-0.022
COM3,GliderFET012,2025-06-19 01:18,12.8485,33.7559,3.58,-0.439333,1.3e-05,-0.497838,1e-05,43.08,0.106
COM4,GliderFET004,2025-06-19 01:18,12.8485,33.7559,3.54,-0.834858,1.9e-05,-0.875158,1.1e-05,0.54,-0.022
COM3,GliderFET012,2025-06-19 01:19,12.8527,33.7558,3.58,-0.439276,2e-05,-0.497841,2.5e-05,43.64,0.071
COM4,GliderFET004,2025-06-19 01:19,12.8527,33.7558,3.54,-0.834864,3.7e-05,-0.875177,1.2e-05,1.24,-0.026
COM3,GliderFET012,2025-06-19 01:20,12.8563,33.7557,3.58,-0.439263,1.6e-05,-0.497844,2.2e-05,43.29,0.056
COM4,GliderFET004,2025-06-19 01:20,12.8563,33.7557,3.54,-0.834862,2.5e-05,-0.875182,1.5e-05,4.56,-0.019
COM3,GliderFET012,2025-06-19 01:21,12.8582,33.7556,3.58,-0.439233,1.6e-05,-0.497863,1.3e-05,46.24,0.083
COM4,GliderFET004,2025-06-19 01:21,12.8582,33.7556,3.54,-0.834823,2.7e-05,-0.875163,1.2e-05,-0.07,-0.01
COM3,GliderFET012,2025-06-19 01:22,12.8591,33.7555,3.58,-0.439219,2.6e-05,-0.497842,5e-05,44.4,0.088
COM4,GliderFET004,2025-06-19 01:22,12.8591,33.7555,3.54,-0.834826,2.7e-05,-0.875169,1.1e-05,-2.98,-0.019
COM3,GliderFET012,2025-06-19 01:23,12.8582,33.7555,3.58,-0.439204,2.2e-05,-0.497879,1.6e-05,43.29,0.023
COM4,GliderFET004,2025-06-19 01:23,12.8582,33.7555,3.54,-0.834761,2.2e-05,-0.875128,1.3e-05,-1.07,-0.022
COM3,GliderFET012,2025-06-19 01:24,12.8586,33.7552,3.58,-0.439199,1.5e-05,-0.497893,2.4e-05,41.52,0.066
COM4,GliderFET004,2025-06-19 01:24,12.8586,33.7552,3.54,-0.834804,2.4e-05,-0.875154,2e-05,-1.45,-0.022
COM3,GliderFET012,2025-06-19 01:25,12.8591,33.7558,3.58,-0.439154,2.2e-05,-0.497868,2.8e-05,42.43,0.044
COM4,GliderFET004,2025-06-19 01:25,12.8591,33.7558,3.54,-0.834775,2.7e-05,-0.875138,1.1e-05,-1.5,-0.023
COM3,GliderFET012,2025-06-19 01:26,12.8577,33.7556,3.58,-0.439163,1.5e-05,-0.497882,2.6e-05,43.49,0.046
COM4,GliderFET004,2025-06-19 01:26,12.8577,33.7556,3.54,-0.834744,2.9e-05,-0.875107,1.4e-05,-1.56,-0.016
COM3,GliderFET012,2025-06-19 01:27,12.854,33.7557,3.58,-0.439122,2.6e-05,-0.497867,3.9e-05,40.04,0.059
COM4,GliderFET004,2025-06-19 01:27,12.854,33.7557,3.54,-0.834726,2.9e-05,-0.875106,1e-05,3.6,-0.02
COM3,GliderFET012,2025-06-19 01:28,12.8502,33.7562,3.58,-0.439087,1.8e-05,-0.497833,1.4e-05,44.03,0.096
COM4,GliderFET004,2025-06-19 01:28,12.8502,33.7562,3.54,-0.834708,2.5e-05,-0.875104,7e-06,-1.35,-0.019
COM3,GliderFET012,2025-06-19 01:29,12.8482,33.756,3.58,-0.439057,1.8e-05,-0.497814,2.3e-05,44.4,0.1
COM4,GliderFET004,2025-06-19 01:29,12.8482,33.756,3.54,-0.8347,2.3e-05,-0.875102,8e-06,0.1,-0.013
COM3,GliderFET012,2025-06-19 01:30,12.8459,33.7559,3.58,-0.439048,2.1e-05,-0.497814,2.8e-05,42.94,0.124
COM4,GliderFET004,2025-06-19 01:30,12.8459,33.7559,3.54,-0.834659,2.7e-05,-0.875075,1.2e-05,0.5,-0.012
COM3,GliderFET012,2025-06-19 01:31,12.8474,33.7563,3.58,-0.439044,1.8e-05,-0.497812,1.2e-05,42.4,0.081
COM4,GliderFET004,2025-06-19 01:31,12.8474,33.7563,3.54,-0.834675,2.6e-05,-0.875082,5e-06,-1.19,-0.018
COM3,GliderFET012,2025-06-19 01:32,12.8479,33.7559,3.58,-0.439021,2.5e-05,-0.497806,3.6e-05,43.12,0.1
COM4,GliderFET004,2025-06-19 01:32,12.8479,33.7559,3.54,-0.834651,2.7e-05,-0.875069,1e-05,-2.49,-0.024
COM3,GliderFET012,2025-06-19 01:33,12.8503,33.7551,3.58,-0.439038,1.8e-05,-0.497858,2.7e-05,44.01,0.108
COM4,GliderFET004,2025-06-19 01:33,12.8503,33.7551,3.54,-0.834626,1.8e-05,-0.875045,1.4e-05,0.41,-0.023
COM3,GliderFET012,2025-06-19 01:34,12.8544,33.7538,3.58,-0.438941,2.6e-05,-0.497727,1.7e-05,44.76,0.102
COM4,GliderFET004,2025-06-19 01:34,12.8544,33.7538,3.54,-0.834596,3e-05,-0.875017,2e-05,1.11,-0.017
COM3,GliderFET012,2025-06-19 01:35,12.8553,33.7541,3.58,-0.43897,2.9e-05,-0.497756,1.7e-05,44.99,0.038
COM4,GliderFET004,2025-06-19 01:35,12.8553,33.7541,3.54,-0.834604,2.5e-05,-0.87503,1.2e-05,-0.2,-0.024
COM3,GliderFET012,2025-06-19 01:36,12.8604,33.7537,3.58,-0.438959,2.2e-05,-0.497773,6e-06,42.5,0.043
COM4,GliderFET004,2025-06-19 01:36,12.8604,33.7537,3.54,-0.834588,2.4e-05,-0.875018,1.3e-05,1.38,-0.024
COM3,GliderFET012,2025-06-19 01:37,12.8584,33.7545,3.58,-0.438926,2.2e-05,-0.497702,2.3e-05,42.77,0.063
COM4,GliderFET004,2025-06-19 01:37,12.8584,33.7545,3.54,-0.834611,2.8e-05,-0.875036,2e-05,1.73,-0.024
COM3,GliderFET012,2025-06-19 01:38,12.8599,33.7536,3.58,-0.438953,1.9e-05,-0.497696,1.7e-05,43.7,0.078
COM4,GliderFET004,2025-06-19 01:38,12.8599,33.7536,3.54,-0.834572,2.9e-05,-0.874993,6e-06,0.93,-0.024
COM3,GliderFET012,2025-06-19 01:40,12.8718,33.7513,3.58,-0.438927,2.6e-05,-0.497687,4.1e-05,46.29,0.087
COM4,GliderFET004,2025-06-19 01:40,12.8718,33.7513,3.54,-0.834553,3e-05,-0.875004,1.2e-05,-0.85,-0.029
COM3,GliderFET012,2025-06-19 01:41,12.8855,33.7484,3.58,-0.438907,2.2e-05,-0.497671,2.1e-05,43.96,0.047
COM4,GliderFET004,2025-06-19 01:41,12.8855,33.7484,3.54,-0.834555,2.4e-05,-0.875013,1.4e-05,2.88,-0.022
COM3,GliderFET012,2025-06-19 01:42,12.8921,33.7481,3.58,-0.438888,2.5e-05,-0.497677,1.4e-05,44.29,0.105
COM4,GliderFET004,2025-06-19 01:42,12.8921,33.7481,3.54,-0.83458,3.1e-05,-0.875036,1.9e-05,-2.02,-0.014
COM3,GliderFET012,2025-06-19 01:43,12.8914,33.7483,3.58,-0.43888,1.5e-05,-0.497638,5.5e-05,45.21,0.041
COM4,GliderFET004,2025-06-19 01:43,12.8914,33.7483,3.54,-0.834535,2.6e-05,-0.874979,8e-06,-0.55,-0.017
COM3,GliderFET012,2025-06-19 01:44,12.8954,33.7473,3.58,-0.438853,2.2e-05,-0.497622,2.2e-05,45.72,0.028
COM4,GliderFET004,2025-06-19 01:44,12.8954,33.7473,3.54,-0.834518,2.3e-05,-0.874964,8e-06,0.05,-0.023
COM3,GliderFET012,2025-06-19 01:45,12.8992,33.747,3.58,-0.438863,1e-05,-0.497655,3.5e-05,44.42,0.053
COM4,GliderFET004,2025-06-19 01:45,12.8992,33.747,3.54,-0.834519,2.6e-05,-0.874974,1.1e-05,0.65,-0.024
COM3,GliderFET012,2025-06-19 01:46,12.9052,33.7454,3.58,-0.438852,2e-05,-0.497655,2.4e-05,43.44,0.089
COM4,GliderFET004,2025-06-19 01:46,12.9052,33.7454,3.54,-0.834497,2.6e-05,-0.874938,1.9e-05,-1.97,-0.012
COM3,GliderFET012,2025-06-19 01:47,12.9093,33.7455,3.58,-0.438859,1.9e-05,-0.49767,2.2e-05,42.77,0.089
COM4,GliderFET004,2025-06-19 01:47,12.9093,33.7455,3.54,-0.834459,2.1e-05,-0.874947,1.7e-05,2.08,-0.028
COM3,GliderFET012,2025-06-19 01:49,12.9195,33.7438,3.58,-0.438757,1.5e-05,-0.497648,1.9e-05,44.84,0.078
COM4,GliderFET004,2025-06-19 01:49,12.9195,33.7438,3.54,-0.834446,1.6e-05,-0.874922,6e-06,2.67,-0.017
COM3,GliderFET012,2025-06-19 01:50,12.923,33.7424,3.58,-0.438717,1.7e-05,-0.497608,2.1e-05,45.38,0.081
COM4,GliderFET004,2025-06-19 01:50,12.923,33.7424,3.54,-0.834445,1.8e-05,-0.874945,6e-06,2.54,-0.021
COM3,GliderFET012,2025-06-19 01:52,12.9269,33.742,3.58,-0.43869,1.5e-05,-0.497656,3.3e-05,45.77,0.1
COM4,GliderFET004,2025-06-19 01:52,12.9269,33.742,3.54,-0.83441,2.8e-05,-0.874933,1.3e-05,-0.34,-0.017
COM3,GliderFET012,2025-06-19 01:53,12.9343,33.7403,3.58,-0.438607,2.7e-05,-0.497631,2.7e-05,43.99,0.137
COM4,GliderFET004,2025-06-19 01:53,12.9343,33.7403,3.54,-0.83441,2.3e-05,-0.874925,1.4e-05,-1.69,-0.021
COM3,GliderFET012,2025-06-19 01:55,12.9419,33.7392,3.58,-0.438593,1.6e-05,-0.497691,2.8e-05,43.1,0.087
COM4,GliderFET004,2025-06-19 01:55,12.9419,33.7392,3.54,-0.834357,3.1e-05,-0.874917,1.1e-05,-4.04,-0.013
COM3,GliderFET012,2025-06-19 01:56,12.9455,33.7395,3.58,-0.438516,1.1e-05,-0.497674,3.4e-05,45.41,0.128
COM4,GliderFET004,2025-06-19 01:56,12.9455,33.7395,3.54,-0.834327,2.2e-05,-0.874893,1.5e-05,-1.66,-0.018
COM3,GliderFET012,2025-06-19 01:58,12.9554,33.7374,3.58,-0.438453,2.1e-05,-0.497667,4.9e-05,43.34,0.055
COM4,GliderFET004,2025-06-19 01:58,12.9554,33.7374,3.54,-0.834218,2.5e-05,-0.874805,1.8e-05,5.58,-0.012
COM3,GliderFET012,2025-06-19 01:59,12.9608,33.7365,3.58,-0.438379,1.1e-05,-0.49761,1e-05,46.09,0.066
COM4,GliderFET004,2025-06-19 01:59,12.9608,33.7365,3.54,-0.834166,2.9e-05,-0.874767,1.5e-05,0.6,-0.03
COM3,GliderFET012,2025-06-19 02:01,12.9689,33.7357,3.58,-0.438257,2e-05,-0.497578,3.5e-05,45.25,0.065
COM4,GliderFET004,2025-06-19 02:01,12.9689,33.7357,3.54,-0.83407,2.1e-05,-0.874706,1.4e-05,2.12,-0.012
COM3,GliderFET012,2025-06-19 02:02,12.96,33.7374,3.58,-0.438207,1.2e-05,-0.497553,1.8e-05,44.81,0.106
COM4,GliderFET004,2025-06-19 02:02,12.96,33.7374,3.54,-0.834048,3e-05,-0.874677,7e-06,-4.2,-0.02
COM3,GliderFET012,2025-06-19 02:03,12.9572,33.7376,3.58,-0.438165,1.5e-05,-0.497541,1.1e-05,42.68,0.033
COM4,GliderFET004,2025-06-19 02:03,12.9572,33.7376,3.54,-0.833987,2e-05,-0.874641,8e-06,-3.56,-0.019
COM3,GliderFET012,2025-06-19 02:04,12.9687,33.7355,3.58,-0.438129,2.1e-05,-0.497538,1.3e-05,44.16,0.076
COM4,GliderFET004,2025-06-19 02:04,12.9687,33.7355,3.54,-0.833987,2.2e-05,-0.87463,1.5e-05,-1.33,-0.017
COM3,GliderFET012,2025-06-19 02:05,12.9735,33.7347,3.58,-0.438039,1.4e-05,-0.497478,2.3e-05,43.42,0.031
COM4,GliderFET004,2025-06-19 02:05,12.9735,33.7347,3.54,-0.833871,2.5e-05,-0.874563,1.6e-05,2.2,-0.022
COM3,GliderFET012,2025-06-19 02:06,12.9706,33.7359,3.58,-0.437981,2e-05,-0.497455,3.8e-05,45.36,-0.001
COM4,GliderFET004,2025-06-19 02:06,12.9706,33.7359,3.54,-0.83387,2.4e-05,-0.874553,1.2e-05,4.48,-0.019
COM3,GliderFET012,2025-06-19 02:07,12.968,33.7361,3.58,-0.437943,2.3e-05,-0.49741,2.5e-05,44.87,0.093
COM4,GliderFET004,2025-06-19 02:07,12.968,33.7361,3.54,-0.833815,2.6e-05,-0.874516,7e-06,3.6,-0.021
COM3,GliderFET012,2025-06-19 02:08,12.9816,33.7335,3.58,-0.437868,2.5e-05,-0.497414,2e-05,41.99,0.022
COM4,GliderFET004,2025-06-19 02:08,12.9816,33.7335,3.54,-0.833785,1.7e-05,-0.8745,8e-06,1.56,-0.021
COM3,GliderFET012,2025-06-19 02:09,12.9927,33.7314,3.58,-0.437793,1.5e-05,-0.497306,2.2e-05,43.86,0.046
COM4,GliderFET004,2025-06-19 02:09,12.9927,33.7314,3.54,-0.833717,3.4e-05,-0.874429,5e-06,1.63,-0.013
COM3,GliderFET012,2025-06-19 02:10,12.9956,33.731,3.58,-0.437781,1.8e-05,-0.497329,2.6e-05,43.78,0.07
COM4,GliderFET004,2025-06-19 02:10,12.9956,33.731,3.54,-0.833671,1.5e-05,-0.874401,8e-06,-1.03,-0.018
COM3,GliderFET012,2025-06-19 02:11,12.995,33.7314,3.58,-0.437736,2.3e-05,-0.497259,3.3e-05,42.9,0.135
COM4,GliderFET004,2025-06-19 02:11,12.995,33.7314,3.54,-0.833635,2.5e-05,-0.874379,6e-06,-0.55,-0.019
COM3,GliderFET012,2025-06-19 02:12,13.0025,33.7295,3.58,-0.437658,1.5e-05,-0.497208,1.4e-05,46.27,0.073
COM4,GliderFET004,2025-06-19 02:12,13.0025,33.7295,3.54,-0.833539,2e-05,-0.874301,9e-06,-0.11,-0.014
COM3,GliderFET012,2025-06-19 02:13,13.0053,33.7292,3.58,-0.437585,2.3e-05,-0.497167,2.7e-05,45.62,0.065
COM4,GliderFET004,2025-06-19 02:13,13.0053,33.7292,3.54,-0.833534,2.9e-05,-0.8743,1.5e-05,-1.16,-0.026
COM3,GliderFET012,2025-06-19 02:14,12.999,33.7301,3.58,-0.437545,2.7e-05,-0.497112,3e-05,41.42,0.089
COM4,GliderFET004,2025-06-19 02:14,12.999,33.7301,3.54,-0.833467,2.5e-05,-0.874262,1.2e-05,-2.49,-0.022
COM3,GliderFET012,2025-06-19 02:15,12.9976,33.7308,3.58,-0.437501,1.2e-05,-0.497087,2.6e-05,45.41,0.044
COM4,GliderFET004,2025-06-19 02:15,12.9976,33.7308,3.54,-0.833458,1.7e-05,-0.874246,1.1e-05,0.15,-0.026
COM3,GliderFET012,2025-06-19 02:16,13.0025,33.7293,3.58,-0.437478,1.6e-05,-0.497088,3.4e-05,46.09,0.174
COM4,GliderFET004,2025-06-19 02:16,13.0025,33.7293,3.54,-0.8334,1.8e-05,-0.874192,8e-06,1.09,-0.022
COM3,GliderFET012,2025-06-19 02:17,13.0092,33.7286,3.58,-0.437447,2.8e-05,-0.497068,4.5e-05,45.12,0.046
COM4,GliderFET004,2025-06-19 02:17,13.0092,33.7286,3.54,-0.833373,2.6e-05,-0.874185,1.2e-05,-1.16,-0.02
COM3,GliderFET012,2025-06-19 02:19,13.0247,33.7256,3.58,-0.437343,2.6e-05,-0.497016,1.9e-05,43.67,0.025
COM4,GliderFET004,2025-06-19 02:19,13.0247,33.7256,3.54,-0.833262,2.5e-05,-0.874094,1e-05,1.3,-0.021
COM3,GliderFET012,2025-06-19 02:20,13.0336,33.7242,3.58,-0.437291,2.7e-05,-0.497009,2.9e-05,42.33,0.128
COM4,GliderFET004,2025-06-19 02:20,13.0336,33.7242,3.54,-0.83321,2.3e-05,-0.874054,1.2e-05,-1.03,-0.024
COM3,GliderFET012,2025-06-19 02:21,13.0394,33.7229,3.58,-0.437241,3.1e-05,-0.4969,5.1e-05,41.93,0.092
COM4,GliderFET004,2025-06-19 02:21,13.0394,33.7229,3.54,-0.833193,2.8e-05,-0.874056,1.8e-05,0.42,-0.024
COM3,GliderFET012,2025-06-19 02:22,13.0424,33.7226,3.58,-0.437196,3.2e-05,-0.496937,4e-05,43.34,0.175
COM4,GliderFET004,2025-06-19 02:22,13.0424,33.7226,3.54,-0.833138,2e-05,-0.874011,1.6e-05,-0.49,-0.023
COM3,GliderFET012,2025-06-19 02:23,13.0464,33.7219,3.58,-0.437168,2e-05,-0.496862,1.2e-05,44.04,0.084
COM4,GliderFET004,2025-06-19 02:23,13.0464,33.7219,3.54,-0.833078,2e-05,-0.873963,1.1e-05,3.13,-0.019
COM3,GliderFET012,2025-06-19 02:24,13.0508,33.7213,3.58,-0.437115,2.3e-05,-0.49686,1.5e-05,41.73,-0.001
COM4,GliderFET004,2025-06-19 02:24,13.0508,33.7213,3.54,-0.833051,2.1e-05,-0.873938,1.4e-05,1.17,-0.017
COM3,GliderFET012,2025-06-19 02:25,13.0516,33.7211,3.58,-0.437017,2.9e-05,-0.496794,4.9e-05,42.32,0.066
COM4,GliderFET004,2025-06-19 02:25,13.0516,33.7211,3.54,-0.833017,2.3e-05,-0.873915,8e-06,3.13,-0.027
COM3,GliderFET012,2025-06-19 02:26,13.0521,33.7212,3.58,-0.436985,1.4e-05,-0.496789,2.5e-05,43.46,0.045
COM4,GliderFET004,2025-06-19 02:26,13.0521,33.7212,3.54,-0.832976,2e-05,-0.873884,1.5e-05,5.0,-0.025
COM3,GliderFET012,2025-06-19 02:27,13.0517,33.7216,3.58,-0.43696,2.7e-05,-0.496785,3.4e-05,44.51,0.097
COM4,GliderFET004,2025-06-19 02:27,13.0517,33.7216,3.54,-0.8329,3e-05,-0.873845,1.6e-05,-0.03,-0.018
COM3,GliderFET012,2025-06-19 02:28,13.0495,33.7224,3.58,-0.436885,3.3e-05,-0.496747,3.2e-05,44.92,0.102
COM4,GliderFET004,2025-06-19 02:28,13.0495,33.7224,3.54,-0.832835,2.3e-05,-0.873802,7e-06,0.1,-0.02
COM3,GliderFET012,2025-06-19 02:29,13.0468,33.7233,3.58,-0.43687,1.5e-05,-0.496747,3.3e-05,43.55,0.126
COM4,GliderFET004,2025-06-19 02:29,13.0468,33.7233,3.54,-0.832816,3e-05,-0.873757,1.1e-05,1.71,-0.026
COM3,GliderFET012,2025-06-19 02:30,13.0597,33.7199,3.58,-0.436839,3e-05,-0.496733,4.8e-05,42.02,0.149
COM4,GliderFET004,2025-06-19 02:30,13.0597,33.7199,3.54,-0.83275,2.2e-05,-0.873746,1.2e-05,1.99,-0.016
COM3,GliderFET012,2025-06-19 02:31,13.0675,33.7187,3.58,-0.436761,3e-05,-0.496695,5.4e-05,43.67,0.01
COM4,GliderFET004,2025-06-19 02:31,13.0675,33.7187,3.54,-0.832712,3.1e-05,-0.873696,1.2e-05,-2.96,-0.024
COM3,GliderFET012,2025-06-19 02:32,13.0724,33.7178,3.58,-0.436699,1.7e-05,-0.496679,3.1e-05,46.18,0.045
COM4,GliderFET004,2025-06-19 02:32,13.0724,33.7178,3.54,-0.832626,2.9e-05,-0.873639,1.3e-05,-4.04,-0.029
COM3,GliderFET012,2025-06-19 02:33,13.0831,33.7154,3.58,-0.436612,1.3e-05,-0.496586,1.7e-05,45.82,0.11
COM4,GliderFET004,2025-06-19 02:33,13.0831,33.7154,3.54,-0.832623,1.1e-05,-0.873624,1e-05,2.49,-0.013
COM3,GliderFET012,2025-06-19 02:34,13.0929,33.7136,3.58,-0.436576,2.7e-05,-0.496548,3.3e-05,44.74,0.09
COM4,GliderFET004,2025-06-19 02:34,13.0929,33.7136,3.54,-0.832565,2.9e-05,-0.873594,2e-06,2.38,-0.017
COM3,GliderFET012,2025-06-19 02:35,13.0925,33.7136,3.58,-0.436522,2.7e-05,-0.49652,2.4e-05,44.47,0.083
COM4,GliderFET004,2025-06-19 02:35,13.0925,33.7136,3.54,-0.832515,2.5e-05,-0.873549,8e-06,2.13,-0.016
COM3,GliderFET012,2025-06-19 02:36,13.1047,33.7112,3.58,-0.436451,2.3e-05,-0.496456,2.1e-05,43.57,0.069
COM4,GliderFET004,2025-06-19 02:36,13.1047,33.7112,3.54,-0.83245,3.7e-05,-0.873501,1.1e-05,0.59,-0.021
COM3,GliderFET012,2025-06-19 02:37,13.1089,33.7111,3.58,-0.436371,1.7e-05,-0.496414,4.9e-05,43.54,0.085
COM4,GliderFET004,2025-06-19 02:37,13.1089,33.7111,3.54,-0.832394,3.4e-05,-0.873453,1.6e-05,-0.02,-0.02
COM3,GliderFET012,2025-06-19 02:38,13.1024,33.7124,3.58,-0.436337,1.8e-05,-0.496406,2.9e-05,44.34,0.097
COM4,GliderFET004,2025-06-19 02:38,13.1024,33.7124,3.54,-0.832382,1.9e-05,-0.873438,7e-06,0.07,-0.004
COM3,GliderFET012,2025-06-19 02:39,13.1029,33.7123,3.58,-0.436286,2.5e-05,-0.496351,3e-05,44.3,0.069
COM4,GliderFET004,2025-06-19 02:39,13.1029,33.7123,3.54,-0.832326,3.5e-05,-0.873412,1.1e-05,0.9,-0.015
COM3,GliderFET012,2025-06-19 02:40,13.1017,33.7127,3.58,-0.436245,2.6e-05,-0.496353,3.5e-05,41.49,0.109
COM4,GliderFET004,2025-06-19 02:40,13.1017,33.7127,3.54,-0.832256,3.1e-05,-0.873357,1.6e-05,-3.65,-0.018
COM3,GliderFET012,2025-06-19 02:41,13.099,33.7132,3.58,-0.436133,3.2e-05,-0.496262,6.6e-05,45.26,0.087
COM4,GliderFET004,2025-06-19 02:41,13.099,33.7132,3.54,-0.832215,2.2e-05,-0.873342,1e-05,-1.43,-0.029
COM3,GliderFET012,2025-06-19 02:42,13.1037,33.7115,3.58,-0.436121,2.1e-05,-0.496265,6.4e-05,45.41,0.131
COM4,GliderFET004,2025-06-19 02:42,13.1037,33.7115,3.54,-0.832166,2e-05,-0.873286,1.2e-05,1.77,-0.019
COM3,GliderFET012,2025-06-19 02:43,13.1082,33.711,3.58,-0.436044,2.9e-05,-0.496217,4.7e-05,45.56,0.077
COM4,GliderFET004,2025-06-19 02:43,13.1082,33.711,3.54,-0.832095,3e-05,-0.873252,5e-06,-0.85,-0.019
COM3,GliderFET012,2025-06-19 02:44,13.1023,33.7119,3.58,-0.435998,2.5e-05,-0.496192,4.1e-05,42.3,-0.03
COM4,GliderFET004,2025-06-19 02:44,13.1023,33.7119,3.54,-0.832059,2.4e-05,-0.873211,1.2e-05,-0.36,-0.016
COM3,GliderFET012,2025-06-19 02:45,13.103,33.7115,3.58,-0.435936,2.4e-05,-0.496134,3.9e-05,44.55,0.078
COM4,GliderFET004,2025-06-19 02:45,13.103,33.7115,3.54,-0.831997,3.3e-05,-0.873179,1.4e-05,1.17,-0.023
COM3,GliderFET012,2025-06-19 02:46,13.0958,33.7133,3.58,-0.43587,3e-05,-0.496103,5.2e-05,45.25,0.085
COM4,GliderFET004,2025-06-19 02:46,13.0958,33.7133,3.54,-0.831954,1.8e-05,-0.873134,5e-06,-2.15,-0.019
COM3,GliderFET012,2025-06-19 02:47,13.0938,33.7133,3.58,-0.43584,1.9e-05,-0.496103,2.2e-05,41.91,-0.014
COM4,GliderFET004,2025-06-19 02:47,13.0938,33.7133,3.54,-0.831896,2.4e-05,-0.873105,1.3e-05,2.72,-0.021
COM3,GliderFET012,2025-06-19 02:48,13.0945,33.7134,3.58,-0.435783,2.2e-05,-0.496078,5.8e-05,42.09,0.155
COM4,GliderFET004,2025-06-19 02:48,13.0945,33.7134,3.54,-0.831838,2.1e-05,-0.873038,1.2e-05,1.86,-0.018
COM3,GliderFET012,2025-06-19 02:49,13.0985,33.7125,3.58,-0.435698,1.7e-05,-0.496006,4.3e-05,43.55,0.057
COM4,GliderFET004,2025-06-19 02:49,13.0985,33.7125,3.54,-0.831772,3.3e-05,-0.872992,3e-06,4.25,-0.017
COM3,GliderFET012,2025-06-19 02:50,13.1001,33.7124,3.58,-0.435704,2.4e-05,-0.496009,7e-05,45.15,0.031
COM4,GliderFET004,2025-06-19 02:50,13.1001,33.7124,3.54,-0.831729,3.4e-05,-0.872979,8e-06,2.43,-0.025
COM3,GliderFET012,2025-06-19 02:51,13.1009,33.7124,3.58,-0.435612,1.4e-05,-0.49593,7e-06,42.74,0.099
COM4,GliderFET004,2025-06-19 02:51,13.1009,33.7124,3.54,-0.831675,2.7e-05,-0.872922,9e-06,-1.51,-0.024
COM3,GliderFET012,2025-06-19 02:52,13.102,33.7122,3.58,-0.435521,2.7e-05,-0.495857,6.1e-05,44.32,0.062
COM4,GliderFET004,2025-06-19 02:52,13.102,33.7122,3.54,-0.831631,2.3e-05,-0.872881,2e-05,-2.13,-0.021
COM3,GliderFET012,2025-06-19 02:53,13.1015,33.7123,3.58,-0.435509,2.4e-05,-0.49585,6.1e-05,43.08,0.103
COM4,GliderFET004,2025-06-19 02:53,13.1015,33.7123,3.54,-0.831605,2.4e-05,-0.872863,1.3e-05,2.0,-0.023
COM3,GliderFET012,2025-06-19 02:54,13.102,33.7122,3.58,-0.435455,2.2e-05,-0.495786,6.8e-05,42.64,0.088
COM4,GliderFET004,2025-06-19 02:54,13.102,33.7122,3.54,-0.831533,2.2e-05,-0.872801,8e-06,0.46,-0.018
COM3,GliderFET012,2025-06-19 02:55,13.1052,33.7119,3.58,-0.435429,1.8e-05,-0.495713,1.3e-05,44.27,0.111
COM4,GliderFET004,2025-06-19 02:55,13.1052,33.7119,3.54,-0.831483,1.9e-05,-0.872776,7e-06,-1.27,-0.023
COM3,GliderFET012,2025-06-19 02:56,13.1093,33.7116,3.58,-0.435387,3e-05,-0.495683,2e-05,45.57,0.081
COM4,GliderFET004,2025-06-19 02:56,13.1093,33.7116,3.54,-0.831466,2e-05,-0.872736,1.2e-05,-1.84,-0.028
COM3,GliderFET012,2025-06-19 02:57,13.1148,33.7114,3.58,-0.435354,2.2e-05,-0.495668,3.6e-05,43.52,0.03
COM4,GliderFET004,2025-06-19 02:57,13.1148,33.7114,3.54,-0.831426,2.9e-05,-0.87272,1.3e-05,-0.5,-0.02
COM3,GliderFET012,2025-06-19 02:58,13.117,33.7116,3.58,-0.435296,1.5e-05,-0.495594,3e-05,45.17,0.059
COM4,GliderFET004,2025-06-19 02:58,13.117,33.7116,3.54,-0.831378,1.9e-05,-0.872646,7e-06,0.7,-0.022
COM3,GliderFET012,2025-06-19 02:59,13.1167,33.7119,3.58,-0.435279,2.1e-05,-0.495589,3.9e-05,41.65,0.145
COM4,GliderFET004,2025-06-19 02:59,13.1167,33.7119,3.54,-0.831359,1.7e-05,-0.872646,1e-05,-0.13,-0.021
COM3,GliderFET012,2025-06-19 03:00,13.1167,33.7117,3.58,-0.435263,1.8e-05,-0.495562,3e-05,44.19,0.062
COM4,GliderFET004,2025-06-19 03:00,13.1167,33.7117,3.54,-0.831302,2.8e-05,-0.872604,1e-05,-0.57,-0.022
COM3,GliderFET012,2025-06-19 03:01,13.1161,33.7114,3.58,-0.435245,2.9e-05,-0.495511,3.4e-05,40.2,0.122
COM4,GliderFET004,2025-06-19 03:01,13.1161,33.7114,3.54,-0.831313,1.6e-05,-0.872603,1.8e-05,-0.83,-0.019
COM3,GliderFET012,2025-06-19 03:02,13.1198,33.7112,3.58,-0.435202,2.4e-05,-0.495522,4e-05,44.43,0.138
COM4,GliderFET004,2025-06-19 03:02,13.1198,33.7112,3.54,-0.831285,3e-05,-0.872593,1.5e-05,2.77,-0.022
COM3,GliderFET012,2025-06-19 03:03,13.1211,33.711,3.58,-0.435173,3e-05,-0.495494,3.5e-05,46.03,0.048
COM4,GliderFET004,2025-06-19 03:03,13.1211,33.711,3.54,-0.831232,2.2e-05,-0.872545,1.2e-05,-1.16,-0.013
COM3,GliderFET012,2025-06-19 03:04,13.1215,33.7111,3.58,-0.43512,2.5e-05,-0.495387,4.6e-05,43.51,0.129
COM4,GliderFET004,2025-06-19 03:04,13.1215,33.7111,3.54,-0.831222,3.2e-05,-0.872549,9e-06,-2.69,-0.016
COM3,GliderFET012,2025-06-19 03:05,13.1233,33.7116,3.58,-0.435087,2.3e-05,-0.495378,3.8e-05,45.96,0.136
COM4,GliderFET004,2025-06-19 03:05,13.1233,33.7116,3.54,-0.831201,3.1e-05,-0.872542,1.3e-05,0.93,-0.024
COM3,GliderFET012,2025-06-19 03:06,13.1279,33.7113,3.58,-0.435068,2.3e-05,-0.495353,3.1e-05,45.2,0.034
COM4,GliderFET004,2025-06-19 03:06,13.1279,33.7113,3.54,-0.831214,3.1e-05,-0.872533,1.7e-05,3.89,-0.022
COM3,GliderFET012,2025-06-19 03:07,13.1304,33.7112,3.58,-0.435044,2.1e-05,-0.495343,4.2e-05,46.55,0.051
COM4,GliderFET004,2025-06-19 03:07,13.1304,33.7112,3.54,-0.831164,1.9e-05,-0.872501,1.2e-05,1.68,-0.009
COM3,GliderFET012,2025-06-19 03:08,13.1323,33.7113,3.58,-0.435031,1.6e-05,-0.495325,5.2e-05,42.61,0.047
COM4,GliderFET004,2025-06-19 03:08,13.1323,33.7113,3.54,-0.831137,2.3e-05,-0.872475,1.4e-05,-0.52,-0.014
COM3,GliderFET012,2025-06-19 03:09,13.1328,33.7114,3.58,-0.435036,2.7e-05,-0.495287,3.3e-05,44.47,0.07
COM4,GliderFET004,2025-06-19 03:09,13.1328,33.7114,3.54,-0.831139,3.3e-05,-0.87248,1.2e-05,4.26,-0.02
COM3,GliderFET012,2025-06-19 03:10,13.1352,33.7114,3.58,-0.435011,3.9e-05,-0.495283,6.1e-05,43.33,0.071
COM4,GliderFET004,2025-06-19 03:10,13.1352,33.7114,3.54,-0.831096,2.1e-05,-0.872436,1.3e-05,5.0,-0.013
COM3,GliderFET012,2025-06-19 03:11,13.1371,33.7114,3.58,-0.434963,2.4e-05,-0.4952,3.1e-05,43.02,0.028
COM4,GliderFET004,2025-06-19 03:11,13.1371,33.7114,3.54,-0.831069,3.5e-05,-0.872426,1.4e-05,-2.08,-0.02
COM3,GliderFET012,2025-06-19 03:12,13.1383,33.7113,3.58,-0.434988,2.3e-05,-0.49524,5e-05,43.13,0.114
COM4,GliderFET004,2025-06-19 03:12,13.1383,33.7113,3.54,-0.831062,1.5e-05,-0.872419,8e-06,2.7,-0.019
COM3,GliderFET012,2025-06-19 03:13,13.1389,33.7113,3.58,-0.434984,3.3e-05,-0.495279,4.6e-05,43.91,0.031
COM4,GliderFET004,2025-06-19 03:13,13.1389,33.7113,3.54,-0.831042,2.9e-05,-0.872409,9e-06,0.33,-0.022
COM3,GliderFET012,2025-06-19 03:14,13.142,33.7109,3.58,-0.43492,2.9e-05,-0.495203,6.1e-05,43.39,0.046
COM4,GliderFET004,2025-06-19 03:14,13.142,33.7109,3.54,-0.831008,3.8e-05,-0.872366,1.3e-05,-2.34,-0.022
COM3,GliderFET012,2025-06-19 03:15,13.1437,33.7115,3.58,-0.434933,2.6e-05,-0.495229,4.8e-05,44.45,0.021
COM4,GliderFET004,2025-06-19 03:15,13.1437,33.7115,3.54,-0.83103,2.3e-05,-0.872406,7e-06,1.45,-0.015
COM3,GliderFET012,2025-06-19 03:16,13.1436,33.7111,3.58,-0.434911,1.7e-05,-0.495215,1.2e-05,44.19,0.092
COM4,GliderFET004,2025-06-19 03:16,13.1436,33.7111,3.54,-0.831034,2.6e-05,-0.872398,9e-06,-0.91,-0.026
COM3,GliderFET012,2025-06-19 03:17,13.1429,33.7115,3.58,-0.434903,1.9e-05,-0.495202,1e-05,43.41,0.125
COM4,GliderFET004,2025-06-19 03:17,13.1429,33.7115,3.54,-0.831019,2.8e-05,-0.872387,8e-06,-2.7,-0.015
COM3,GliderFET012,2025-06-19 03:18,13.1448,33.7109,3.58,-0.43488,2.5e-05,-0.49517,3.1e-05,41.68,0.132
COM4,GliderFET004,2025-06-19 03:18,13.1448,33.7109,3.54,-0.830996,2.2e-05,-0.872377,6e-06,3.16,-0.01
COM3,GliderFET012,2025-06-19 03:19,13.144,33.7112,3.58,-0.434869,2.5e-05,-0.49521,3.2e-05,46.78,0.157
COM4,GliderFET004,2025-06-19 03:19,13.144,33.7112,3.54,-0.831009,3e-05,-0.872408,1e-05,-0.5,-0.015
COM3,GliderFET012,2025-06-19 03:20,13.144,33.7116,3.58,-0.434859,2.9e-05,-0.495123,4.7e-05,41.65,0.065
COM4,GliderFET004,2025-06-19 03:20,13.144,33.7116,3.54,-0.830955,2.6e-05,-0.872365,1.8e-05,-1.64,-0.01
COM3,GliderFET012,2025-06-19 03:21,13.1456,33.7114,3.58,-0.434876,2.9e-05,-0.495165,6e-05,43.28,0.058
COM4,GliderFET004,2025-06-19 03:21,13.1456,33.7114,3.54,-0.831009,2.7e-05,-0.872412,1.4e-05,2.65,-0.011
COM3,GliderFET012,2025-06-19 03:22,13.1457,33.7113,3.58,-0.434829,4.1e-05,-0.495144,3.3e-05,44.81,0.058
COM4,GliderFET004,2025-06-19 03:22,13.1457,33.7113,3.54,-0.830979,2.8e-05,-0.872374,1.5e-05,0.54,-0.022
COM3,GliderFET012,2025-06-19 03:23,13.1463,33.7111,3.58,-0.434818,2.5e-05,-0.495101,2.6e-05,45.85,0.131
COM4,GliderFET004,2025-06-19 03:23,13.1463,33.7111,3.54,-0.830931,1.5e-05,-0.872351,9e-06,1.32,-0.018
COM3,GliderFET012,2025-06-19 03:24,13.1466,33.7112,3.58,-0.434833,1.7e-05,-0.495151,3.4e-05,43.65,0.079
COM4,GliderFET004,2025-06-19 03:24,13.1466,33.7112,3.54,-0.830975,2.9e-05,-0.872367,1.2e-05,-1.77,-0.028
COM3,GliderFET012,2025-06-19 03:25,13.146,33.7114,3.58,-0.434828,2.6e-05,-0.495151,3e-05,46.16,0.068
COM4,GliderFET004,2025-06-19 03:25,13.146,33.7114,3.54,-0.83095,2.5e-05,-0.872363,9e-06,4.93,-0.017
COM3,GliderFET012,2025-06-19 03:26,13.1461,33.7115,3.58,-0.434823,2.2e-05,-0.495133,4.8e-05,44.68,0.07
COM4,GliderFET004,2025-06-19 03:26,13.1461,33.7115,3.54,-0.83096,2.8e-05,-0.872357,1.8e-05,6.18,-0.016
COM3,GliderFET012,2025-06-19 03:27,13.1457,33.7111,3.58,-0.434781,2.5e-05,-0.495074,4e-05,43.02,0.087
COM4,GliderFET004,2025-06-19 03:27,13.1457,33.7111,3.54,-0.830932,1.6e-05,-0.872357,1.1e-05,3.16,-0.017
COM3,GliderFET012,2025-06-19 03:28,13.1449,33.711,3.58,-0.434778,1.7e-05,-0.495107,3.9e-05,42.94,0.091
COM4,GliderFET004,2025-06-19 03:28,13.1449,33.711,3.54,-0.830972,2.7e-05,-0.872386,7e-06,2.52,-0.02
COM3,GliderFET012,2025-06-19 03:29,13.1448,33.7113,3.58,-0.434785,2.6e-05,-0.495054,9e-06,42.19,0.086
COM4,GliderFET004,2025-06-19 03:29,13.1448,33.7113,3.54,-0.830949,2e-05,-0.872362,7e-06,-2.15,-0.018
COM3,GliderFET012,2025-06-19 03:30,13.1457,33.7113,3.58,-0.434757,3.4e-05,-0.495085,5.8e-05,46.18,0.051
COM4,GliderFET004,2025-06-19 03:30,13.1457,33.7113,3.54,-0.830949,2.3e-05,-0.872353,8e-06,1.22,-0.022
COM3,GliderFET012,2025-06-19 03:31,13.1462,33.7114,3.58,-0.434795,2e-05,-0.495113,3e-05,44.4,0.12
COM4,GliderFET004,2025-06-19 03:31,13.1462,33.7114,3.54,-0.83092,1.9e-05,-0.872358,5e-06,-0.86,-0.022
COM3,GliderFET012,2025-06-19 03:32,13.1465,33.7113,3.58,-0.434799,1.7e-05,-0.495102,4.8e-05,42.56,0.019
COM4,GliderFET004,2025-06-19 03:32,13.1465,33.7113,3.54,-0.830919,2.3e-05,-0.87235,1e-05,2.41,-0.021
COM3,GliderFET012,2025-06-19 03:33,13.1461,33.7113,3.58,-0.434799,2.5e-05,-0.495097,4.1e-05,46.81,0.108
COM4,GliderFET004,2025-06-19 03:33,13.1461,33.7113,3.54,-0.830913,2.6e-05,-0.872345,1.4e-05,-2.41,-0.024
COM3,GliderFET012,2025-06-19 03:34,13.1472,33.7113,3.58,-0.434767,1.4e-05,-0.495071,5e-05,45.38,0.102
COM4,GliderFET004,2025-06-19 03:34,13.1472,33.7113,3.54,-0.830875,2.9e-05,-0.872322,6e-06,0.1,-0.02
COM3,GliderFET012,2025-06-19 03:35,13.1465,33.7115,3.58,-0.43475,1.6e-05,-0.495065,3.5e-05,46.76,0.048
COM4,GliderFET004,2025-06-19 03:35,13.1465,33.7115,3.54,-0.830931,2.5e-05,-0.872363,1.2e-05,-2.43,-0.023
COM3,GliderFET012,2025-06-19 03:36,13.1458,33.7112,3.58,-0.434754,3.1e-05,-0.495073,5.9e-05,43.02,-0.001
COM4,GliderFET004,2025-06-19 03:36,13.1458,33.7112,3.54,-0.830903,1.9e-05,-0.872348,1.1e-05,-0.18,-0.024
COM3,GliderFET012,2025-06-19 03:37,13.1458,33.7112,3.58,-0.434784,2.2e-05,-0.495116,5.5e-05,41.49,0.128
COM4,GliderFET004,2025-06-19 03:37,13.1458,33.7112,3.54,-0.830943,1.4e-05,-0.872394,7e-06,-0.86,-0.022
COM3,GliderFET012,2025-06-19 03:38,13.1469,33.7114,3.58,-0.434778,1.9e-05,-0.495059,6e-05,42.22,0.061
COM4,GliderFET004,2025-06-19 03:38,13.1469,33.7114,3.54,-0.83092,1.3e-05,-0.872373,6e-06,-1.16,-0.022
COM3,GliderFET012,2025-06-19 03:39,13.1484,33.7113,3.58,-0.434754,2.6e-05,-0.495007,4.6e-05,46.57,0.026
COM4,GliderFET004,2025-06-19 03:39,13.1484,33.7113,3.54,-0.830897,2.5e-05,-0.872351,1.1e-05,3.39,-0.016
COM3,GliderFET012,2025-06-19 03:40,13.1484,33.7114,3.58,-0.434741,2.7e-05,-0.495078,5e-05,41.05,0.043
COM4,GliderFET004,2025-06-19 03:40,13.1484,33.7114,3.54,-0.830907,2.6e-05,-0.872367,1.3e-05,0.88,-0.021
COM3,GliderFET012,2025-06-19 03:41,13.1492,33.7111,3.58,-0.434747,2.1e-05,-0.495018,4.2e-05,44.86,0.164
COM4,GliderFET004,2025-06-19 03:41,13.1492,33.7111,3.54,-0.830887,1.9e-05,-0.872327,1.8e-05,-2.62,-0.012
COM3,GliderFET012,2025-06-19 03:42,13.1485,33.7113,3.58,-0.434731,2.1e-05,-0.495037,2.8e-05,42.46,0.144
COM4,GliderFET004,2025-06-19 03:42,13.1485,33.7113,3.54,-0.830912,1.8e-05,-0.872371,7e-06,-0.2,-0.02
COM3,GliderFET012,2025-06-19 03:43,13.1499,33.711,3.58,-0.434754,3.2e-05,-0.495086,4.4e-05,41.55,-0.022
COM4,GliderFET004,2025-06-19 03:43,13.1499,33.711,3.54,-0.830854,2.8e-05,-0.872335,1.2e-05,3.14,-0.027
COM3,GliderFET012,2025-06-19 03:44,13.1495,33.7113,3.58,-0.434706,1.3e-05,-0.495018,3e-05,41.76,0.12
COM4,GliderFET004,2025-06-19 03:44,13.1495,33.7113,3.54,-0.830893,2.3e-05,-0.87236,1.2e-05,1.81,-0.021
COM3,GliderFET012,2025-06-19 03:45,13.1501,33.7115,3.58,-0.434739,1.7e-05,-0.495025,1.1e-05,42.89,0.087
COM4,GliderFET004,2025-06-19 03:45,13.1501,33.7115,3.54,-0.830917,3.3e-05,-0.872375,1.2e-05,-1.27,-0.016
COM3,GliderFET012,2025-06-19 03:46,13.1499,33.7112,3.58,-0.434773,2.8e-05,-0.49509,4.4e-05,45.61,0.068
COM4,GliderFET004,2025-06-19 03:46,13.1499,33.7112,3.54,-0.830921,1.8e-05,-0.872385,9e-06,0.16,-0.019
COM3,GliderFET012,2025-06-19 03:47,13.1495,33.7116,3.58,-0.434696,2e-05,-0.495001,6.4e-05,45.56,0.13
COM4,GliderFET004,2025-06-19 03:47,13.1495,33.7116,3.54,-0.830866,2e-05,-0.87232,8e-06,0.13,-0.023
COM3,GliderFET012,2025-06-19 03:48,13.1512,33.711,3.58,-0.434698,3.1e-05,-0.495019,2.3e-05,42.69,0.148
COM4,GliderFET004,2025-06-19 03:48,13.1512,33.711,3.54,-0.830869,2.2e-05,-0.872343,5e-06,0.46,-0.02
COM3,GliderFET012,2025-06-19 03:49,13.151,33.7112,3.58,-0.434728,2.9e-05,-0.494997,3.8e-05,41.49,0.008
COM4,GliderFET004,2025-06-19 03:49,13.151,33.7112,3.54,-0.830874,1.9e-05,-0.872332,8e-06,4.79,-0.019
COM3,GliderFET012,2025-06-19 03:50,13.1526,33.7111,3.58,-0.434746,2.2e-05,-0.495045,2.6e-05,41.85,0.032
COM4,GliderFET004,2025-06-19 03:50,13.1526,33.7111,3.54,-0.830853,2.8e-05,-0.872327,1e-05,-0.46,-0.022
COM3,GliderFET012,2025-06-19 03:51,13.1529,33.7112,3.58,-0.434744,2e-05,-0.495066,3.6e-05,41.31,0.073
COM4,GliderFET004,2025-06-19 03:51,13.1529,33.7112,3.54,-0.83086,2e-05,-0.872351,1.6e-05,1.73,-0.026
COM3,GliderFET012,2025-06-19 03:52,13.1525,33.7114,3.58,-0.4347,2.3e-05,-0.495012,6.1e-05,45.88,0.071
COM4,GliderFET004,2025-06-19 03:52,13.1525,33.7114,3.54,-0.830844,2.4e-05,-0.872317,1e-05,-3.24,-0.021
COM3,GliderFET012,2025-06-19 03:53,13.1534,33.7113,3.58,-0.434679,1.3e-05,-0.494993,3e-05,44.5,0.046
COM4,GliderFET004,2025-06-19 03:53,13.1534,33.7113,3.54,-0.830836,1.2e-05,-0.87232,1e-05,0.15,-0.014
COM3,GliderFET012,2025-06-19 03:54,13.1555,33.7104,3.58,-0.434696,1.3e-05,-0.494996,4.1e-05,45.93,-0.01
COM4,GliderFET004,2025-06-19 03:54,13.1555,33.7104,3.54,-0.830841,2.5e-05,-0.872325,1.2e-05,0.21,-0.016
COM3,GliderFET012,2025-06-19 03:55,13.1609,33.7087,3.58,-0.434708,3e-05,-0.495042,4.1e-05,42.79,0.024
COM4,GliderFET004,2025-06-19 03:55,13.1609,33.7087,3.54,-0.830876,2.4e-05,-0.872361,8e-06,1.97,-0.018
COM3,GliderFET012,2025-06-19 03:56,13.1655,33.7077,3.58,-0.43472,1.8e-05,-0.495044,2.3e-05,44.78,0.085
COM4,GliderFET004,2025-06-19 03:56,13.1655,33.7077,3.54,-0.830846,2.6e-05,-0.872339,1.2e-05,-1.94,-0.027
COM3,GliderFET012,2025-06-19 03:57,13.1665,33.7076,3.58,-0.43471,1.7e-05,-0.495025,3e-05,43.95,0.129
COM4,GliderFET004,2025-06-19 03:57,13.1665,33.7076,3.54,-0.830877,2.4e-05,-0.872366,5e-06,-0.86,-0.029
COM3,GliderFET012,2025-06-19 03:58,13.1664,33.7085,3.58,-0.434684,3.1e-05,-0.495037,2.5e-05,44.86,0.049
COM4,GliderFET004,2025-06-19 03:58,13.1664,33.7085,3.54,-0.831035,1.9e-05,-0.872523,1.1e-05,-1.92,-0.03
COM3,GliderFET012,2025-06-19 03:59,13.1652,33.7085,3.58,-0.434707,1.8e-05,-0.495063,3.8e-05,45.93,0.046
COM4,GliderFET004,2025-06-19 03:59,13.1652,33.7085,3.54,-0.830995,2.4e-05,-0.872491,8e-06,-4.17,-0.021
COM3,GliderFET012,2025-06-19 04:00,13.1672,33.7081,3.58,-0.434686,1.5e-05,-0.495045,1.5e-05,43.33,0.054
COM4,GliderFET004,2025-06-19 04:00,13.1672,33.7081,3.54,-0.830961,2e-05,-0.872455,1e-05,0.78,-0.027
COM3,GliderFET012,2025-06-19 04:01,13.169,33.7079,3.58,-0.434697,1.9e-05,-0.495082,1.7e-05,42.09,-0.009
COM4,GliderFET004,2025-06-19 04:01,13.169,33.7079,3.54,-0.830932,2.6e-05,-0.872421,2.3e-05,5.32,-0.018
COM3,GliderFET012,2025-06-19 04:02,13.1689,33.7082,3.58,-0.434729,1.7e-05,-0.495104,4e-05,42.72,0.081
COM4,GliderFET004,2025-06-19 04:02,13.1689,33.7082,3.54,-0.830968,2.4e-05,-0.872478,1.9e-05,-2.1,-0.025
COM3,GliderFET012,2025-06-19 04:03,13.1727,33.7076,3.58,-0.434695,2.4e-05,-0.49508,4.6e-05,45.75,0.039
COM4,GliderFET004,2025-06-19 04:03,13.1727,33.7076,3.54,-0.830931,2.5e-05,-0.872432,5e-06,-1.77,-0.025
COM3,GliderFET012,2025-06-19 04:04,13.1758,33.7065,3.58,-0.434691,1.9e-05,-0.495113,1.7e-05,43.15,0.064
COM4,GliderFET004,2025-06-19 04:04,13.1758,33.7065,3.54,-0.830932,3e-05,-0.872441,7e-06,-1.03,-0.02
COM3,GliderFET012,2025-06-19 04:05,13.1788,33.7057,3.58,-0.434697,1.8e-05,-0.495138,3.7e-05,42.66,0.109
COM4,GliderFET004,2025-06-19 04:05,13.1788,33.7057,3.54,-0.830945,2.7e-05,-0.872467,1.1e-05,1.77,-0.021
COM3,GliderFET012,2025-06-19 04:06,13.1803,33.7049,3.58,-0.434699,1.6e-05,-0.495188,5.5e-05,46.55,0.01
COM4,GliderFET004,2025-06-19 04:06,13.1803,33.7049,3.54,-0.830912,2.7e-05,-0.872429,8e-06,-0.08,-0.021
COM3,GliderFET012,2025-06-19 04:07,13.182,33.7044,3.58,-0.43464,2.1e-05,-0.495137,4.1e-05,42.29,0.083
COM4,GliderFET004,2025-06-19 04:07,13.182,33.7044,3.54,-0.83088,1.9e-05,-0.872414,1e-05,-2.36,-0.014
COM3,GliderFET012,2025-06-19 04:08,13.1824,33.7043,3.58,-0.434635,1.6e-05,-0.495131,3.9e-05,42.43,-0.002
COM4,GliderFET004,2025-06-19 04:08,13.1824,33.7043,3.54,-0.830868,2e-05,-0.872408,1.3e-05,-1.16,-0.02
COM3,GliderFET012,2025-06-19 04:09,13.1844,33.7034,3.58,-0.434601,1.9e-05,-0.49513,3.5e-05,45.77,0.065
COM4,GliderFET004,2025-06-19 04:09,13.1844,33.7034,3.54,-0.830847,2.5e-05,-0.872387,8e-06,0.86,-0.019
COM3,GliderFET012,2025-06-19 04:10,13.1889,33.7021,3.58,-0.434662,2.6e-05,-0.495192,5.4e-05,44.25,0.024
COM4,GliderFET004,2025-06-19 04:10,13.1889,33.7021,3.54,-0.830828,2e-05,-0.872355,5e-06,3.22,-0.014
COM3,GliderFET012,2025-06-19 04:11,13.1927,33.7001,3.58,-0.434638,2.9e-05,-0.495199,3.3e-05,43.6,0.111
COM4,GliderFET004,2025-06-19 04:11,13.1927,33.7001,3.54,-0.830847,2.5e-05,-0.872384,8e-06,-0.72,-0.021
COM3,GliderFET012,2025-06-19 04:12,13.197,33.6986,3.58,-0.434576,3.3e-05,-0.495166,2.5e-05,46.44,0.041
COM4,GliderFET004,2025-06-19 04:12,13.197,33.6986,3.54,-0.830845,2.6e-05,-0.872397,1.4e-05,-0.85,-0.023
COM3,GliderFET012,2025-06-19 04:13,13.1992,33.6978,3.58,-0.434603,3e-05,-0.495222,1.1e-05,42.12,0.086
COM4,GliderFET004,2025-06-19 04:13,13.1992,33.6978,3.54,-0.830822,2.1e-05,-0.872378,4e-06,-3.61,-0.024
COM3,GliderFET012,2025-06-19 04:14,13.2018,33.6969,3.58,-0.434558,2.1e-05,-0.495201,4.3e-05,44.06,0.11
COM4,GliderFET004,2025-06-19 04:14,13.2018,33.6969,3.54,-0.830775,2.8e-05,-0.872342,1.1e-05,1.45,-0.016
COM3,GliderFET012,2025-06-19 04:15,13.2015,33.698,3.58,-0.434536,2.3e-05,-0.495177,3.6e-05,44.3,0.007
COM4,GliderFET004,2025-06-19 04:15,13.2015,33.698,3.54,-0.830777,2.4e-05,-0.872361,1.5e-05,1.11,-0.021
COM3,GliderFET012,2025-06-19 04:16,13.2001,33.6991,3.58,-0.434524,4e-05,-0.495252,4.8e-05,46.18,0.121
COM4,GliderFET004,2025-06-19 04:16,13.2001,33.6991,3.54,-0.830704,2e-05,-0.872297,3e-06,1.35,-0.02
COM3,GliderFET012,2025-06-19 04:17,13.2013,33.6991,3.58,-0.434515,2.8e-05,-0.495268,4.1e-05,44.12,0.079
COM4,GliderFET004,2025-06-19 04:17,13.2013,33.6991,3.54,-0.830721,2.3e-05,-0.872326,5e-06,0.13,-0.014
COM3,GliderFET012,2025-06-19 04:18,13.204,33.6977,3.58,-0.434464,1.6e-05,-0.495207,6.3e-05,44.74,0.016
COM4,GliderFET004,2025-06-19 04:18,13.204,33.6977,3.54,-0.830701,2.7e-05,-0.872315,1.1e-05,3.69,-0.017
COM3,GliderFET012,2025-06-19 04:19,13.2055,33.6972,3.58,-0.434431,3.1e-05,-0.495264,2.8e-05,46.13,0.063
COM4,GliderFET004,2025-06-19 04:19,13.2055,33.6972,3.54,-0.830722,3.1e-05,-0.872336,3e-06,-0.46,-0.02
COM3,GliderFET012,2025-06-19 04:20,13.2065,33.6971,3.58,-0.4344,2.4e-05,-0.49524,3.8e-05,42.74,0.068
COM4,GliderFET004,2025-06-19 04:20,13.2065,33.6971,3.54,-0.830667,2.4e-05,-0.872292,1e-05,0.67,-0.019
COM3,GliderFET012,2025-06-19 04:21,13.2082,33.6969,3.58,-0.434363,2.5e-05,-0.495273,5.1e-05,42.58,0.099
COM4,GliderFET004,2025-06-19 04:21,13.2082,33.6969,3.54,-0.830637,1.8e-05,-0.872273,1.4e-05,1.76,-0.023
COM3,GliderFET012,2025-06-19 04:23,13.2114,33.6954,3.58,-0.434303,1.5e-05,-0.495265,2.4e-05,41.06,0.041
COM4,GliderFET004,2025-06-19 04:23,13.2114,33.6954,3.54,-0.830563,2.6e-05,-0.872201,1.6e-05,5.32,-0.019
COM3,GliderFET012,2025-06-19 04:24,13.2164,33.693,3.58,-0.434237,2.3e-05,-0.495224,2.7e-05,46.6,0.027
COM4,GliderFET004,2025-06-19 04:24,13.2164,33.693,3.54,-0.830516,3.3e-05,-0.872175,7e-06,-1.5,-0.018
COM3,GliderFET012,2025-06-19 04:26,13.2221,33.6916,3.58,-0.434189,2.2e-05,-0.495221,5e-05,44.65,0.042
COM4,GliderFET004,2025-06-19 04:26,13.2221,33.6916,3.54,-0.83046,2.9e-05,-0.872166,8e-06,0.63,-0.017
COM3,GliderFET012,2025-06-19 04:27,13.2248,33.6907,3.58,-0.434129,2e-05,-0.49517,4.1e-05,45.83,0.1
COM4,GliderFET004,2025-06-19 04:27,13.2248,33.6907,3.54,-0.830473,2.5e-05,-0.872168,7e-06,-1.48,-0.019
COM3,GliderFET012,2025-06-19 04:28,13.2257,33.6902,3.58,-0.434076,2.4e-05,-0.495154,2.6e-05,41.81,0.076
COM4,GliderFET004,2025-06-19 04:28,13.2257,33.6902,3.54,-0.830402,2.4e-05,-0.872111,1.6e-05,-3.47,-0.022
COM3,GliderFET012,2025-06-19 04:29,13.2286,33.6896,3.58,-0.434084,3.5e-05,-0.495099,1.6e-05,44.6,0.027
COM4,GliderFET004,2025-06-19 04:29,13.2286,33.6896,3.54,-0.830348,3.5e-05,-0.872076,1.4e-05,-4.59,-0.012
COM3,GliderFET012,2025-06-19 04:30,13.2299,33.6897,3.58,-0.434029,2.1e-05,-0.495154,2.2e-05,44.17,0.111
COM4,GliderFET004,2025-06-19 04:30,13.2299,33.6897,3.54,-0.830304,4.3e-05,-0.872033,1.5e-05,2.33,-0.026
COM3,GliderFET012,2025-06-19 04:31,13.2297,33.6901,3.58,-0.433984,2.8e-05,-0.495107,4.3e-05,45.49,0.063
COM4,GliderFET004,2025-06-19 04:31,13.2297,33.6901,3.54,-0.830315,2.8e-05,-0.872051,1.3e-05,-2.36,-0.013
COM3,GliderFET012,2025-06-19 04:32,13.2295,33.6907,3.58,-0.433964,1.8e-05,-0.495064,4.5e-05,42.87,0.024
COM4,GliderFET004,2025-06-19 04:32,13.2295,33.6907,3.54,-0.830234,3.2e-05,-0.871998,1.9e-05,0.31,-0.017
COM3,GliderFET012,2025-06-19 04:33,13.2302,33.6907,3.58,-0.433916,2.6e-05,-0.495136,5.1e-05,46.35,0.038
COM4,GliderFET004,2025-06-19 04:33,13.2302,33.6907,3.54,-0.830254,2.6e-05,-0.872006,1.2e-05,3.42,-0.015
COM3,GliderFET012,2025-06-19 04:34,13.2316,33.6898,3.58,-0.433882,2.3e-05,-0.495119,6.6e-05,43.9,-0.028
COM4,GliderFET004,2025-06-19 04:34,13.2316,33.6898,3.54,-0.830185,3.3e-05,-0.871953,5e-06,1.14,-0.027
COM3,GliderFET012,2025-06-19 04:35,13.2334,33.6899,3.58,-0.433861,2.9e-05,-0.495081,4.7e-05,46.14,0.167
COM4,GliderFET004,2025-06-19 04:35,13.2334,33.6899,3.54,-0.830162,2.4e-05,-0.871931,1.9e-05,2.57,-0.025
COM3,GliderFET012,2025-06-19 04:36,13.2354,33.6893,3.58,-0.433783,2.2e-05,-0.495086,3.4e-05,45.67,0.066
COM4,GliderFET004,2025-06-19 04:36,13.2354,33.6893,3.54,-0.830119,2.1e-05,-0.871912,1.2e-05,1.06,-0.018
COM3,GliderFET012,2025-06-19 04:37,13.2366,33.6886,3.58,-0.433769,2.3e-05,-0.49505,4.2e-05,43.6,0.095
COM4,GliderFET004,2025-06-19 04:37,13.2366,33.6886,3.54,-0.830107,3.6e-05,-0.871898,1.3e-05,-1.14,-0.027
COM3,GliderFET012,2025-06-19 04:38,13.2376,33.6885,3.58,-0.433701,2.5e-05,-0.494966,3.5e-05,47.43,0.184
COM4,GliderFET004,2025-06-19 04:38,13.2376,33.6885,3.54,-0.830066,2.3e-05,-0.871885,1.1e-05,-2.1,-0.018
COM3,GliderFET012,2025-06-19 04:39,13.2374,33.6883,3.58,-0.433693,2.5e-05,-0.495052,4.7e-05,44.09,0.066
COM4,GliderFET004,2025-06-19 04:39,13.2374,33.6883,3.54,-0.83,3.4e-05,-0.871839,5e-06,-1.6,-0.026
COM3,GliderFET012,2025-06-19 04:40,13.2405,33.6869,3.58,-0.433623,2.6e-05,-0.494967,5.6e-05,45.51,0.098
COM4,GliderFET004,2025-06-19 04:40,13.2405,33.6869,3.54,-0.83002,2.7e-05,-0.871831,9e-06,1.55,-0.018
COM3,GliderFET012,2025-06-19 04:41,13.2454,33.6845,3.58,-0.43356,2.8e-05,-0.494991,5.7e-05,40.04,0.068
COM4,GliderFET004,2025-06-19 04:41,13.2454,33.6845,3.54,-0.829974,2.1e-05,-0.871816,9e-06,3.73,-0.024
COM3,GliderFET012,2025-06-19 04:42,13.2486,33.6836,3.58,-0.433552,3.5e-05,-0.49494,4.3e-05,43.57,0.06
COM4,GliderFET004,2025-06-19 04:42,13.2486,33.6836,3.54,-0.829902,1.6e-05,-0.871755,5e-06,0.02,-0.017
COM3,GliderFET012,2025-06-19 04:43,13.2492,33.6838,3.58,-0.433524,2e-05,-0.49492,3.5e-05,46.37,0.048
COM4,GliderFET004,2025-06-19 04:43,13.2492,33.6838,3.54,-0.829849,1.8e-05,-0.871698,1.7e-05,-0.34,-0.019
COM3,GliderFET012,2025-06-19 04:44,13.2523,33.6822,3.58,-0.433441,2e-05,-0.494827,1.2e-05,44.25,0.016
COM4,GliderFET004,2025-06-19 04:44,13.2523,33.6822,3.54,-0.82982,2.1e-05,-0.871692,9e-06,1.63,-0.03
COM3,GliderFET012,2025-06-19 04:45,13.2552,33.6815,3.58,-0.433437,2.9e-05,-0.494841,5.1e-05,46.35,0.043
COM4,GliderFET004,2025-06-19 04:45,13.2552,33.6815,3.54,-0.829792,1.7e-05,-0.871663,7e-06,0.68,-0.017
COM3,GliderFET012,2025-06-19 04:46,13.2556,33.6812,3.58,-0.433376,3.7e-05,-0.494786,5.3e-05,46.47,0.037
COM4,GliderFET004,2025-06-19 04:46,13.2556,33.6812,3.54,-0.829755,2e-05,-0.871637,3e-06,0.2,-0.024
COM3,GliderFET012,2025-06-19 04:47,13.2568,33.6808,3.58,-0.43334,2.8e-05,-0.494802,3e-05,42.27,0.088
COM4,GliderFET004,2025-06-19 04:47,13.2568,33.6808,3.54,-0.82973,2e-05,-0.871613,9e-06,-0.44,-0.016
COM3,GliderFET012,2025-06-19 04:48,13.2598,33.6795,3.58,-0.433338,2.3e-05,-0.494774,2.7e-05,43.23,0.082
COM4,GliderFET004,2025-06-19 04:48,13.2598,33.6795,3.54,-0.829664,2.3e-05,-0.87157,1e-05,1.86,-0.02
COM3,GliderFET012,2025-06-19 04:49,13.261,33.6794,3.58,-0.433297,2.6e-05,-0.494731,4.8e-05,44.38,0.103
COM4,GliderFET004,2025-06-19 04:49,13.261,33.6794,3.54,-0.829655,2.4e-05,-0.871562,8e-06,1.11,-0.017
COM3,GliderFET012,2025-06-19 04:50,13.2612,33.6797,3.58,-0.433242,2.5e-05,-0.494711,1.1e-05,44.34,-0.028
COM4,GliderFET004,2025-06-19 04:50,13.2612,33.6797,3.54,-0.829623,1.6e-05,-0.871544,1e-05,1.32,-0.01
COM3,GliderFET012,2025-06-19 04:51,13.2617,33.6797,3.58,-0.433221,2.6e-05,-0.494695,5.7e-05,40.9,0.079
COM4,GliderFET004,2025-06-19 04:51,13.2617,33.6797,3.54,-0.829575,2.2e-05,-0.871504,8e-06,0.28,-0.028
COM3,GliderFET012,2025-06-19 04:52,13.2638,33.6792,3.58,-0.433212,2e-05,-0.494741,3.5e-05,45.35,0.031
COM4,GliderFET004,2025-06-19 04:52,13.2638,33.6792,3.54,-0.82954,1.3e-05,-0.871481,1.2e-05,0.85,-0.014
COM3,GliderFET012,2025-06-19 04:53,13.2669,33.6781,3.58,-0.433179,2.2e-05,-0.494684,3.2e-05,41.78,0.072
COM4,GliderFET004,2025-06-19 04:53,13.2669,33.6781,3.54,-0.829532,1.9e-05,-0.871475,1e-05,0.75,-0.016
COM3,GliderFET012,2025-06-19 04:54,13.2674,33.6783,3.58,-0.433145,2.9e-05,-0.49469,1.8e-05,42.24,0.036
COM4,GliderFET004,2025-06-19 04:54,13.2674,33.6783,3.54,-0.829467,1.7e-05,-0.871428,1.5e-05,-1.03,-0.023
COM3,GliderFET012,2025-06-19 04:55,13.2682,33.6778,3.58,-0.43307,2.6e-05,-0.494649,1.7e-05,42.09,-0.003
COM4,GliderFET004,2025-06-19 04:55,13.2682,33.6778,3.54,-0.829405,1.8e-05,-0.871382,1e-05,0.0,-0.018
COM3,GliderFET012,2025-06-19 04:57,13.2725,33.6757,3.58,-0.432959,2.4e-05,-0.49462,5.3e-05,43.51,0.043
COM4,GliderFET004,2025-06-19 04:57,13.2725,33.6757,3.54,-0.829323,1.6e-05,-0.871327,1.2e-05,0.18,-0.016
COM3,GliderFET012,2025-06-19 04:58,13.2767,33.6743,3.58,-0.432924,2.9e-05,-0.494623,5.8e-05,45.1,0.061
COM4,GliderFET004,2025-06-19 04:58,13.2767,33.6743,3.54,-0.829305,1.6e-05,-0.871305,8e-06,-0.37,-0.02
COM3,GliderFET012,2025-06-19 05:00,13.2757,33.6751,3.58,-0.432823,2.1e-05,-0.49459,4.4e-05,44.4,0.084
COM4,GliderFET004,2025-06-19 05:00,13.2757,33.6751,3.54,-0.829211,1.8e-05,-0.871247,5e-06,1.73,-0.017
COM3,GliderFET012,2025-06-19 05:01,13.2775,33.6745,3.58,-0.432789,2.5e-05,-0.494492,4.6e-05,42.35,0.0
COM4,GliderFET004,2025-06-19 05:01,13.2775,33.6745,3.54,-0.829149,2.2e-05,-0.87118,7e-06,-1.4,-0.02
COM3,GliderFET012,2025-06-19 05:03,13.2774,33.6748,3.58,-0.432698,3.6e-05,-0.494459,3.1e-05,46.09,0.019
COM4,GliderFET004,2025-06-19 05:03,13.2774,33.6748,3.54,-0.829064,1.8e-05,-0.871109,1.1e-05,1.74,-0.013
COM3,GliderFET012,2025-06-19 05:04,13.2768,33.6757,3.58,-0.432618,2.8e-05,-0.494418,3.5e-05,41.96,0.067
COM4,GliderFET004,2025-06-19 05:04,13.2768,33.6757,3.54,-0.829041,3.1e-05,-0.871106,9e-06,-3.99,-0.021
COM3,GliderFET012,2025-06-19 05:05,13.2738,33.6768,3.58,-0.432663,1.2e-05,-0.494482,3.2e-05,41.44,0.121
COM4,GliderFET004,2025-06-19 05:05,13.2738,33.6768,3.54,-0.828981,1.6e-05,-0.871073,1.5e-05,-0.34,-0.019
COM3,GliderFET012,2025-06-19 05:06,13.2723,33.6775,3.58,-0.432579,2e-05,-0.494395,6.5e-05,43.68,0.065
COM4,GliderFET004,2025-06-19 05:06,13.2723,33.6775,3.54,-0.828957,1.8e-05,-0.871056,1.5e-05,-1.5,-0.023
COM3,GliderFET012,2025-06-19 05:07,13.2716,33.6776,3.58,-0.432537,2.6e-05,-0.494382,3.9e-05,42.43,0.03
COM4,GliderFET004,2025-06-19 05:07,13.2716,33.6776,3.54,-0.828917,2.9e-05,-0.871005,7e-06,-2.46,-0.025
COM3,GliderFET012,2025-06-19 05:08,13.2709,33.6781,3.58,-0.432525,2.1e-05,-0.494377,4e-05,43.21,0.047
COM4,GliderFET004,2025-06-19 05:08,13.2709,33.6781,3.54,-0.828918,2.1e-05,-0.871013,1.2e-05,1.4,-0.008
COM3,GliderFET012,2025-06-19 05:09,13.2712,33.678,3.58,-0.432478,2.6e-05,-0.494371,3.4e-05,45.13,0.084
COM4,GliderFET004,2025-06-19 05:09,13.2712,33.678,3.54,-0.828865,2.5e-05,-0.870958,1.1e-05,-0.62,-0.019
COM3,GliderFET012,2025-06-19 05:10,13.2719,33.6779,3.58,-0.43243,3.3e-05,-0.49432,3.7e-05,40.06,-0.039
COM4,GliderFET004,2025-06-19 05:10,13.2719,33.6779,3.54,-0.828788,2.7e-05,-0.870905,1e-05,2.38,-0.021
COM3,GliderFET012,2025-06-19 05:11,13.2728,33.6774,3.58,-0.432387,2.3e-05,-0.494279,3.2e-05,41.34,-0.001
COM4,GliderFET004,2025-06-19 05:11,13.2728,33.6774,3.54,-0.828795,2.3e-05,-0.870925,9e-06,-1.58,-0.014
COM3,GliderFET012,2025-06-19 05:12,13.2731,33.6773,3.58,-0.432346,2.1e-05,-0.49425,1.6e-05,44.03,0.088
COM4,GliderFET004,2025-06-19 05:12,13.2731,33.6773,3.54,-0.828747,2.1e-05,-0.870873,1.3e-05,1.61,-0.022
COM3,GliderFET012,2025-06-19 05:13,13.2704,33.6766,3.58,-0.432316,1.5e-05,-0.49419,4.1e-05,44.35,0.163
COM4,GliderFET004,2025-06-19 05:13,13.2704,33.6766,3.54,-0.828738,2.2e-05,-0.870869,1.1e-05,-1.33,-0.022
COM3,GliderFET012,2025-06-19 05:14,13.269,33.6766,3.58,-0.432276,2.2e-05,-0.494159,5.6e-05,41.23,0.082
COM4,GliderFET004,2025-06-19 05:14,13.269,33.6766,3.54,-0.828684,2.5e-05,-0.870819,8e-06,-2.39,-0.024
COM3,GliderFET012,2025-06-19 05:15,13.2719,33.6768,3.58,-0.432295,2e-05,-0.494151,3.1e-05,43.57,0.042
COM4,GliderFET004,2025-06-19 05:15,13.2719,33.6768,3.54,-0.828687,2e-05,-0.870826,1.8e-05,-2.12,-0.013
COM3,GliderFET012,2025-06-19 05:16,13.2794,33.6771,3.58,-0.432252,2.5e-05,-0.494096,4.1e-05,42.32,0.097
COM4,GliderFET004,2025-06-19 05:16,13.2794,33.6771,3.54,-0.828666,1.9e-05,-0.870813,7e-06,2.85,-0.019
COM3,GliderFET012,2025-06-19 05:17,13.2799,33.6772,3.58,-0.432237,2.4e-05,-0.494079,4e-05,42.82,0.083
COM4,GliderFET004,2025-06-19 05:17,13.2799,33.6772,3.54,-0.82862,2.4e-05,-0.870737,1.6e-05,3.63,-0.02
COM3,GliderFET012,2025-06-19 05:18,13.279,33.6772,3.58,-0.432221,2.3e-05,-0.494061,3.7e-05,45.49,0.005
COM4,GliderFET004,2025-06-19 05:18,13.279,33.6772,3.54,-0.828588,1.8e-05,-0.870736,8e-06,2.54,-0.03
COM3,GliderFET012,2025-06-19 05:19,13.2819,33.677,3.58,-0.432202,2.5e-05,-0.494043,4.6e-05,40.84,0.071
COM4,GliderFET004,2025-06-19 05:19,13.2819,33.677,3.54,-0.82858,2.4e-05,-0.870716,1.2e-05,-3.78,-0.019
COM3,GliderFET012,2025-06-19 05:20,13.2816,33.6774,3.58,-0.432158,3.3e-05,-0.493957,5.1e-05,43.85,0.13
COM4,GliderFET004,2025-06-19 05:20,13.2816,33.6774,3.54,-0.82855,3.4e-05,-0.870709,1.7e-05,-2.8,-0.019
COM3,GliderFET012,2025-06-19 05:21,13.2826,33.6769,3.58,-0.432169,2e-05,-0.494012,6e-06,45.12,0.081
COM4,GliderFET004,2025-06-19 05:21,13.2826,33.6769,3.54,-0.82858,2.2e-05,-0.870738,1e-05,1.86,-0.012
COM3,GliderFET012,2025-06-19 05:22,13.2843,33.6775,3.58,-0.432155,2.8e-05,-0.49398,1.8e-05,42.38,0.127
COM4,GliderFET004,2025-06-19 05:22,13.2843,33.6775,3.54,-0.82859,2.6e-05,-0.870738,1e-05,-0.1,-0.02
COM3,GliderFET012,2025-06-19 05:23,13.285,33.6773,3.58,-0.432129,3e-05,-0.493926,4.2e-05,40.25,0.159
COM4,GliderFET004,2025-06-19 05:23,13.285,33.6773,3.54,-0.828621,2.6e-05,-0.870758,1e-05,-1.99,-0.021
COM3,GliderFET012,2025-06-19 05:24,13.2863,33.6771,3.58,-0.432111,2.5e-05,-0.493898,4.2e-05,45.74,0.064
COM4,GliderFET004,2025-06-19 05:24,13.2863,33.6771,3.54,-0.82866,2.8e-05,-0.870807,9e-06,2.15,-0.015
COM3,GliderFET012,2025-06-19 05:25,13.2863,33.6771,3.58,-0.432072,1.8e-05,-0.493853,3.9e-05,42.09,-0.01
COM4,GliderFET004,2025-06-19 05:25,13.2863,33.6771,3.54,-0.82862,2.6e-05,-0.870777,1.2e-05,-2.08,-0.02
COM3,GliderFET012,2025-06-19 05:26,13.2888,33.6772,3.58,-0.432124,2.8e-05,-0.493926,5.7e-05,43.64,0.007
COM4,GliderFET004,2025-06-19 05:26,13.2888,33.6772,3.54,-0.828589,2.7e-05,-0.870762,1.3e-05,-0.9,-0.025
COM3,GliderFET012,2025-06-19 05:27,13.2875,33.677,3.58,-0.43215,1.8e-05,-0.493915,3.9e-05,43.15,0.015
COM4,GliderFET004,2025-06-19 05:27,13.2875,33.677,3.54,-0.828637,2.6e-05,-0.8708,4e-06,-0.36,-0.023
COM3,GliderFET012,2025-06-19 05:28,13.2896,33.6774,3.58,-0.432071,2.6e-05,-0.493893,3.1e-05,42.19,0.071
COM4,GliderFET004,2025-06-19 05:28,13.2896,33.6774,3.54,-0.828588,2.8e-05,-0.870768,1.2e-05,-1.84,-0.019
COM3,GliderFET012,2025-06-19 05:29,13.2917,33.6774,3.58,-0.432055,2.4e-05,-0.493841,4.3e-05,43.83,0.037
COM4,GliderFET004,2025-06-19 05:29,13.2917,33.6774,3.54,-0.82855,1.8e-05,-0.870743,1.1e-05,2.33,-0.015
COM3,GliderFET012,2025-06-19 05:30,13.2909,33.6775,3.58,-0.432113,3e-05,-0.493902,3.5e-05,42.95,0.167
COM4,GliderFET004,2025-06-19 05:30,13.2909,33.6775,3.54,-0.828657,2.7e-05,-0.87084,1e-05,-0.91,-0.022
COM3,GliderFET012,2025-06-19 05:31,13.2917,33.6773,3.58,-0.432075,2.1e-05,-0.493889,2.5e-05,43.0,0.086
COM4,GliderFET004,2025-06-19 05:31,13.2917,33.6773,3.54,-0.828606,2.3e-05,-0.870796,8e-06,-0.88,-0.023
COM3,GliderFET012,2025-06-19 05:32,13.2919,33.6774,3.58,-0.432083,3.9e-05,-0.49385,3.5e-05,42.99,-0.007
COM4,GliderFET004,2025-06-19 05:32,13.2919,33.6774,3.54,-0.828635,2.1e-05,-0.870821,1.2e-05,-2.1,-0.022
COM3,GliderFET012,2025-06-19 05:33,13.2917,33.6773,3.58,-0.432089,2.5e-05,-0.493867,3.4e-05,43.96,0.108
COM4,GliderFET004,2025-06-19 05:33,13.2917,33.6773,3.54,-0.828646,2.7e-05,-0.870826,1.1e-05,-0.75,-0.022
COM3,GliderFET012,2025-06-19 05:34,13.2947,33.6773,3.58,-0.432062,2.6e-05,-0.493845,4.8e-05,46.24,0.054
COM4,GliderFET004,2025-06-19 05:34,13.2947,33.6773,3.54,-0.82863,2.7e-05,-0.870809,7e-06,-2.62,-0.024
COM3,GliderFET012,2025-06-19 05:36,13.2978,33.6775,3.58,-0.432021,2.3e-05,-0.493837,4.3e-05,45.23,0.09
COM4,GliderFET004,2025-06-19 05:36,13.2978,33.6775,3.54,-0.828652,1.3e-05,-0.87085,5e-06,-1.81,-0.02
COM3,GliderFET012,2025-06-19 05:37,13.2958,33.6773,3.58,-0.432042,2.2e-05,-0.493831,2.5e-05,44.06,0.155
COM4,GliderFET004,2025-06-19 05:37,13.2958,33.6773,3.54,-0.828651,2.6e-05,-0.870862,1.2e-05,-1.09,-0.028
COM3,GliderFET012,2025-06-19 05:39,13.2963,33.6773,3.58,-0.432054,2.3e-05,-0.493863,2.6e-05,46.06,0.036
COM4,GliderFET004,2025-06-19 05:39,13.2963,33.6773,3.55,-0.828674,2.5e-05,-0.87086,1.2e-05,1.46,-0.02
COM3,GliderFET012,2025-06-19 05:40,13.2962,33.6773,3.58,-0.432039,3e-05,-0.493896,2.5e-05,45.91,0.027
COM4,GliderFET004,2025-06-19 05:40,13.2962,33.6773,3.54,-0.828731,2.6e-05,-0.870923,1.9e-05,2.88,-0.016
COM3,GliderFET012,2025-06-19 05:41,13.2956,33.6777,3.58,-0.432044,1.7e-05,-0.493847,5.6e-05,41.06,0.027
COM4,GliderFET004,2025-06-19 05:41,13.2956,33.6777,3.55,-0.828763,2.9e-05,-0.870964,1e-05,2.75,-0.014
COM3,GliderFET012,2025-06-19 05:42,13.2949,33.6774,3.58,-0.432072,3.1e-05,-0.493879,2.5e-05,45.07,0.053
COM4,GliderFET004,2025-06-19 05:42,13.2949,33.6774,3.54,-0.828769,2.4e-05,-0.870971,1.2e-05,2.95,-0.016
COM3,GliderFET012,2025-06-19 05:43,13.2953,33.6774,3.58,-0.432073,1.7e-05,-0.493857,1.9e-05,44.71,0.034
COM4,GliderFET004,2025-06-19 05:43,13.2953,33.6774,3.55,-0.828833,2.5e-05,-0.871028,9e-06,2.31,-0.018
COM3,GliderFET012,2025-06-19 05:44,13.2951,33.6772,3.58,-0.432025,2.2e-05,-0.49387,4.2e-05,43.99,0.045
COM4,GliderFET004,2025-06-19 05:44,13.2951,33.6772,3.55,-0.828856,2.6e-05,-0.871055,1.1e-05,-0.24,-0.024
COM3,GliderFET012,2025-06-19 05:45,13.295,33.6773,3.58,-0.432047,1.7e-05,-0.493863,2.4e-05,45.48,0.059
COM4,GliderFET004,2025-06-19 05:45,13.295,33.6773,3.54,-0.828938,2.7e-05,-0.871156,1.6e-05,-0.41,-0.019
COM3,GliderFET012,2025-06-19 05:46,13.2956,33.6773,3.58,-0.431998,2.3e-05,-0.493832,4.5e-05,43.82,0.13
COM4,GliderFET004,2025-06-19 05:46,13.2956,33.6773,3.54,-0.828941,2e-05,-0.871169,8e-06,-0.08,-0.022
COM3,GliderFET012,2025-06-19 05:47,13.2954,33.6771,3.58,-0.432047,3.1e-05,-0.4939,5.2e-05,45.75,0.07
COM4,GliderFET004,2025-06-19 05:47,13.2954,33.6771,3.55,-0.82893,2.3e-05,-0.871159,9e-06,-0.33,-0.016
COM3,GliderFET012,2025-06-19 05:48,13.2952,33.6773,3.58,-0.432021,2.2e-05,-0.493884,6e-05,43.15,0.132
COM4,GliderFET004,2025-06-19 05:48,13.2952,33.6773,3.55,-0.828993,2.8e-05,-0.871196,6e-06,-3.65,-0.018
COM3,GliderFET012,2025-06-19 05:49,13.2953,33.6772,3.58,-0.432048,2.4e-05,-0.493891,5.8e-05,41.52,0.023
COM4,GliderFET004,2025-06-19 05:49,13.2953,33.6772,3.54,-0.829159,2e-05,-0.871393,7e-06,1.71,-0.026
COM3,GliderFET012,2025-06-19 05:50,13.2963,33.6771,3.58,-0.432055,2.1e-05,-0.493891,2.6e-05,41.72,0.041
COM4,GliderFET004,2025-06-19 05:50,13.2963,33.6771,3.55,-0.828993,1.9e-05,-0.871228,1.1e-05,0.34,-0.012
COM3,GliderFET012,2025-06-19 05:51,13.2964,33.6774,3.58,-0.432001,2.4e-05,-0.493941,3.9e-05,43.13,0.073
COM4,GliderFET004,2025-06-19 05:51,13.2964,33.6774,3.55,-0.828928,1.8e-05,-0.87117,1.6e-05,3.16,-0.02
COM3,GliderFET012,2025-06-19 05:52,13.2966,33.6774,3.58,-0.432036,1.8e-05,-0.493905,4.1e-05,42.74,0.017
COM4,GliderFET004,2025-06-19 05:52,13.2966,33.6774,3.55,-0.82894,2.3e-05,-0.87117,9e-06,3.52,-0.014
COM3,GliderFET012,2025-06-19 05:53,13.2988,33.6772,3.58,-0.432021,3e-05,-0.493896,4.1e-05,42.5,0.161
COM4,GliderFET004,2025-06-19 05:53,13.2988,33.6772,3.55,-0.82888,1.7e-05,-0.871125,1.6e-05,-2.44,-0.015
COM3,GliderFET012,2025-06-19 05:54,13.2991,33.6775,3.58,-0.431998,2.5e-05,-0.493886,4.9e-05,43.77,0.084
COM4,GliderFET004,2025-06-19 05:54,13.2991,33.6775,3.55,-0.828844,3.1e-05,-0.871108,1.2e-05,4.15,-0.016
COM3,GliderFET012,2025-06-19 05:55,13.2999,33.6774,3.58,-0.432058,2.6e-05,-0.493896,3.8e-05,41.15,0.087
COM4,GliderFET004,2025-06-19 05:55,13.2999,33.6774,3.55,-0.828869,2.3e-05,-0.871115,5e-06,2.1,-0.012
COM3,GliderFET012,2025-06-19 05:56,13.2994,33.6772,3.58,-0.432034,3.5e-05,-0.49389,2.8e-05,46.01,0.014
COM4,GliderFET004,2025-06-19 05:56,13.2994,33.6772,3.55,-0.828823,1.7e-05,-0.871075,1e-05,1.64,-0.021
COM3,GliderFET012,2025-06-19 05:57,13.2995,33.6772,3.58,-0.432005,2.7e-05,-0.493883,5e-05,46.88,0.03
COM4,GliderFET004,2025-06-19 05:57,13.2995,33.6772,3.55,-0.828891,2.1e-05,-0.871145,1.8e-05,-2.07,-0.026
COM3,GliderFET012,2025-06-19 05:58,13.3003,33.6774,3.58,-0.43203,2.9e-05,-0.493914,3.5e-05,41.15,0.005
COM4,GliderFET004,2025-06-19 05:58,13.3003,33.6774,3.55,-0.828914,1.5e-05,-0.871166,1.6e-05,-3.53,-0.025
COM3,GliderFET012,2025-06-19 05:59,13.3004,33.6773,3.58,-0.432029,2.3e-05,-0.493895,2.9e-05,43.47,0.099
COM4,GliderFET004,2025-06-19 05:59,13.3004,33.6773,3.55,-0.82892,2.9e-05,-0.87117,6e-06,2.41,-0.024
COM3,GliderFET012,2025-06-19 06:00,13.2999,33.6773,3.58,-0.432021,2.5e-05,-0.493895,4.2e-05,45.85,0.107
COM4,GliderFET004,2025-06-19 06:00,13.2999,33.6773,3.55,-0.828858,4.1e-05,-0.87112,1.1e-05,0.41,-0.02
COM3,GliderFET012,2025-06-19 06:01,13.3004,33.6773,3.58,-0.432014,2.4e-05,-0.493886,5e-05,45.08,0.087
COM4,GliderFET004,2025-06-19 06:01,13.3004,33.6773,3.55,-0.828871,3.2e-05,-0.871144,1.7e-05,0.16,-0.012
COM3,GliderFET012,2025-06-19 06:02,13.3011,33.6772,3.58,-0.432024,2.1e-05,-0.493931,1.7e-05,42.46,0.044
COM4,GliderFET004,2025-06-19 06:02,13.3011,33.6772,3.55,-0.828829,1e-05,-0.871094,4e-06,-3.21,-0.02
COM3,GliderFET012,2025-06-19 06:03,13.3026,33.6773,3.58,-0.432024,2.8e-05,-0.493917,7.3e-05,41.76,0.029
COM4,GliderFET004,2025-06-19 06:03,13.3026,33.6773,3.55,-0.828841,1.7e-05,-0.871106,1e-05,2.54,-0.018
COM3,GliderFET012,2025-06-19 06:04,13.3029,33.6775,3.58,-0.432014,3.1e-05,-0.493887,2.5e-05,41.98,0.064
COM4,GliderFET004,2025-06-19 06:04,13.3029,33.6775,3.55,-0.82881,3.9e-05,-0.87107,1.6e-05,-1.03,-0.024
COM3,GliderFET012,2025-06-19 06:05,13.3034,33.6777,3.58,-0.432031,2.7e-05,-0.493934,4.8e-05,45.43,0.125
COM4,GliderFET004,2025-06-19 06:05,13.3034,33.6777,3.55,-0.828817,1.7e-05,-0.871083,5e-06,-0.42,-0.027
COM3,GliderFET012,2025-06-19 06:06,13.4515,33.6885,3.58,-0.432013,3e-05,-0.49393,4.3e-05,47.75,0.035
COM4,GliderFET004,2025-06-19 06:06,13.4515,33.6885,3.55,-0.828777,1.9e-05,-0.871039,7e-06,-1.03,-0.032
COM3,GliderFET012,2025-06-19 06:07,13.4748,33.6754,3.58,-0.432028,2.1e-05,-0.493936,4.6e-05,42.76,0.097
COM4,GliderFET004,2025-06-19 06:07,13.4748,33.6754,3.55,-0.828772,2.6e-05,-0.871043,1e-05,0.37,-0.02
COM3,GliderFET012,2025-06-19 06:08,13.3474,33.6774,3.58,-0.431996,2.1e-05,-0.493925,3.7e-05,45.75,0.12
COM4,GliderFET004,2025-06-19 06:08,13.3474,33.6774,3.55,-0.82876,1.9e-05,-0.871017,8e-06,-0.08,-0.023
COM3,GliderFET012,2025-06-19 06:09,13.3263,33.6774,3.58,-0.431983,2.6e-05,-0.493951,5.5e-05,40.28,0.086
COM4,GliderFET004,2025-06-19 06:09,13.3263,33.6774,3.55,-0.82874,2.6e-05,-0.871015,3e-06,-1.07,-0.021
COM3,GliderFET012,2025-06-19 06:10,13.3168,33.6772,3.58,-0.43195,2.7e-05,-0.493852,6.2e-05,42.04,-0.016
COM4,GliderFET004,2025-06-19 06:10,13.3168,33.6772,3.55,-0.828731,1.9e-05,-0.871024,1.2e-05,0.93,-0.022
COM3,GliderFET012,2025-06-19 06:11,13.3,33.6779,3.58,-0.431963,2.5e-05,-0.493938,4.7e-05,44.16,0.076
COM4,GliderFET004,2025-06-19 06:11,13.3,33.6779,3.55,-0.828769,2e-05,-0.871054,9e-06,-3.45,-0.016
COM3,GliderFET012,2025-06-19 06:12,13.2932,33.6783,3.58,-0.431928,2.6e-05,-0.493902,3.1e-05,42.92,-0.02
COM4,GliderFET004,2025-06-19 06:12,13.2932,33.6783,3.55,-0.828775,1.8e-05,-0.871051,1e-05,0.41,-0.024
COM3,GliderFET012,2025-06-19 06:13,13.2997,33.678,3.58,-0.43193,1e-05,-0.493924,5.2e-05,42.25,0.088
COM4,GliderFET004,2025-06-19 06:13,13.2997,33.678,3.55,-0.82874,1.7e-05,-0.871039,1.2e-05,-1.07,-0.024
COM3,GliderFET012,2025-06-19 06:14,13.295,33.6781,3.58,-0.431915,2.3e-05,-0.493921,3.2e-05,46.32,0.072
COM4,GliderFET004,2025-06-19 06:14,13.295,33.6781,3.55,-0.828696,2.3e-05,-0.871015,9e-06,0.59,-0.021
COM3,GliderFET012,2025-06-19 06:15,13.2742,33.6788,3.58,-0.431945,2.9e-05,-0.493948,3.3e-05,41.11,0.077
COM4,GliderFET004,2025-06-19 06:15,13.2742,33.6788,3.55,-0.828701,1.5e-05,-0.871006,1.6e-05,2.8,-0.019
COM3,GliderFET012,2025-06-19 06:16,13.2531,33.6798,3.58,-0.431972,2e-05,-0.494007,4.2e-05,46.7,0.06
COM4,GliderFET004,2025-06-19 06:16,13.2531,33.6798,3.55,-0.828689,1.5e-05,-0.871006,1.4e-05,0.49,-0.022
COM3,GliderFET012,2025-06-19 06:17,13.2426,33.68,3.58,-0.43201,2.5e-05,-0.494016,3.9e-05,43.77,0.159
COM4,GliderFET004,2025-06-19 06:17,13.2426,33.68,3.55,-0.828705,1.4e-05,-0.871017,6e-06,1.2,-0.022
COM3,GliderFET012,2025-06-19 06:18,13.2347,33.6803,3.58,-0.432022,1.9e-05,-0.494054,3.4e-05,44.45,0.007
COM4,GliderFET004,2025-06-19 06:18,13.2347,33.6803,3.55,-0.828711,2.2e-05,-0.871047,1.2e-05,-0.18,-0.024
COM3,GliderFET012,2025-06-19 06:19,13.224,33.681,3.58,-0.432026,2.6e-05,-0.493998,4.4e-05,44.97,0.15
COM4,GliderFET004,2025-06-19 06:19,13.224,33.681,3.55,-0.82872,2.7e-05,-0.871034,1.4e-05,0.81,-0.021
COM3,GliderFET012,2025-06-19 06:20,13.2174,33.6813,3.58,-0.432034,2.4e-05,-0.494015,3.6e-05,41.47,0.031
COM4,GliderFET004,2025-06-19 06:20,13.2174,33.6813,3.55,-0.828728,2.6e-05,-0.871024,1.2e-05,0.47,-0.017
COM3,GliderFET012,2025-06-19 06:21,13.1997,33.6817,3.58,-0.432053,1.6e-05,-0.494014,3.2e-05,44.97,0.106
COM4,GliderFET004,2025-06-19 06:21,13.1997,33.6817,3.55,-0.828749,2.9e-05,-0.871062,1e-05,-3.48,-0.019
COM3,GliderFET012,2025-06-19 06:22,13.1844,33.6823,3.58,-0.432057,2.6e-05,-0.493971,5.7e-05,42.32,0.073
COM4,GliderFET004,2025-06-19 06:22,13.1844,33.6823,3.55,-0.828735,1.7e-05,-0.871031,1.5e-05,2.49,-0.021
COM3,GliderFET012,2025-06-19 06:23,13.179,33.6824,3.58,-0.432047,1.4e-05,-0.493929,3.6e-05,44.47,-0.002
COM4,GliderFET004,2025-06-19 06:23,13.179,33.6824,3.55,-0.828699,3e-05,-0.871009,1.2e-05,-1.73,-0.022
COM3,GliderFET012,2025-06-19 06:24,13.1887,33.6819,3.58,-0.432119,2.9e-05,-0.493949,4.7e-05,45.59,0.035
COM4,GliderFET004,2025-06-19 06:24,13.1887,33.6819,3.55,-0.828768,2.5e-05,-0.871069,1.2e-05,-0.5,-0.016
COM3,GliderFET012,2025-06-19 06:25,13.1786,33.6822,3.58,-0.432072,2.9e-05,-0.493871,4.4e-05,42.95,0.011
COM4,GliderFET004,2025-06-19 06:25,13.1786,33.6822,3.55,-0.828749,2.4e-05,-0.871035,1.2e-05,2.1,-0.024
COM3,GliderFET012,2025-06-19 06:26,13.1841,33.6822,3.58,-0.432103,2.2e-05,-0.493875,5e-05,44.5,0.077
COM4,GliderFET004,2025-06-19 06:26,13.1841,33.6822,3.55,-0.828755,2.5e-05,-0.871017,1.1e-05,1.61,-0.018
COM3,GliderFET012,2025-06-19 06:27,13.1719,33.6826,3.58,-0.432166,2.1e-05,-0.493808,3.8e-05,44.84,0.083
COM4,GliderFET004,2025-06-19 06:27,13.1719,33.6826,3.55,-0.828747,2.4e-05,-0.871028,3e-06,3.35,-0.021
COM3,GliderFET012,2025-06-19 06:28,13.1728,33.6826,3.58,-0.432177,2.7e-05,-0.493733,1.9e-05,41.31,0.106
COM4,GliderFET004,2025-06-19 06:28,13.1728,33.6826,3.55,-0.828753,2.5e-05,-0.871022,9e-06,-2.56,-0.029
COM3,GliderFET012,2025-06-19 06:29,13.1608,33.6826,3.58,-0.43217,1.5e-05,-0.493637,5.4e-05,44.24,0.062
COM4,GliderFET004,2025-06-19 06:29,13.1608,33.6826,3.55,-0.82878,2.7e-05,-0.871025,1.3e-05,-2.05,-0.016
COM3,GliderFET012,2025-06-19 06:30,13.1608,33.6823,3.58,-0.432215,2.2e-05,-0.493612,3.7e-05,44.84,0.042
COM4,GliderFET004,2025-06-19 06:30,13.1608,33.6823,3.55,-0.828797,3.3e-05,-0.871029,1.6e-05,-2.59,-0.009
COM3,GliderFET012,2025-06-19 06:31,13.1661,33.6822,3.58,-0.432232,2.3e-05,-0.493555,2.4e-05,47.75,0.074
COM4,GliderFET004,2025-06-19 06:31,13.1661,33.6822,3.55,-0.828778,2.1e-05,-0.870988,1.2e-05,3.01,-0.026
COM3,GliderFET012,2025-06-19 06:32,13.1513,33.6823,3.58,-0.432282,2.1e-05,-0.493509,5.9e-05,41.55,0.012
COM4,GliderFET004,2025-06-19 06:32,13.1513,33.6823,3.55,-0.828798,2.1e-05,-0.871012,8e-06,1.95,-0.021
COM3,GliderFET012,2025-06-19 06:33,13.1403,33.6823,3.58,-0.432306,1.9e-05,-0.493441,4.5e-05,42.61,0.099
COM4,GliderFET004,2025-06-19 06:33,13.1403,33.6823,3.55,-0.8288,2.1e-05,-0.87099,1.4e-05,2.8,-0.021
COM3,GliderFET012,2025-06-19 06:34,13.1228,33.6826,3.58,-0.432334,2e-05,-0.493443,3.3e-05,42.27,0.073
COM4,GliderFET004,2025-06-19 06:34,13.1228,33.6826,3.55,-0.828816,2.1e-05,-0.871025,1.5e-05,-0.98,-0.023
COM3,GliderFET012,2025-06-19 06:35,13.1217,33.6824,3.58,-0.432361,2.4e-05,-0.493432,1.7e-05,42.45,0.026
COM4,GliderFET004,2025-06-19 06:35,13.1217,33.6824,3.55,-0.828847,2.1e-05,-0.871033,1.2e-05,2.07,-0.018
COM3,GliderFET012,2025-06-19 06:36,13.116,33.6825,3.58,-0.432379,2.1e-05,-0.493425,3.1e-05,44.78,0.068
COM4,GliderFET004,2025-06-19 06:36,13.116,33.6825,3.55,-0.8289,3.1e-05,-0.871081,7e-06,3.56,-0.019
COM3,GliderFET012,2025-06-19 06:37,13.1176,33.6822,3.58,-0.432422,1.7e-05,-0.493378,4.5e-05,45.12,0.078
COM4,GliderFET004,2025-06-19 06:37,13.1176,33.6822,3.55,-0.828908,2.8e-05,-0.871103,1.3e-05,-1.68,-0.015
COM3,GliderFET012,2025-06-19 06:38,13.1252,33.682,3.58,-0.432472,1.8e-05,-0.493397,2.2e-05,44.73,0.067
COM4,GliderFET004,2025-06-19 06:38,13.1252,33.682,3.55,-0.82892,1.9e-05,-0.871095,6e-06,-2.38,-0.011
COM3,GliderFET012,2025-06-19 06:40,13.1291,33.6818,3.58,-0.432513,3e-05,-0.493369,1.4e-05,42.53,0.027
COM4,GliderFET004,2025-06-19 06:40,13.1291,33.6818,3.55,-0.828956,1.5e-05,-0.8711,1.3e-05,2.75,-0.02
COM3,GliderFET012,2025-06-19 06:41,13.1206,33.6823,3.58,-0.432556,1.3e-05,-0.493392,3.2e-05,45.8,0.036
COM4,GliderFET004,2025-06-19 06:41,13.1206,33.6823,3.55,-0.829028,2.3e-05,-0.871173,6e-06,1.58,-0.018
COM3,GliderFET012,2025-06-19 06:42,13.1119,33.6821,3.58,-0.432571,2e-05,-0.493324,1.9e-05,45.93,0.038
COM4,GliderFET004,2025-06-19 06:42,13.1119,33.6821,3.55,-0.828996,2.5e-05,-0.871142,1.3e-05,-0.78,-0.022
COM3,GliderFET012,2025-06-19 06:43,13.0831,33.6825,3.58,-0.432611,1e-05,-0.493361,1.6e-05,44.73,0.098
COM4,GliderFET004,2025-06-19 06:43,13.0831,33.6825,3.55,-0.829024,3.7e-05,-0.871171,5e-06,-1.11,-0.014
COM3,GliderFET012,2025-06-19 06:44,13.0828,33.6824,3.58,-0.432631,2.7e-05,-0.493382,2.2e-05,45.33,0.073
COM4,GliderFET004,2025-06-19 06:44,13.0828,33.6824,3.55,-0.829064,1.7e-05,-0.871198,1.1e-05,-0.37,-0.021
COM3,GliderFET012,2025-06-19 06:45,13.0843,33.6826,3.58,-0.432637,2.9e-05,-0.493382,2.5e-05,41.91,0.045
COM4,GliderFET004,2025-06-19 06:45,13.0843,33.6826,3.54,-0.829206,2.4e-05,-0.871315,7e-06,-0.33,-0.022
COM3,GliderFET012,2025-06-19 06:46,13.0712,33.6827,3.58,-0.432641,2.3e-05,-0.493385,2.8e-05,45.05,0.087
COM4,GliderFET004,2025-06-19 06:46,13.0712,33.6827,3.54,-0.829159,1.9e-05,-0.871262,9e-06,0.93,-0.021
COM3,GliderFET012,2025-06-19 06:47,13.0752,33.6826,3.58,-0.43269,2e-05,-0.49343,1.8e-05,43.02,0.102
COM4,GliderFET004,2025-06-19 06:47,13.0752,33.6826,3.54,-0.82919,2.2e-05,-0.871321,1.3e-05,4.12,-0.011
COM3,GliderFET012,2025-06-19 06:48,13.0674,33.6827,3.58,-0.432703,1.5e-05,-0.493437,4.9e-05,43.65,0.104
COM4,GliderFET004,2025-06-19 06:48,13.0674,33.6827,3.54,-0.829188,2.3e-05,-0.871287,9e-06,-1.4,-0.018
COM3,GliderFET012,2025-06-19 06:49,13.071,33.6828,3.58,-0.432721,1.1e-05,-0.493451,1.8e-05,44.21,0.034
COM4,GliderFET004,2025-06-19 06:49,13.071,33.6828,3.54,-0.829185,2.5e-05,-0.871267,4e-06,-3.66,-0.016
COM3,GliderFET012,2025-06-19 06:50,13.0642,33.6829,3.58,-0.432763,3e-05,-0.493483,3.8e-05,42.58,0.068
COM4,GliderFET004,2025-06-19 06:50,13.0642,33.6829,3.54,-0.829155,2.6e-05,-0.871242,8e-06,3.82,-0.012
COM3,GliderFET012,2025-06-19 06:51,13.0526,33.6827,3.58,-0.432771,2.7e-05,-0.493468,7.2e-05,45.98,0.021
COM4,GliderFET004,2025-06-19 06:51,13.0526,33.6827,3.54,-0.829182,2e-05,-0.871271,9e-06,0.9,-0.017
COM3,GliderFET012,2025-06-19 06:52,13.0561,33.6831,3.58,-0.432804,1.9e-05,-0.493532,5.4e-05,42.33,0.098
COM4,GliderFET004,2025-06-19 06:52,13.0561,33.6831,3.54,-0.829209,2e-05,-0.871294,1.1e-05,2.7,-0.016
COM3,GliderFET012,2025-06-19 06:53,13.04,33.683,3.58,-0.432788,2.7e-05,-0.493516,4.6e-05,41.15,0.125
COM4,GliderFET004,2025-06-19 06:53,13.04,33.683,3.54,-0.829182,3.4e-05,-0.87126,1.7e-05,-0.5,-0.022
COM3,GliderFET012,2025-06-19 06:54,13.0419,33.6831,3.58,-0.432818,2.3e-05,-0.493572,2.5e-05,43.21,0.054
COM4,GliderFET004,2025-06-19 06:54,13.0419,33.6831,3.54,-0.829179,3e-05,-0.871247,6e-06,1.01,-0.011
COM3,GliderFET012,2025-06-19 06:55,13.0406,33.683,3.58,-0.432809,3.2e-05,-0.493562,5.7e-05,45.02,0.02
COM4,GliderFET004,2025-06-19 06:55,13.0406,33.683,3.54,-0.829231,1.5e-05,-0.871265,1.5e-05,-1.14,-0.021
COM3,GliderFET012,2025-06-19 06:56,13.0537,33.6829,3.58,-0.432886,2.8e-05,-0.493635,4.4e-05,44.43,0.108
COM4,GliderFET004,2025-06-19 06:56,13.0537,33.6829,3.54,-0.829259,3.2e-05,-0.871314,5e-06,3.71,-0.017
COM3,GliderFET012,2025-06-19 06:57,13.0267,33.6833,3.58,-0.43293,2.5e-05,-0.493648,3.3e-05,43.03,0.097
COM4,GliderFET004,2025-06-19 06:57,13.0267,33.6833,3.54,-0.829275,2.9e-05,-0.871328,1.1e-05,-0.24,-0.018
COM3,GliderFET012,2025-06-19 06:58,13.0264,33.6834,3.58,-0.432927,2.8e-05,-0.4936,3.1e-05,43.93,0.017
COM4,GliderFET004,2025-06-19 06:58,13.0264,33.6834,3.54,-0.829319,2.4e-05,-0.871368,1.2e-05,1.53,-0.022
COM3,GliderFET012,2025-06-19 06:59,13.0191,33.6832,3.58,-0.432963,1.8e-05,-0.493715,3.6e-05,43.51,0.09
COM4,GliderFET004,2025-06-19 06:59,13.0191,33.6832,3.54,-0.829318,2.6e-05,-0.871353,5e-06,-0.78,-0.02
COM3,GliderFET012,2025-06-19 07:00,13.0403,33.6833,3.58,-0.432978,1.7e-05,-0.493719,4.6e-05,40.89,0.068
COM4,GliderFET004,2025-06-19 07:00,13.0403,33.6833,3.54,-0.829328,2.7e-05,-0.871363,1.6e-05,-1.01,-0.025
COM3,GliderFET012,2025-06-19 07:01,13.0194,33.6833,3.58,-0.433008,2.2e-05,-0.493725,2.9e-05,43.72,0.083
COM4,GliderFET004,2025-06-19 07:01,13.0194,33.6833,3.54,-0.829335,2.6e-05,-0.871378,1.6e-05,2.18,-0.015
COM3,GliderFET012,2025-06-19 07:02,12.989,33.6838,3.58,-0.433018,2.2e-05,-0.493774,3.1e-05,45.75,0.028
COM4,GliderFET004,2025-06-19 07:02,12.989,33.6838,3.54,-0.829375,3.1e-05,-0.871419,1.2e-05,-0.46,-0.013
COM3,GliderFET012,2025-06-19 07:03,12.9896,33.6838,3.58,-0.433043,3e-05,-0.493755,3.8e-05,42.81,0.134
COM4,GliderFET004,2025-06-19 07:03,12.9896,33.6838,3.54,-0.829365,2.5e-05,-0.871394,8e-06,-1.04,-0.015
COM3,GliderFET012,2025-06-19 07:04,12.9888,33.6844,3.58,-0.433056,2.8e-05,-0.493785,3.4e-05,44.3,0.033
COM4,GliderFET004,2025-06-19 07:04,12.9888,33.6844,3.54,-0.829405,2.2e-05,-0.871419,9e-06,3.58,-0.011
COM3,GliderFET012,2025-06-19 07:05,13.0008,33.684,3.58,-0.433118,2.2e-05,-0.493882,4.7e-05,43.07,0.057
COM4,GliderFET004,2025-06-19 07:05,13.0008,33.684,3.54,-0.829331,2.6e-05,-0.871348,5e-06,-0.1,-0.018
COM3,GliderFET012,2025-06-19 07:06,12.9972,33.6838,3.58,-0.433112,2e-05,-0.49386,1.3e-05,43.99,0.072
COM4,GliderFET004,2025-06-19 07:06,12.9972,33.6838,3.54,-0.829382,2.7e-05,-0.871404,1.1e-05,2.03,-0.013
COM3,GliderFET012,2025-06-19 07:07,12.9947,33.6839,3.58,-0.433134,2.3e-05,-0.493891,1.6e-05,46.13,0.083
COM4,GliderFET004,2025-06-19 07:07,12.9947,33.6839,3.54,-0.829406,3.8e-05,-0.871401,9e-06,-2.23,-0.014
COM3,GliderFET012,2025-06-19 07:08,12.9817,33.6842,3.58,-0.433135,2.1e-05,-0.493883,2.7e-05,42.64,0.071
COM4,GliderFET004,2025-06-19 07:08,12.9817,33.6842,3.54,-0.829458,1.9e-05,-0.871443,5e-06,1.74,-0.023
COM3,GliderFET012,2025-06-19 07:09,12.9597,33.6845,3.58,-0.433163,2.9e-05,-0.493874,4.6e-05,41.37,0.067
COM4,GliderFET004,2025-06-19 07:09,12.9597,33.6845,3.54,-0.829512,3.2e-05,-0.871501,1.1e-05,-2.16,-0.018
COM3,GliderFET012,2025-06-19 07:10,12.9515,33.6846,3.58,-0.433178,3.2e-05,-0.493956,6e-05,42.09,0.06
COM4,GliderFET004,2025-06-19 07:10,12.9515,33.6846,3.54,-0.829627,3.2e-05,-0.871613,8e-06,3.48,-0.022
COM3,GliderFET012,2025-06-19 07:11,12.9596,33.6849,3.58,-0.433181,1.6e-05,-0.493898,3.4e-05,43.08,0.113
COM4,GliderFET004,2025-06-19 07:11,12.9596,33.6849,3.54,-0.829569,2.7e-05,-0.871547,1.2e-05,1.42,-0.025
COM3,GliderFET012,2025-06-19 07:12,12.9713,33.684,3.58,-0.433222,2.6e-05,-0.493975,2.8e-05,44.29,0.044
COM4,GliderFET004,2025-06-19 07:12,12.9713,33.684,3.54,-0.829605,2.2e-05,-0.871571,5e-06,2.21,-0.019
COM3,GliderFET012,2025-06-19 07:13,12.9698,33.6844,3.58,-0.43328,2.6e-05,-0.494038,1e-05,42.56,0.042
COM4,GliderFET004,2025-06-19 07:13,12.9698,33.6844,3.54,-0.829599,2.8e-05,-0.871578,5e-06,-0.49,-0.024
COM3,GliderFET012,2025-06-19 07:14,12.953,33.6844,3.58,-0.433243,1.4e-05,-0.494002,4.5e-05,43.42,0.068
COM4,GliderFET004,2025-06-19 07:14,12.953,33.6844,3.54,-0.829608,3e-05,-0.871559,1.1e-05,0.41,-0.022
COM3,GliderFET012,2025-06-19 07:15,12.9529,33.6844,3.58,-0.43327,1.9e-05,-0.494017,4.6e-05,44.99,0.068
COM4,GliderFET004,2025-06-19 07:15,12.9529,33.6844,3.54,-0.829742,1.5e-05,-0.871684,1.3e-05,-4.56,-0.012
COM3,GliderFET012,2025-06-19 07:16,12.9377,33.6847,3.58,-0.433305,2.6e-05,-0.494018,1.9e-05,45.36,0.016
COM4,GliderFET004,2025-06-19 07:16,12.9377,33.6847,3.54,-0.829683,2.1e-05,-0.871628,4e-06,0.54,-0.02
COM3,GliderFET012,2025-06-19 07:17,12.9396,33.6849,3.58,-0.433386,2.2e-05,-0.494121,3.4e-05,43.82,0.14
COM4,GliderFET004,2025-06-19 07:17,12.9396,33.6849,3.54,-0.829649,1.7e-05,-0.87159,6e-06,2.21,-0.018
COM3,GliderFET012,2025-06-19 07:18,12.9395,33.6847,3.58,-0.433388,1.5e-05,-0.494088,5.5e-05,45.91,0.027
COM4,GliderFET004,2025-06-19 07:18,12.9395,33.6847,3.54,-0.829666,1.5e-05,-0.871608,7e-06,0.2,-0.022
COM3,GliderFET012,2025-06-19 07:19,12.9437,33.6848,3.58,-0.433405,2.3e-05,-0.494118,4.5e-05,40.79,-0.034
COM4,GliderFET004,2025-06-19 07:19,12.9437,33.6848,3.54,-0.829684,1e-05,-0.871622,5e-06,-1.17,-0.018
COM3,GliderFET012,2025-06-19 07:20,12.9543,33.6846,3.58,-0.43344,1.8e-05,-0.494095,2.6e-05,41.03,0.147
COM4,GliderFET004,2025-06-19 07:20,12.9543,33.6846,3.54,-0.829669,2.2e-05,-0.871598,9e-06,-1.5,-0.027
COM3,GliderFET012,2025-06-19 07:21,12.9697,33.6845,3.58,-0.433431,3.4e-05,-0.494128,2.3e-05,42.68,0.121
COM4,GliderFET004,2025-06-19 07:21,12.9697,33.6845,3.54,-0.829661,3e-05,-0.871592,1.5e-05,-1.56,-0.014
COM3,GliderFET012,2025-06-19 07:22,12.982,33.6843,3.58,-0.433488,2e-05,-0.49416,3.8e-05,42.9,0.056
COM4,GliderFET004,2025-06-19 07:22,12.982,33.6843,3.54,-0.829687,2.4e-05,-0.87161,9e-06,2.2,-0.026
COM3,GliderFET012,2025-06-19 07:23,12.9911,33.684,3.58,-0.433502,1.9e-05,-0.494144,3.3e-05,47.1,0.032
COM4,GliderFET004,2025-06-19 07:23,12.9911,33.684,3.54,-0.829721,2.1e-05,-0.871642,3e-06,0.75,-0.021
COM3,GliderFET012,2025-06-19 07:24,12.9974,33.684,3.58,-0.433525,2.4e-05,-0.494197,2.2e-05,42.25,0.116
COM4,GliderFET004,2025-06-19 07:24,12.9974,33.684,3.54,-0.829728,2e-05,-0.871635,5e-06,-0.75,-0.024
COM3,GliderFET012,2025-06-19 07:25,12.9975,33.6838,3.58,-0.433538,2.6e-05,-0.494181,6.7e-05,45.2,-0.006
COM4,GliderFET004,2025-06-19 07:25,12.9975,33.6838,3.54,-0.82969,3.1e-05,-0.871603,6e-06,1.17,-0.024
COM3,GliderFET012,2025-06-19 07:26,12.997,33.6838,3.58,-0.433554,1.9e-05,-0.494182,3.6e-05,44.89,0.098
COM4,GliderFET004,2025-06-19 07:26,12.997,33.6838,3.54,-0.829715,1.4e-05,-0.87163,8e-06,1.38,-0.017
COM3,GliderFET012,2025-06-19 07:27,12.9972,33.6842,3.58,-0.433548,3e-05,-0.494215,4.1e-05,44.53,0.177
COM4,GliderFET004,2025-06-19 07:27,12.9972,33.6842,3.54,-0.829739,1.3e-05,-0.871642,9e-06,-0.2,-0.016
COM3,GliderFET012,2025-06-19 07:28,12.9979,33.6839,3.58,-0.433597,2.4e-05,-0.494231,2.8e-05,41.91,-0.026
COM4,GliderFET004,2025-06-19 07:28,12.9979,33.6839,3.54,-0.829833,2.9e-05,-0.871759,1.1e-05,0.54,-0.022
COM3,GliderFET012,2025-06-19 07:29,12.9968,33.684,3.58,-0.433564,2.5e-05,-0.494248,2.1e-05,43.12,0.027
COM4,GliderFET004,2025-06-19 07:29,12.9968,33.684,3.54,-0.82977,2.2e-05,-0.871667,1.2e-05,1.68,-0.02
COM3,GliderFET012,2025-06-19 07:30,12.9971,33.6839,3.58,-0.4336,2.1e-05,-0.494342,3.9e-05,44.19,0.118
COM4,GliderFET004,2025-06-19 07:30,12.9971,33.6839,3.54,-0.829803,1.5e-05,-0.871709,6e-06,-0.93,-0.024
COM3,GliderFET012,2025-06-19 07:31,12.9949,33.6842,3.58,-0.433622,2.1e-05,-0.494352,5.2e-05,41.24,-0.009
COM4,GliderFET004,2025-06-19 07:31,12.9949,33.6842,3.54,-0.829794,2.1e-05,-0.871716,7e-06,-2.12,-0.02
COM3,GliderFET012,2025-06-19 07:32,12.9931,33.6844,3.58,-0.433618,2.6e-05,-0.494375,6.5e-05,43.88,0.025
COM4,GliderFET004,2025-06-19 07:32,12.9931,33.6844,3.54,-0.82979,1.2e-05,-0.871692,8e-06,-1.61,-0.019
COM3,GliderFET012,2025-06-19 07:33,12.9943,33.6845,3.58,-0.433614,1.9e-05,-0.494407,4.1e-05,44.94,0.031
COM4,GliderFET004,2025-06-19 07:33,12.9943,33.6845,3.54,-0.829773,1.7e-05,-0.871692,7e-06,0.93,-0.028
COM3,GliderFET012,2025-06-19 07:34,12.9983,33.6842,3.58,-0.433618,2.5e-05,-0.494469,1.1e-05,45.1,0.017
COM4,GliderFET004,2025-06-19 07:34,12.9983,33.6842,3.54,-0.829778,1.8e-05,-0.871697,9e-06,0.81,-0.02
COM3,GliderFET012,2025-06-19 07:35,13.0088,33.6841,3.58,-0.433592,2.1e-05,-0.494482,2.3e-05,43.13,0.061
COM4,GliderFET004,2025-06-19 07:35,13.0088,33.6841,3.54,-0.829812,2.8e-05,-0.871731,9e-06,2.8,-0.016
COM3,GliderFET012,2025-06-19 07:36,13.0152,33.6841,3.58,-0.433608,2.3e-05,-0.494471,2.6e-05,44.53,0.022
COM4,GliderFET004,2025-06-19 07:36,13.0152,33.6841,3.54,-0.829821,1.8e-05,-0.87176,6e-06,-1.01,-0.027
COM3,GliderFET012,2025-06-19 07:37,13.0186,33.6836,3.58,-0.433594,2.4e-05,-0.494525,4.7e-05,45.59,0.057
COM4,GliderFET004,2025-06-19 07:37,13.0186,33.6836,3.54,-0.829826,2.2e-05,-0.871756,6e-06,3.97,-0.021
COM3,GliderFET012,2025-06-19 07:38,13.0191,33.6839,3.58,-0.433609,2.6e-05,-0.494566,4.8e-05,43.38,0.128
COM4,GliderFET004,2025-06-19 07:38,13.0191,33.6839,3.54,-0.829794,3.2e-05,-0.871725,5e-06,0.42,-0.019
COM3,GliderFET012,2025-06-19 07:39,13.0174,33.6843,3.58,-0.433646,1.5e-05,-0.49464,6e-05,40.53,0.09
COM4,GliderFET004,2025-06-19 07:39,13.0174,33.6843,3.54,-0.829791,2.1e-05,-0.87173,8e-06,4.05,-0.024
COM3,GliderFET012,2025-06-19 07:40,13.0184,33.6839,3.58,-0.433639,3.1e-05,-0.494685,4.4e-05,43.98,0.113
COM4,GliderFET004,2025-06-19 07:40,13.0184,33.6839,3.54,-0.829815,3.2e-05,-0.871747,1.2e-05,-0.57,-0.02
COM3,GliderFET012,2025-06-19 07:41,13.0274,33.6839,3.58,-0.43363,1.8e-05,-0.49469,4.4e-05,44.81,0.034
COM4,GliderFET004,2025-06-19 07:41,13.0274,33.6839,3.54,-0.829851,2.4e-05,-0.871797,1.1e-05,0.54,-0.019
COM3,GliderFET012,2025-06-19 07:42,13.0329,33.6841,3.58,-0.433616,2e-05,-0.494733,4.2e-05,45.48,0.091
COM4,GliderFET004,2025-06-19 07:42,13.0329,33.6841,3.54,-0.829825,1.7e-05,-0.871763,1.1e-05,3.09,-0.022
COM3,GliderFET012,2025-06-19 07:43,13.0367,33.6842,3.58,-0.433622,2.4e-05,-0.494755,1.6e-05,44.22,0.066
COM4,GliderFET004,2025-06-19 07:43,13.0367,33.6842,3.54,-0.829834,2.9e-05,-0.871785,1.3e-05,-0.81,-0.019
COM3,GliderFET012,2025-06-19 07:44,13.0414,33.6839,3.58,-0.433611,1.6e-05,-0.494739,1.7e-05,45.93,0.016
COM4,GliderFET004,2025-06-19 07:44,13.0414,33.6839,3.54,-0.829799,1.8e-05,-0.871761,1.2e-05,2.02,-0.018
COM3,GliderFET012,2025-06-19 07:45,13.045,33.6841,3.58,-0.433628,1.8e-05,-0.494803,2.6e-05,42.14,0.023
COM4,GliderFET004,2025-06-19 07:45,13.045,33.6841,3.54,-0.829794,1.7e-05,-0.87174,9e-06,2.47,-0.025
COM3,GliderFET012,2025-06-19 07:46,13.048,33.684,3.58,-0.433609,2.4e-05,-0.494794,1.9e-05,43.72,0.022
COM4,GliderFET004,2025-06-19 07:46,13.048,33.684,3.54,-0.829791,2e-05,-0.871766,4e-06,2.18,-0.02
COM3,GliderFET012,2025-06-19 07:47,13.0498,33.6838,3.58,-0.433604,2.2e-05,-0.494863,4.3e-05,43.38,0.051
COM4,GliderFET004,2025-06-19 07:47,13.0498,33.6838,3.54,-0.829814,1.3e-05,-0.871766,1e-05,3.11,-0.021
COM3,GliderFET012,2025-06-19 07:48,13.0515,33.6839,3.58,-0.433604,2.1e-05,-0.494834,3.7e-05,44.12,0.07
COM4,GliderFET004,2025-06-19 07:48,13.0515,33.6839,3.54,-0.829785,1.8e-05,-0.871739,1e-05,2.02,-0.022
COM3,GliderFET012,2025-06-19 07:49,13.0535,33.684,3.58,-0.433632,3.2e-05,-0.494925,1.4e-05,45.67,0.045
COM4,GliderFET004,2025-06-19 07:49,13.0535,33.684,3.54,-0.829762,1.9e-05,-0.871712,1.4e-05,3.84,-0.023
COM3,GliderFET012,2025-06-19 07:50,13.0548,33.6834,3.58,-0.433623,2.6e-05,-0.49495,3.8e-05,44.11,0.14
COM4,GliderFET004,2025-06-19 07:50,13.0548,33.6834,3.54,-0.829767,1.5e-05,-0.871746,1.3e-05,-1.5,-0.012
COM3,GliderFET012,2025-06-19 07:51,13.0559,33.684,3.58,-0.433648,1.5e-05,-0.494982,3.2e-05,44.34,0.081
COM4,GliderFET004,2025-06-19 07:51,13.0559,33.684,3.54,-0.829762,3.5e-05,-0.871736,8e-06,4.59,-0.03
COM3,GliderFET012,2025-06-19 07:52,13.0581,33.6841,3.58,-0.433624,1.5e-05,-0.494995,5.9e-05,43.99,0.117
COM4,GliderFET004,2025-06-19 07:52,13.0581,33.6841,3.54,-0.829787,1.8e-05,-0.871765,7e-06,-0.55,-0.03
COM3,GliderFET012,2025-06-19 07:53,13.0604,33.684,3.58,-0.433625,2.1e-05,-0.494993,2.3e-05,45.33,0.079
COM4,GliderFET004,2025-06-19 07:53,13.0604,33.684,3.54,-0.829778,2.2e-05,-0.871741,6e-06,0.72,-0.028
COM3,GliderFET012,2025-06-19 07:54,13.0637,33.6836,3.58,-0.433633,1.8e-05,-0.495036,3.7e-05,41.05,0.052
COM4,GliderFET004,2025-06-19 07:54,13.0637,33.6836,3.54,-0.829791,1.8e-05,-0.87178,8e-06,2.38,-0.018
COM3,GliderFET012,2025-06-19 07:55,13.0652,33.6836,3.58,-0.433584,1.6e-05,-0.494985,3.5e-05,45.18,0.036
COM4,GliderFET004,2025-06-19 07:55,13.0652,33.6836,3.54,-0.829764,2e-05,-0.871767,1.5e-05,3.58,-0.021
COM3,GliderFET012,2025-06-19 07:56,13.0631,33.6839,3.58,-0.433585,2.3e-05,-0.495044,3.9e-05,47.33,0.093
COM4,GliderFET004,2025-06-19 07:56,13.0631,33.6839,3.54,-0.829785,2.8e-05,-0.87177,1.1e-05,1.61,-0.023
COM3,GliderFET012,2025-06-19 07:57,13.0651,33.6837,3.58,-0.43357,1.9e-05,-0.495011,5e-05,45.88,0.04
COM4,GliderFET004,2025-06-19 07:57,13.0651,33.6837,3.54,-0.829792,2.5e-05,-0.871783,1.6e-05,1.38,-0.024
COM3,GliderFET012,2025-06-19 07:58,13.0652,33.6841,3.58,-0.433573,2.2e-05,-0.495045,4.4e-05,42.12,0.03
COM4,GliderFET004,2025-06-19 07:58,13.0652,33.6841,3.54,-0.829779,1.7e-05,-0.87178,6e-06,-2.47,-0.011
COM3,GliderFET012,2025-06-19 07:59,13.0662,33.6837,3.58,-0.433553,2e-05,-0.495077,4.3e-05,44.91,0.092
COM4,GliderFET004,2025-06-19 07:59,13.0662,33.6837,3.54,-0.829756,2.8e-05,-0.87177,9e-06,0.02,-0.022
COM3,GliderFET012,2025-06-19 08:00,13.0696,33.6837,3.58,-0.433563,2.1e-05,-0.495078,6.9e-05,45.88,0.051
COM4,GliderFET004,2025-06-19 08:00,13.0696,33.6837,3.54,-0.829783,1.5e-05,-0.871794,7e-06,1.24,-0.015
COM3,GliderFET012,2025-06-19 08:01,13.0703,33.6841,3.58,-0.433583,2.8e-05,-0.495078,5.6e-05,43.86,0.119
COM4,GliderFET004,2025-06-19 08:01,13.0703,33.6841,3.54,-0.829793,2e-05,-0.87181,9e-06,0.96,-0.019
COM3,GliderFET012,2025-06-19 08:02,13.0696,33.6841,3.58,-0.433579,2.8e-05,-0.495087,3.4e-05,41.85,0.109
COM4,GliderFET004,2025-06-19 08:02,13.0696,33.6841,3.54,-0.829849,2.8e-05,-0.871859,4e-06,1.2,-0.024
COM3,GliderFET012,2025-06-19 08:03,13.0688,33.6839,3.58,-0.433565,2.2e-05,-0.495095,4e-05,41.42,0.036
COM4,GliderFET004,2025-06-19 08:03,13.0688,33.6839,3.54,-0.829772,2e-05,-0.871791,8e-06,-1.76,-0.015
COM3,GliderFET012,2025-06-19 08:04,13.067,33.684,3.58,-0.433568,1.7e-05,-0.495118,1.7e-05,43.33,0.056
COM4,GliderFET004,2025-06-19 08:04,13.067,33.684,3.54,-0.829795,2.3e-05,-0.871812,5e-06,1.17,-0.028
COM3,GliderFET012,2025-06-19 08:05,13.0695,33.6837,3.58,-0.433519,2.1e-05,-0.495092,1.5e-05,45.02,0.075
COM4,GliderFET004,2025-06-19 08:05,13.0695,33.6837,3.54,-0.829784,2.8e-05,-0.871789,1.1e-05,1.06,-0.025
COM3,GliderFET012,2025-06-19 08:06,13.0692,33.6837,3.58,-0.433556,2.1e-05,-0.495125,3.8e-05,43.88,0.118
COM4,GliderFET004,2025-06-19 08:06,13.0692,33.6837,3.54,-0.829813,2.8e-05,-0.871844,8e-06,-1.92,-0.025
COM3,GliderFET012,2025-06-19 08:07,13.0692,33.684,3.58,-0.433504,2.4e-05,-0.495088,2.3e-05,43.07,0.036
COM4,GliderFET004,2025-06-19 08:07,13.0692,33.684,3.54,-0.829823,2.3e-05,-0.871821,1e-05,-0.68,-0.017
COM3,GliderFET012,2025-06-19 08:08,13.0668,33.6841,3.58,-0.433499,2.5e-05,-0.495122,4.1e-05,43.57,0.158
COM4,GliderFET004,2025-06-19 08:08,13.0668,33.6841,3.54,-0.829755,3.3e-05,-0.871787,4e-06,0.36,-0.02
COM3,GliderFET012,2025-06-19 08:10,13.0692,33.6838,3.58,-0.433495,3.1e-05,-0.495153,3.6e-05,42.9,0.091
COM4,GliderFET004,2025-06-19 08:10,13.0692,33.6838,3.54,-0.829755,2.1e-05,-0.871781,8e-06,-3.84,-0.013
COM3,GliderFET012,2025-06-19 08:11,13.0732,33.684,3.58,-0.433504,2.8e-05,-0.495092,5.8e-05,42.55,0.106
COM4,GliderFET004,2025-06-19 08:11,13.0732,33.684,3.54,-0.829745,1.9e-05,-0.871769,1.2e-05,2.62,-0.026
COM3,GliderFET012,2025-06-19 08:12,13.0757,33.6835,3.58,-0.433513,2.6e-05,-0.495167,5.8e-05,45.48,0.153
COM4,GliderFET004,2025-06-19 08:12,13.0757,33.6835,3.54,-0.829706,2.2e-05,-0.871744,1.5e-05,2.18,-0.012
COM3,GliderFET012,2025-06-19 08:13,13.0744,33.6839,3.58,-0.433536,2.2e-05,-0.495185,1.8e-05,43.65,0.094
COM4,GliderFET004,2025-06-19 08:13,13.0744,33.6839,3.54,-0.829685,2.8e-05,-0.871717,8e-06,4.39,-0.019
COM3,GliderFET012,2025-06-19 08:14,13.0763,33.6839,3.58,-0.433522,1.8e-05,-0.495133,4.9e-05,41.86,0.058
COM4,GliderFET004,2025-06-19 08:14,13.0763,33.6839,3.54,-0.82973,2.9e-05,-0.871774,1.4e-05,-2.6,-0.019
COM3,GliderFET012,2025-06-19 08:15,13.0773,33.684,3.58,-0.433509,2e-05,-0.495183,3.3e-05,42.85,0.046
COM4,GliderFET004,2025-06-19 08:15,13.0773,33.684,3.54,-0.829762,2.5e-05,-0.8718,1e-05,-3.94,-0.02
COM3,GliderFET012,2025-06-19 08:16,13.0778,33.684,3.58,-0.433534,2.5e-05,-0.495199,6.4e-05,41.36,0.002
COM4,GliderFET004,2025-06-19 08:16,13.0778,33.684,3.54,-0.829774,2.1e-05,-0.871809,5e-06,-1.01,-0.021
COM3,GliderFET012,2025-06-19 08:17,13.08,33.6841,3.58,-0.433514,2.1e-05,-0.495133,2.5e-05,41.26,0.125
COM4,GliderFET004,2025-06-19 08:17,13.08,33.6841,3.54,-0.829748,2.9e-05,-0.871783,8e-06,-2.95,-0.021
COM3,GliderFET012,2025-06-19 08:18,13.0806,33.6838,3.58,-0.433495,1.9e-05,-0.49518,1.8e-05,44.65,0.095
COM4,GliderFET004,2025-06-19 08:18,13.0806,33.6838,3.54,-0.829744,2.7e-05,-0.871784,1.8e-05,-0.98,-0.019
COM3,GliderFET012,2025-06-19 08:19,13.0832,33.6838,3.58,-0.4335,1.9e-05,-0.495179,4.3e-05,41.65,0.114
COM4,GliderFET004,2025-06-19 08:19,13.0832,33.6838,3.54,-0.829725,2.3e-05,-0.871758,1.8e-05,0.03,-0.019
COM3,GliderFET012,2025-06-19 08:20,13.0844,33.6838,3.58,-0.43347,3.5e-05,-0.495145,3.3e-05,44.63,0.052
COM4,GliderFET004,2025-06-19 08:20,13.0844,33.6838,3.54,-0.829735,1.9e-05,-0.871763,2e-05,1.99,-0.011
COM3,GliderFET012,2025-06-19 08:21,13.0842,33.6839,3.58,-0.433471,1.4e-05,-0.49516,1.3e-05,44.14,0.056
COM4,GliderFET004,2025-06-19 08:21,13.0842,33.6839,3.54,-0.829684,2.5e-05,-0.871741,9e-06,1.45,-0.017
COM3,GliderFET012,2025-06-19 08:22,13.0855,33.6838,3.58,-0.433467,2e-05,-0.495139,2e-05,43.31,0.08
COM4,GliderFET004,2025-06-19 08:22,13.0855,33.6838,3.54,-0.829673,1.6e-05,-0.871718,8e-06,-3.22,-0.021
COM3,GliderFET012,2025-06-19 08:23,13.0857,33.6838,3.58,-0.433483,3.1e-05,-0.495181,4.5e-05,42.38,0.056
COM4,GliderFET004,2025-06-19 08:23,13.0857,33.6838,3.54,-0.829702,2.5e-05,-0.871751,8e-06,-0.98,-0.026
COM3,GliderFET012,2025-06-19 08:24,13.0856,33.6838,3.58,-0.433495,2.1e-05,-0.495184,5.2e-05,42.17,0.097
COM4,GliderFET004,2025-06-19 08:24,13.0856,33.6838,3.54,-0.829666,2e-05,-0.871732,1.2e-05,-0.63,-0.013
COM3,GliderFET012,2025-06-19 08:25,13.0868,33.6838,3.58,-0.433488,3.1e-05,-0.495218,3e-05,44.89,0.012
COM4,GliderFET004,2025-06-19 08:25,13.0868,33.6838,3.54,-0.829681,3e-05,-0.871712,1.2e-05,2.69,-0.014
COM3,GliderFET012,2025-06-19 08:26,13.0871,33.6839,3.58,-0.433509,1.9e-05,-0.495222,2.8e-05,45.46,0.077
COM4,GliderFET004,2025-06-19 08:26,13.0871,33.6839,3.54,-0.829721,2.3e-05,-0.871747,1.3e-05,1.14,-0.018
COM3,GliderFET012,2025-06-19 08:27,13.0759,33.6843,3.58,-0.433511,2.1e-05,-0.49525,2.3e-05,44.91,0.035
COM4,GliderFET004,2025-06-19 08:27,13.0759,33.6843,3.54,-0.82973,2.4e-05,-0.871793,1.2e-05,-0.39,-0.021
COM3,GliderFET012,2025-06-19 08:28,13.0467,33.6855,3.58,-0.433512,1.4e-05,-0.495264,2.7e-05,43.46,0.055
COM4,GliderFET004,2025-06-19 08:28,13.0467,33.6855,3.54,-0.829719,2.4e-05,-0.87179,1.1e-05,0.7,-0.021
COM3,GliderFET012,2025-06-19 08:29,13.0287,33.6866,3.58,-0.433518,2.1e-05,-0.495261,4.5e-05,44.84,0.096
COM4,GliderFET004,2025-06-19 08:29,13.0287,33.6866,3.54,-0.829743,2.1e-05,-0.871805,1.5e-05,-0.13,-0.026
COM3,GliderFET012,2025-06-19 08:30,13.0133,33.6872,3.58,-0.433502,2.7e-05,-0.495274,2.1e-05,42.17,0.109
COM4,GliderFET004,2025-06-19 08:30,13.0133,33.6872,3.54,-0.82984,3.1e-05,-0.871893,1.6e-05,1.2,-0.02
COM3,GliderFET012,2025-06-19 08:31,13.006,33.6871,3.58,-0.433557,2.8e-05,-0.495343,3.6e-05,43.54,0.092
COM4,GliderFET004,2025-06-19 08:31,13.006,33.6871,3.54,-0.82975,3.8e-05,-0.871812,1e-05,2.93,-0.022
COM3,GliderFET012,2025-06-19 08:32,13.0097,33.6871,3.58,-0.433542,2.4e-05,-0.495281,5.7e-05,43.72,0.163
COM4,GliderFET004,2025-06-19 08:32,13.0097,33.6871,3.54,-0.829766,2.3e-05,-0.871838,1.5e-05,-0.96,-0.021
COM3,GliderFET012,2025-06-19 08:33,13.0254,33.6862,3.58,-0.433568,2.3e-05,-0.495309,5.1e-05,43.59,0.088
COM4,GliderFET004,2025-06-19 08:33,13.0254,33.6862,3.54,-0.82977,2.3e-05,-0.871827,8e-06,-2.18,-0.012
COM3,GliderFET012,2025-06-19 08:34,13.0206,33.687,3.58,-0.433514,1.8e-05,-0.495263,4.5e-05,44.21,0.057
COM4,GliderFET004,2025-06-19 08:34,13.0206,33.687,3.54,-0.829793,1.5e-05,-0.871832,8e-06,0.72,-0.016
COM3,GliderFET012,2025-06-19 08:35,13.0114,33.6865,3.58,-0.433556,2.6e-05,-0.495313,3.5e-05,44.69,0.119
COM4,GliderFET004,2025-06-19 08:35,13.0114,33.6865,3.54,-0.829753,1.9e-05,-0.871816,1.5e-05,-3.21,-0.032
COM3,GliderFET012,2025-06-19 08:36,13.0144,33.6872,3.58,-0.433554,2e-05,-0.495268,3.4e-05,47.51,0.066
COM4,GliderFET004,2025-06-19 08:36,13.0144,33.6872,3.54,-0.829788,2.2e-05,-0.87184,1.5e-05,0.54,-0.022
COM3,GliderFET012,2025-06-19 08:37,13.0024,33.6873,3.58,-0.433542,2e-05,-0.495231,2.4e-05,42.72,0.054
COM4,GliderFET004,2025-06-19 08:37,13.0024,33.6873,3.54,-0.82984,2.1e-05,-0.871873,5e-06,-1.73,-0.018
COM3,GliderFET012,2025-06-19 08:38,12.9887,33.6881,3.58,-0.433558,2e-05,-0.495253,3.9e-05,44.94,0.033
COM4,GliderFET004,2025-06-19 08:38,12.9887,33.6881,3.54,-0.829941,2e-05,-0.871978,9e-06,-1.69,-0.027
COM3,GliderFET012,2025-06-19 08:39,12.99,33.6876,3.58,-0.433586,2.1e-05,-0.495232,3.7e-05,41.44,0.08
COM4,GliderFET004,2025-06-19 08:39,12.99,33.6876,3.54,-0.829852,2.3e-05,-0.871879,1.4e-05,0.86,-0.024
COM3,GliderFET012,2025-06-19 08:40,12.968,33.6887,3.58,-0.433556,2.4e-05,-0.495147,2.8e-05,44.78,0.045
COM4,GliderFET004,2025-06-19 08:40,12.968,33.6887,3.54,-0.82989,2.9e-05,-0.871923,1.4e-05,1.4,-0.018
COM3,GliderFET012,2025-06-19 08:41,12.9546,33.6893,3.58,-0.433609,2.5e-05,-0.495179,5.2e-05,42.29,0.132
COM4,GliderFET004,2025-06-19 08:41,12.9546,33.6893,3.54,-0.829948,2.8e-05,-0.871962,8e-06,-0.29,-0.033
COM3,GliderFET012,2025-06-19 08:42,12.9632,33.6888,3.58,-0.433618,1.1e-05,-0.495189,5.4e-05,44.55,0.099
COM4,GliderFET004,2025-06-19 08:42,12.9632,33.6888,3.54,-0.829951,3e-05,-0.87196,1.4e-05,-0.85,-0.02
COM3,GliderFET012,2025-06-19 08:43,12.9583,33.6891,3.58,-0.433636,1.7e-05,-0.495139,4.4e-05,41.63,0.024
COM4,GliderFET004,2025-06-19 08:43,12.9583,33.6891,3.54,-0.829921,2.7e-05,-0.871929,1.4e-05,1.86,-0.012
COM3,GliderFET012,2025-06-19 08:44,12.9688,33.6889,3.58,-0.433671,2.5e-05,-0.495132,2.8e-05,40.93,0.097
COM4,GliderFET004,2025-06-19 08:44,12.9688,33.6889,3.54,-0.829972,2.7e-05,-0.871978,1.1e-05,3.21,-0.024
COM3,GliderFET012,2025-06-19 08:45,12.948,33.6897,3.58,-0.433713,1.6e-05,-0.495144,3.6e-05,43.52,0.005
COM4,GliderFET004,2025-06-19 08:45,12.948,33.6897,3.54,-0.829964,1.9e-05,-0.871975,8e-06,0.23,-0.021
COM3,GliderFET012,2025-06-19 08:46,12.9327,33.6904,3.58,-0.433731,1.9e-05,-0.495148,1.2e-05,44.5,0.103
COM4,GliderFET004,2025-06-19 08:46,12.9327,33.6904,3.54,-0.829985,2.3e-05,-0.871985,1.3e-05,-1.03,-0.017
COM3,GliderFET012,2025-06-19 08:47,12.9267,33.6907,3.58,-0.433789,1.8e-05,-0.495132,1.9e-05,43.62,0.056
COM4,GliderFET004,2025-06-19 08:47,12.9267,33.6907,3.54,-0.830019,3.4e-05,-0.871995,1.2e-05,1.79,-0.026
COM3,GliderFET012,2025-06-19 08:48,12.9218,33.6909,3.58,-0.433796,1.8e-05,-0.495107,1.9e-05,44.73,0.042
COM4,GliderFET004,2025-06-19 08:48,12.9218,33.6909,3.54,-0.830015,3.2e-05,-0.871996,1.2e-05,-3.29,-0.024
COM3,GliderFET012,2025-06-19 08:49,12.916,33.6914,3.58,-0.43378,2.3e-05,-0.495035,4.4e-05,41.99,0.083
COM4,GliderFET004,2025-06-19 08:49,12.916,33.6914,3.54,-0.830041,2.5e-05,-0.871999,1.5e-05,3.45,-0.02
COM3,GliderFET012,2025-06-19 08:50,12.9125,33.6914,3.58,-0.433854,2.6e-05,-0.495067,5e-05,43.36,0.084
COM4,GliderFET004,2025-06-19 08:50,12.9125,33.6914,3.54,-0.830064,2.5e-05,-0.872013,1.5e-05,0.72,-0.016
COM3,GliderFET012,2025-06-19 08:51,12.9059,33.6916,3.58,-0.433901,2.2e-05,-0.495017,3.3e-05,44.74,0.11
COM4,GliderFET004,2025-06-19 08:51,12.9059,33.6916,3.54,-0.830145,1.5e-05,-0.872098,8e-06,1.74,-0.014
COM3,GliderFET012,2025-06-19 08:52,12.901,33.6922,3.58,-0.433872,1.7e-05,-0.494973,2.7e-05,43.26,0.067
COM4,GliderFET004,2025-06-19 08:52,12.901,33.6922,3.54,-0.830138,2.1e-05,-0.872068,8e-06,-0.9,-0.015
COM3,GliderFET012,2025-06-19 08:53,12.886,33.6926,3.58,-0.433907,2.9e-05,-0.494886,3.3e-05,43.65,0.136
COM4,GliderFET004,2025-06-19 08:53,12.886,33.6926,3.54,-0.830128,1.1e-05,-0.872074,9e-06,1.37,-0.014
COM3,GliderFET012,2025-06-19 08:55,12.8967,33.6923,3.58,-0.433962,2.7e-05,-0.494844,2.7e-05,46.55,0.041
COM4,GliderFET004,2025-06-19 08:55,12.8967,33.6923,3.54,-0.830097,1.3e-05,-0.872013,3e-06,1.46,-0.023
COM3,GliderFET012,2025-06-19 08:56,12.905,33.6918,3.58,-0.434023,2.7e-05,-0.494796,4.2e-05,43.46,0.096
COM4,GliderFET004,2025-06-19 08:56,12.905,33.6918,3.54,-0.830153,2e-05,-0.872038,9e-06,0.98,-0.014
COM3,GliderFET012,2025-06-19 08:57,12.885,33.6927,3.58,-0.43404,1.8e-05,-0.494762,2.3e-05,44.89,0.112
COM4,GliderFET004,2025-06-19 08:57,12.885,33.6927,3.54,-0.830204,2.5e-05,-0.872105,1.3e-05,2.23,-0.02
COM3,GliderFET012,2025-06-19 08:58,12.8571,33.6941,3.58,-0.434078,2e-05,-0.49477,4e-05,45.02,0.041
COM4,GliderFET004,2025-06-19 08:58,12.8571,33.6941,3.54,-0.830268,2.9e-05,-0.872151,1.1e-05,-1.4,-0.013
COM3,GliderFET012,2025-06-19 08:59,12.85,33.6942,3.58,-0.434111,1.7e-05,-0.494744,6.2e-05,42.76,0.131
COM4,GliderFET004,2025-06-19 08:59,12.85,33.6942,3.54,-0.830203,2.6e-05,-0.872074,1.5e-05,3.19,-0.021
COM3,GliderFET012,2025-06-19 09:00,12.8423,33.6944,3.58,-0.434144,1.7e-05,-0.494697,5.4e-05,45.78,0.072
COM4,GliderFET004,2025-06-19 09:00,12.8423,33.6944,3.54,-0.830251,2.3e-05,-0.872115,1.2e-05,1.07,-0.024
COM3,GliderFET012,2025-06-19 09:01,12.8472,33.6946,3.58,-0.434189,2.6e-05,-0.494716,5.9e-05,45.82,0.056
COM4,GliderFET004,2025-06-19 09:01,12.8472,33.6946,3.54,-0.830221,1.9e-05,-0.872098,4e-06,2.38,-0.024
COM3,GliderFET012,2025-06-19 09:02,12.847,33.6944,3.58,-0.434244,2.2e-05,-0.494745,2.1e-05,45.49,0.1
COM4,GliderFET004,2025-06-19 09:02,12.847,33.6944,3.54,-0.83024,2.7e-05,-0.87209,1.2e-05,-3.19,-0.022
COM3,GliderFET012,2025-06-19 09:03,12.8491,33.6945,3.58,-0.434287,1.6e-05,-0.494717,1.4e-05,44.27,0.056
COM4,GliderFET004,2025-06-19 09:03,12.8491,33.6945,3.54,-0.830304,2.6e-05,-0.872132,4e-06,0.55,-0.024
COM3,GliderFET012,2025-06-19 09:04,12.8451,33.6947,3.58,-0.434259,1.8e-05,-0.494679,4.5e-05,41.46,0.066
COM4,GliderFET004,2025-06-19 09:04,12.8451,33.6947,3.54,-0.830329,2.4e-05,-0.872159,1e-05,-0.28,-0.022
COM3,GliderFET012,2025-06-19 09:05,12.832,33.6952,3.58,-0.434327,1.7e-05,-0.494681,2.4e-05,44.19,0.051
COM4,GliderFET004,2025-06-19 09:05,12.832,33.6952,3.54,-0.830312,2e-05,-0.872142,1.2e-05,-1.06,-0.016
COM3,GliderFET012,2025-06-19 09:06,12.8325,33.6953,3.58,-0.434313,1.7e-05,-0.494653,4.6e-05,42.32,0.131
COM4,GliderFET004,2025-06-19 09:06,12.8325,33.6953,3.54,-0.830358,1.7e-05,-0.872176,8e-06,0.23,-0.029
COM3,GliderFET012,2025-06-19 09:07,12.8209,33.6957,3.58,-0.434407,1.6e-05,-0.494685,2.1e-05,45.23,0.053
COM4,GliderFET004,2025-06-19 09:07,12.8209,33.6957,3.54,-0.830369,1.7e-05,-0.872181,1e-05,-1.81,-0.023
COM3,GliderFET012,2025-06-19 09:08,12.8106,33.6964,3.58,-0.434419,1.4e-05,-0.494698,3.6e-05,42.9,0.061
COM4,GliderFET004,2025-06-19 09:08,12.8106,33.6964,3.54,-0.830375,2e-05,-0.87218,1.1e-05,-0.1,-0.021
COM3,GliderFET012,2025-06-19 09:09,12.8127,33.6965,3.58,-0.434447,1.3e-05,-0.494673,3.3e-05,41.67,0.065
COM4,GliderFET004,2025-06-19 09:09,12.8127,33.6965,3.54,-0.830369,2.5e-05,-0.872169,7e-06,-1.79,-0.026
COM3,GliderFET012,2025-06-19 09:10,12.7993,33.6967,3.58,-0.434469,2.1e-05,-0.494712,3.7e-05,43.52,0.046
COM4,GliderFET004,2025-06-19 09:10,12.7993,33.6967,3.54,-0.830459,1.8e-05,-0.872225,9e-06,1.94,-0.022
COM3,GliderFET012,2025-06-19 09:12,12.7961,33.6974,3.58,-0.434591,2.3e-05,-0.494724,3.3e-05,44.53,0.092
COM4,GliderFET004,2025-06-19 09:12,12.7961,33.6974,3.54,-0.830477,1.7e-05,-0.872245,1.3e-05,0.83,-0.023
COM3,GliderFET012,2025-06-19 09:13,12.8041,33.697,3.58,-0.434596,1.6e-05,-0.49474,4.8e-05,42.58,0.042
COM4,GliderFET004,2025-06-19 09:13,12.8041,33.697,3.54,-0.830496,2.1e-05,-0.872245,1e-05,1.99,-0.035
COM3,GliderFET012,2025-06-19 09:15,12.7861,33.6979,3.58,-0.434711,2.1e-05,-0.494804,2.1e-05,42.97,0.043
COM4,GliderFET004,2025-06-19 09:15,12.7861,33.6979,3.54,-0.83051,2.5e-05,-0.87225,9e-06,1.81,-0.025
COM3,GliderFET012,2025-06-19 09:16,12.7789,33.6982,3.58,-0.434751,1.4e-05,-0.494808,3.4e-05,41.6,0.019
COM4,GliderFET004,2025-06-19 09:16,12.7789,33.6982,3.54,-0.830548,2.5e-05,-0.87229,9e-06,-0.11,-0.025
COM3,GliderFET012,2025-06-19 09:17,12.7757,33.6985,3.58,-0.434788,1.2e-05,-0.494818,1.2e-05,43.75,0.081
COM4,GliderFET004,2025-06-19 09:17,12.7757,33.6985,3.54,-0.830591,2.8e-05,-0.872316,7e-06,-1.06,-0.026
COM3,GliderFET012,2025-06-19 09:18,12.7726,33.6986,3.58,-0.434764,2e-05,-0.494804,3.9e-05,42.22,0.126
COM4,GliderFET004,2025-06-19 09:18,12.7726,33.6986,3.54,-0.830598,2.7e-05,-0.872334,1.1e-05,-3.91,-0.007
COM3,GliderFET012,2025-06-19 09:19,12.769,33.6991,3.58,-0.43484,2.4e-05,-0.494827,3.6e-05,42.9,0.094
COM4,GliderFET004,2025-06-19 09:19,12.769,33.6991,3.54,-0.830653,1.3e-05,-0.87237,9e-06,1.53,-0.024
COM3,GliderFET012,2025-06-19 09:20,12.7644,33.6991,3.58,-0.434912,2.6e-05,-0.494875,1.1e-05,41.8,0.105
COM4,GliderFET004,2025-06-19 09:20,12.7644,33.6991,3.54,-0.83069,1.1e-05,-0.872389,1.1e-05,-0.98,-0.018
COM3,GliderFET012,2025-06-19 09:21,12.7565,33.6994,3.58,-0.434931,2.1e-05,-0.494862,1.1e-05,43.33,0.038
COM4,GliderFET004,2025-06-19 09:21,12.7565,33.6994,3.54,-0.830671,1.2e-05,-0.872366,1.2e-05,-0.16,-0.016
COM3,GliderFET012,2025-06-19 09:22,12.7519,33.6998,3.58,-0.43496,1.7e-05,-0.494908,5.4e-05,43.54,0.007
COM4,GliderFET004,2025-06-19 09:22,12.7519,33.6998,3.54,-0.83072,2.4e-05,-0.872385,1e-05,2.54,-0.023
COM3,GliderFET012,2025-06-19 09:23,12.7531,33.7003,3.58,-0.434965,2.6e-05,-0.494889,3e-05,43.28,0.059
COM4,GliderFET004,2025-06-19 09:23,12.7531,33.7003,3.54,-0.830738,2.1e-05,-0.872403,1.1e-05,-1.09,-0.031
COM3,GliderFET012,2025-06-19 09:24,12.7609,33.6995,3.58,-0.434992,1.6e-05,-0.494894,5.2e-05,45.04,0.096
COM4,GliderFET004,2025-06-19 09:24,12.7609,33.6995,3.54,-0.830786,1.5e-05,-0.872437,9e-06,-0.21,-0.026
COM3,GliderFET012,2025-06-19 09:26,12.7533,33.7001,3.58,-0.435077,1.2e-05,-0.494987,7e-06,45.33,0.033
COM4,GliderFET004,2025-06-19 09:26,12.7533,33.7001,3.54,-0.830998,2.9e-05,-0.872615,7e-06,2.54,-0.026
COM3,GliderFET012,2025-06-19 09:27,12.7529,33.7001,3.58,-0.435095,1.5e-05,-0.494972,4.6e-05,44.69,0.022
COM4,GliderFET004,2025-06-19 09:27,12.7529,33.7001,3.54,-0.831044,1.9e-05,-0.872664,5e-06,1.77,-0.027
COM3,GliderFET012,2025-06-19 09:28,12.7452,33.7007,3.58,-0.435118,1.9e-05,-0.494972,1.5e-05,44.71,0.09
COM4,GliderFET004,2025-06-19 09:28,12.7452,33.7007,3.54,-0.831086,1.4e-05,-0.872709,5e-06,0.57,-0.021
COM3,GliderFET012,2025-06-19 09:29,12.734,33.701,3.58,-0.435135,1.4e-05,-0.495014,2.6e-05,45.2,0.096
COM4,GliderFET004,2025-06-19 09:29,12.734,33.701,3.54,-0.831064,2.6e-05,-0.872691,1e-05,-2.38,-0.021
COM3,GliderFET012,2025-06-19 09:30,12.7473,33.7006,3.58,-0.435149,2e-05,-0.495027,4.8e-05,43.59,0.069
COM4,GliderFET004,2025-06-19 09:30,12.7473,33.7006,3.54,-0.831049,2.6e-05,-0.872662,4e-06,-1.3,-0.007
COM3,GliderFET012,2025-06-19 09:31,12.7525,33.7003,3.58,-0.435174,1.6e-05,-0.495069,3.5e-05,45.23,0.105
COM4,GliderFET004,2025-06-19 09:31,12.7525,33.7003,3.54,-0.831091,2.9e-05,-0.872703,1.6e-05,1.79,-0.024
COM3,GliderFET012,2025-06-19 09:32,12.7426,33.7009,3.58,-0.435237,2.2e-05,-0.495127,2.5e-05,44.97,0.033
COM4,GliderFET004,2025-06-19 09:32,12.7426,33.7009,3.54,-0.831067,2.3e-05,-0.872698,1.5e-05,0.73,-0.018
COM3,GliderFET012,2025-06-19 09:33,12.7436,33.7014,3.58,-0.435251,2.2e-05,-0.495154,1.7e-05,44.91,0.062
COM4,GliderFET004,2025-06-19 09:33,12.7436,33.7014,3.54,-0.831073,2.4e-05,-0.872673,1.3e-05,3.66,-0.017
COM3,GliderFET012,2025-06-19 09:34,12.7571,33.7008,3.58,-0.435291,2.1e-05,-0.495196,5.5e-05,44.58,0.133
COM4,GliderFET004,2025-06-19 09:34,12.7571,33.7008,3.54,-0.831129,2.5e-05,-0.872722,1.7e-05,0.07,-0.019
COM3,GliderFET012,2025-06-19 09:35,12.7505,33.7009,3.58,-0.435316,2.1e-05,-0.495215,2.8e-05,43.83,0.103
COM4,GliderFET004,2025-06-19 09:35,12.7505,33.7009,3.54,-0.831156,2e-05,-0.872748,1e-05,-1.97,-0.028
COM3,GliderFET012,2025-06-19 09:36,12.7411,33.7016,3.58,-0.435325,1.3e-05,-0.495244,2.8e-05,44.45,0.071
COM4,GliderFET004,2025-06-19 09:36,12.7411,33.7016,3.54,-0.831193,2.5e-05,-0.872778,8e-06,-0.68,-0.017
COM3,GliderFET012,2025-06-19 09:37,12.7556,33.701,3.58,-0.435303,3e-05,-0.495211,2.3e-05,46.11,0.027
COM4,GliderFET004,2025-06-19 09:37,12.7556,33.701,3.54,-0.831176,1.4e-05,-0.872757,9e-06,1.46,-0.025
COM3,GliderFET012,2025-06-19 09:38,12.7786,33.7001,3.58,-0.435318,2.6e-05,-0.495239,2.3e-05,44.76,0.086
COM4,GliderFET004,2025-06-19 09:38,12.7786,33.7001,3.54,-0.831184,2.8e-05,-0.872764,7e-06,0.96,-0.019
COM3,GliderFET012,2025-06-19 09:39,12.7828,33.6998,3.58,-0.435362,1.8e-05,-0.495305,1.2e-05,43.67,0.063
COM4,GliderFET004,2025-06-19 09:39,12.7828,33.6998,3.54,-0.831224,2.3e-05,-0.872796,1.1e-05,-1.27,-0.016
COM3,GliderFET012,2025-06-19 09:40,12.7846,33.6999,3.58,-0.435418,1e-05,-0.495378,1.5e-05,43.29,0.065
COM4,GliderFET004,2025-06-19 09:40,12.7846,33.6999,3.54,-0.831232,2.3e-05,-0.872801,1.5e-05,-0.02,-0.018
COM3,GliderFET012,2025-06-19 09:41,12.7895,33.6996,3.58,-0.435427,2.2e-05,-0.495404,1.2e-05,43.59,0.066
COM4,GliderFET004,2025-06-19 09:41,12.7895,33.6996,3.54,-0.831247,1.4e-05,-0.872814,8e-06,0.54,-0.011
COM3,GliderFET012,2025-06-19 09:42,12.7912,33.6999,3.58,-0.43545,1.9e-05,-0.49546,1e-05,45.2,0.071
COM4,GliderFET004,2025-06-19 09:42,12.7912,33.6999,3.54,-0.831247,3.3e-05,-0.872834,1e-05,-1.48,-0.024
COM3,GliderFET012,2025-06-19 09:43,12.7945,33.6995,3.58,-0.43545,2.1e-05,-0.495472,1.9e-05,45.12,0.08
COM4,GliderFET004,2025-06-19 09:43,12.7945,33.6995,3.54,-0.831306,1.9e-05,-0.872886,1.3e-05,-1.6,-0.026
COM3,GliderFET012,2025-06-19 09:44,12.792,33.6996,3.58,-0.435502,1.8e-05,-0.495559,1.8e-05,43.28,0.098
COM4,GliderFET004,2025-06-19 09:44,12.792,33.6996,3.54,-0.831312,2.7e-05,-0.872892,7e-06,-1.5,-0.015
COM3,GliderFET012,2025-06-19 09:45,12.7878,33.7001,3.58,-0.435474,2.3e-05,-0.495575,8e-06,44.4,0.098
COM4,GliderFET004,2025-06-19 09:45,12.7878,33.7001,3.54,-0.831296,2.7e-05,-0.872868,8e-06,0.5,-0.027
COM3,GliderFET012,2025-06-19 09:46,12.7881,33.6999,3.58,-0.435489,1.2e-05,-0.495603,1e-05,42.48,0.05
COM4,GliderFET004,2025-06-19 09:46,12.7881,33.6999,3.54,-0.831317,3.1e-05,-0.872914,7e-06,-1.87,-0.022
COM3,GliderFET012,2025-06-19 09:47,12.7888,33.6999,3.58,-0.435505,2.3e-05,-0.495639,1e-05,46.03,0.063
COM4,GliderFET004,2025-06-19 09:47,12.7888,33.6999,3.54,-0.83148,2.3e-05,-0.873072,1.3e-05,-0.34,-0.025
COM3,GliderFET012,2025-06-19 09:48,12.7919,33.6999,3.58,-0.435518,2.4e-05,-0.495733,1.4e-05,44.55,0.089
COM4,GliderFET004,2025-06-19 09:48,12.7919,33.6999,3.54,-0.83147,1.8e-05,-0.873046,8e-06,-1.53,-0.017
COM3,GliderFET012,2025-06-19 09:49,12.7954,33.7,3.58,-0.435547,1.4e-05,-0.495801,2.8e-05,43.31,0.027
COM4,GliderFET004,2025-06-19 09:49,12.7954,33.7,3.54,-0.831503,1.6e-05,-0.873101,7e-06,-0.59,-0.023
COM3,GliderFET012,2025-06-19 09:50,12.8004,33.7,3.58,-0.435519,9e-06,-0.495797,2e-05,43.59,0.014
COM4,GliderFET004,2025-06-19 09:50,12.8004,33.7,3.54,-0.831463,2.3e-05,-0.87307,1e-05,-2.62,-0.02
COM3,GliderFET012,2025-06-19 09:51,12.8068,33.6996,3.58,-0.435517,1.7e-05,-0.495815,1.2e-05,44.74,0.077
COM4,GliderFET004,2025-06-19 09:51,12.8068,33.6996,3.54,-0.83147,2.4e-05,-0.873046,1e-05,0.72,-0.013
COM3,GliderFET012,2025-06-19 09:52,12.8098,33.6996,3.58,-0.435508,2e-05,-0.495862,8e-06,45.07,0.066
COM4,GliderFET004,2025-06-19 09:52,12.8098,33.6996,3.54,-0.831484,2.4e-05,-0.873068,1e-05,0.68,-0.02
COM3,GliderFET012,2025-06-19 09:53,12.8132,33.6994,3.58,-0.435543,1.6e-05,-0.495904,2.6e-05,45.91,0.047
COM4,GliderFET004,2025-06-19 09:53,12.8132,33.6994,3.54,-0.831487,3.3e-05,-0.873072,1.1e-05,1.12,-0.021
COM3,GliderFET012,2025-06-19 09:54,12.814,33.6993,3.58,-0.435531,1.8e-05,-0.495938,2.7e-05,45.25,0.094
COM4,GliderFET004,2025-06-19 09:54,12.814,33.6993,3.54,-0.831512,3.2e-05,-0.873098,3e-06,-3.5,-0.016
COM3,GliderFET012,2025-06-19 09:55,12.8154,33.6996,3.58,-0.43557,1.6e-05,-0.496015,8e-06,44.03,0.068
COM4,GliderFET004,2025-06-19 09:55,12.8154,33.6996,3.54,-0.8315,1.8e-05,-0.873097,1.1e-05,-0.83,-0.014
COM3,GliderFET012,2025-06-19 09:56,12.8211,33.6995,3.58,-0.435537,1.5e-05,-0.496035,1.8e-05,44.03,0.076
COM4,GliderFET004,2025-06-19 09:56,12.8211,33.6995,3.54,-0.831474,2.2e-05,-0.873058,9e-06,2.83,-0.023
COM3,GliderFET012,2025-06-19 09:57,12.8227,33.6992,3.58,-0.435536,1.8e-05,-0.496047,3.8e-05,43.54,-0.005
COM4,GliderFET004,2025-06-19 09:57,12.8227,33.6992,3.54,-0.831473,2.9e-05,-0.873077,9e-06,1.53,-0.023
COM3,GliderFET012,2025-06-19 09:58,12.8244,33.6992,3.58,-0.43556,1.4e-05,-0.496117,2.5e-05,43.21,0.019
COM4,GliderFET004,2025-06-19 09:58,12.8244,33.6992,3.54,-0.831458,2.7e-05,-0.873052,1.3e-05,-2.33,-0.016
COM3,GliderFET012,2025-06-19 09:59,12.8244,33.6994,3.58,-0.435511,1.3e-05,-0.496116,9e-06,42.55,0.061
COM4,GliderFET004,2025-06-19 09:59,12.8244,33.6994,3.54,-0.831486,2.5e-05,-0.873113,5e-06,1.4,-0.019
COM3,GliderFET012,2025-06-19 10:00,12.8241,33.6993,3.58,-0.43552,1.5e-05,-0.496162,2.3e-05,42.46,0.048
COM4,GliderFET004,2025-06-19 10:00,12.8241,33.6993,3.54,-0.831466,2.4e-05,-0.873089,1e-05,-2.6,-0.024
COM3,GliderFET012,2025-06-19 10:01,12.8244,33.6992,3.58,-0.435521,1.4e-05,-0.496199,3.2e-05,42.04,0.063
COM4,GliderFET004,2025-06-19 10:01,12.8244,33.6992,3.54,-0.83151,1.6e-05,-0.873112,1.7e-05,-0.49,-0.021
COM3,GliderFET012,2025-06-19 10:02,12.832,33.6996,3.58,-0.435546,1.7e-05,-0.496277,1.5e-05,43.93,0.102
COM4,GliderFET004,2025-06-19 10:02,12.832,33.6996,3.54,-0.831491,2.2e-05,-0.873111,6e-06,1.27,-0.021
COM3,GliderFET012,2025-06-19 10:03,12.8607,33.6988,3.58,-0.435545,1.8e-05,-0.496267,3.6e-05,43.44,0.063
COM4,GliderFET004,2025-06-19 10:03,12.8607,33.6988,3.54,-0.831488,2.5e-05,-0.873113,7e-06,0.42,-0.009
COM3,GliderFET012,2025-06-19 10:04,12.8774,33.6986,3.58,-0.435534,2.1e-05,-0.496296,1.6e-05,43.29,0.019
COM4,GliderFET004,2025-06-19 10:04,12.8774,33.6986,3.54,-0.831464,3.3e-05,-0.873102,1e-05,-1.3,-0.013
COM3,GliderFET012,2025-06-19 10:05,12.8753,33.6982,3.58,-0.435518,2.4e-05,-0.496348,6e-06,43.34,0.042
COM4,GliderFET004,2025-06-19 10:05,12.8753,33.6982,3.54,-0.831474,3.2e-05,-0.873113,1.2e-05,-1.33,-0.026
COM3,GliderFET012,2025-06-19 10:06,12.8499,33.6984,3.58,-0.435544,1.5e-05,-0.496392,1.6e-05,44.68,0.039
COM4,GliderFET004,2025-06-19 10:06,12.8499,33.6984,3.54,-0.831482,2.1e-05,-0.873122,8e-06,-3.04,-0.019
COM3,GliderFET012,2025-06-19 10:07,12.8369,33.6988,3.58,-0.435491,1.8e-05,-0.496362,1.6e-05,42.72,-0.003
COM4,GliderFET004,2025-06-19 10:07,12.8369,33.6988,3.54,-0.831506,2.9e-05,-0.873123,5e-06,-0.76,-0.006
COM3,GliderFET012,2025-06-19 10:08,12.8322,33.6994,3.58,-0.435549,1e-05,-0.496413,1.3e-05,45.12,0.076
COM4,GliderFET004,2025-06-19 10:08,12.8322,33.6994,3.54,-0.83147,2.8e-05,-0.873083,5e-06,-0.99,-0.025
COM3,GliderFET012,2025-06-19 10:10,12.8419,33.6992,3.58,-0.43549,1.7e-05,-0.496455,2.2e-05,43.54,0.04
COM4,GliderFET004,2025-06-19 10:10,12.8419,33.6992,3.54,-0.831469,2.2e-05,-0.873117,9e-06,2.93,-0.028
COM3,GliderFET012,2025-06-19 10:11,12.8429,33.699,3.58,-0.435508,1.3e-05,-0.496479,4.7e-05,42.9,0.047
COM4,GliderFET004,2025-06-19 10:11,12.8429,33.699,3.54,-0.831474,1.9e-05,-0.873117,7e-06,-1.95,-0.017
COM3,GliderFET012,2025-06-19 10:12,12.8492,33.6988,3.58,-0.435515,2.1e-05,-0.496531,2.4e-05,44.17,0.095
COM4,GliderFET004,2025-06-19 10:12,12.8492,33.6988,3.54,-0.831456,2.7e-05,-0.873097,8e-06,1.42,-0.02
COM3,GliderFET012,2025-06-19 10:13,12.8597,33.6988,3.58,-0.435508,1.9e-05,-0.496533,4.1e-05,44.61,0.084
COM4,GliderFET004,2025-06-19 10:13,12.8597,33.6988,3.54,-0.831459,2.2e-05,-0.873113,5e-06,2.07,-0.017
COM3,GliderFET012,2025-06-19 10:14,12.878,33.6985,3.58,-0.435496,1.6e-05,-0.496569,2.8e-05,43.08,0.027
COM4,GliderFET004,2025-06-19 10:14,12.878,33.6985,3.54,-0.831433,2.6e-05,-0.873083,1.1e-05,1.32,-0.018
COM3,GliderFET012,2025-06-19 10:15,12.8817,33.6988,3.58,-0.435505,1.9e-05,-0.496585,6.6e-05,43.59,0.052
COM4,GliderFET004,2025-06-19 10:15,12.8817,33.6988,3.54,-0.831479,2.9e-05,-0.87312,1e-05,3.32,-0.028
COM3,GliderFET012,2025-06-19 10:16,12.8725,33.6986,3.58,-0.435508,2.4e-05,-0.496598,2.5e-05,44.78,0.077
COM4,GliderFET004,2025-06-19 10:16,12.8725,33.6986,3.54,-0.831472,2.2e-05,-0.873132,5e-06,0.24,-0.016
COM3,GliderFET012,2025-06-19 10:17,12.8579,33.6986,3.58,-0.435521,2.4e-05,-0.49662,4.5e-05,43.36,0.099
COM4,GliderFET004,2025-06-19 10:17,12.8579,33.6986,3.54,-0.831479,2.4e-05,-0.873167,9e-06,-0.05,-0.023
COM3,GliderFET012,2025-06-19 10:18,12.8483,33.6989,3.58,-0.435453,2.1e-05,-0.496589,2.2e-05,45.35,0.094
COM4,GliderFET004,2025-06-19 10:18,12.8483,33.6989,3.54,-0.831441,2e-05,-0.873108,5e-06,0.26,-0.021
COM3,GliderFET012,2025-06-19 10:19,12.8527,33.699,3.58,-0.435453,1.2e-05,-0.496574,2.7e-05,42.84,0.115
COM4,GliderFET004,2025-06-19 10:19,12.8527,33.699,3.54,-0.83145,2.4e-05,-0.873119,8e-06,-0.07,-0.015
COM3,GliderFET012,2025-06-19 10:20,12.8778,33.6984,3.58,-0.435479,1.6e-05,-0.49663,3e-05,41.7,0.093
COM4,GliderFET004,2025-06-19 10:20,12.8778,33.6984,3.54,-0.831421,2.1e-05,-0.873114,9e-06,2.28,-0.026
COM3,GliderFET012,2025-06-19 10:21,12.8958,33.6989,3.58,-0.435463,2e-05,-0.49665,4.8e-05,46.45,0.099
COM4,GliderFET004,2025-06-19 10:21,12.8958,33.6989,3.54,-0.831449,2e-05,-0.873133,9e-06,2.57,-0.026
COM3,GliderFET012,2025-06-19 10:22,12.9272,33.6982,3.58,-0.435504,2e-05,-0.496651,1.5e-05,44.55,0.111
COM4,GliderFET004,2025-06-19 10:22,12.9272,33.6982,3.54,-0.831466,2e-05,-0.873135,1e-05,-1.19,-0.014
COM3,GliderFET012,2025-06-19 10:23,12.9599,33.6982,3.58,-0.435481,2.5e-05,-0.49667,4e-05,42.24,0.129
COM4,GliderFET004,2025-06-19 10:23,12.9599,33.6982,3.54,-0.831441,1.5e-05,-0.873089,8e-06,0.73,-0.018
COM3,GliderFET012,2025-06-19 10:24,12.9527,33.6977,3.58,-0.435455,3e-05,-0.496679,1.3e-05,41.55,0.043
COM4,GliderFET004,2025-06-19 10:24,12.9527,33.6977,3.54,-0.831418,2.1e-05,-0.87309,9e-06,-0.78,-0.016
COM3,GliderFET012,2025-06-19 10:25,12.9568,33.6984,3.58,-0.435443,1.7e-05,-0.496719,2.5e-05,45.04,0.049
COM4,GliderFET004,2025-06-19 10:25,12.9568,33.6984,3.54,-0.831445,2.6e-05,-0.873077,7e-06,0.49,-0.022
COM3,GliderFET012,2025-06-19 10:26,12.9894,33.6977,3.58,-0.435426,2e-05,-0.496691,3.9e-05,41.89,0.044
COM4,GliderFET004,2025-06-19 10:26,12.9894,33.6977,3.54,-0.831436,2e-05,-0.873102,7e-06,-0.16,-0.029
COM3,GliderFET012,2025-06-19 10:27,12.97,33.6977,3.58,-0.435409,1.6e-05,-0.496686,2.9e-05,43.8,0.163
COM4,GliderFET004,2025-06-19 10:27,12.97,33.6977,3.54,-0.831407,2.2e-05,-0.873091,1.1e-05,-3.16,-0.015
COM3,GliderFET012,2025-06-19 10:28,12.9388,33.6981,3.58,-0.435396,3e-05,-0.496712,4.1e-05,46.18,0.083
COM4,GliderFET004,2025-06-19 10:28,12.9388,33.6981,3.54,-0.831411,2.1e-05,-0.873098,1.1e-05,-1.29,-0.027
COM3,GliderFET012,2025-06-19 10:29,12.9648,33.6982,3.58,-0.435388,2.9e-05,-0.496725,3.2e-05,46.42,0.133
COM4,GliderFET004,2025-06-19 10:29,12.9648,33.6982,3.54,-0.831432,9e-06,-0.873114,9e-06,0.91,-0.023
COM3,GliderFET012,2025-06-19 10:30,12.9736,33.6977,3.58,-0.435354,2.5e-05,-0.496726,5e-05,43.36,0.052
COM4,GliderFET004,2025-06-19 10:30,12.9736,33.6977,3.54,-0.83142,3.2e-05,-0.873137,9e-06,-2.21,-0.006
COM3,GliderFET012,2025-06-19 10:31,13.0096,33.6979,3.58,-0.435323,1.7e-05,-0.49673,4.8e-05,46.53,0.058
COM4,GliderFET004,2025-06-19 10:31,13.0096,33.6979,3.54,-0.831433,2.2e-05,-0.873143,6e-06,-3.17,-0.017
COM3,GliderFET012,2025-06-19 10:32,13.0072,33.6975,3.58,-0.435354,1.1e-05,-0.496797,3e-05,45.75,0.031
COM4,GliderFET004,2025-06-19 10:32,13.0072,33.6975,3.54,-0.831439,2.1e-05,-0.873163,7e-06,1.81,-0.019
COM3,GliderFET012,2025-06-19 10:33,12.991,33.6976,3.58,-0.435367,2.6e-05,-0.496857,2.4e-05,45.8,0.029
COM4,GliderFET004,2025-06-19 10:33,12.991,33.6976,3.54,-0.831483,1.9e-05,-0.873203,1.2e-05,1.77,-0.021
COM3,GliderFET012,2025-06-19 10:34,12.9945,33.6976,3.58,-0.435332,1.2e-05,-0.496815,2.6e-05,40.95,0.092
COM4,GliderFET004,2025-06-19 10:34,12.9945,33.6976,3.54,-0.831438,2e-05,-0.873189,1e-05,-2.82,-0.019
COM3,GliderFET012,2025-06-19 10:35,12.9651,33.6984,3.58,-0.435291,2.8e-05,-0.496821,3.7e-05,42.2,0.05
COM4,GliderFET004,2025-06-19 10:35,12.9651,33.6984,3.54,-0.831607,2.7e-05,-0.873346,9e-06,-2.86,-0.017
COM3,GliderFET012,2025-06-19 10:36,12.98,33.698,3.58,-0.435297,2.1e-05,-0.496831,2.9e-05,44.91,0.053
COM4,GliderFET004,2025-06-19 10:36,12.98,33.698,3.54,-0.831567,2.2e-05,-0.873308,1.2e-05,0.03,-0.022
COM3,GliderFET012,2025-06-19 10:37,12.9688,33.6981,3.58,-0.435261,3.1e-05,-0.49687,3.7e-05,41.78,0.056
COM4,GliderFET004,2025-06-19 10:37,12.9688,33.6981,3.54,-0.83159,4.1e-05,-0.873359,3e-06,-1.04,-0.02
COM3,GliderFET012,2025-06-19 10:38,13.0171,33.6976,3.58,-0.435233,2.2e-05,-0.496824,4.2e-05,44.63,0.064
COM4,GliderFET004,2025-06-19 10:38,13.0171,33.6976,3.54,-0.831543,1.7e-05,-0.873307,5e-06,4.09,-0.017
COM3,GliderFET012,2025-06-19 10:39,13.0309,33.6976,3.58,-0.435266,2.2e-05,-0.496903,4e-05,44.17,0.173
COM4,GliderFET004,2025-06-19 10:39,13.0309,33.6976,3.54,-0.831537,2.3e-05,-0.873314,1.2e-05,-0.03,-0.037
COM3,GliderFET012,2025-06-19 10:40,13.0238,33.6974,3.58,-0.435254,1.1e-05,-0.496855,3.5e-05,42.14,0.106
COM4,GliderFET004,2025-06-19 10:40,13.0238,33.6974,3.54,-0.83153,2.6e-05,-0.873316,1.3e-05,-1.5,-0.031
COM3,GliderFET012,2025-06-19 10:41,13.0389,33.6974,3.58,-0.435248,2.1e-05,-0.496906,1.9e-05,45.05,0.103
COM4,GliderFET004,2025-06-19 10:41,13.0389,33.6974,3.54,-0.831489,2.6e-05,-0.873264,1.4e-05,3.63,-0.03
COM3,GliderFET012,2025-06-19 10:42,13.0443,33.6974,3.58,-0.435243,1.9e-05,-0.496915,4e-05,43.51,0.151
COM4,GliderFET004,2025-06-19 10:42,13.0443,33.6974,3.54,-0.83147,2.6e-05,-0.873286,1.2e-05,-1.48,-0.029
COM3,GliderFET012,2025-06-19 10:43,13.0457,33.6975,3.58,-0.435218,3.3e-05,-0.496892,3.4e-05,44.12,0.058
COM4,GliderFET004,2025-06-19 10:43,13.0457,33.6975,3.54,-0.831491,2.2e-05,-0.873292,8e-06,-0.46,-0.033
COM3,GliderFET012,2025-06-19 10:44,12.9908,33.7006,3.58,-0.435207,2.3e-05,-0.496909,1.1e-05,42.35,0.038
COM4,GliderFET004,2025-06-19 10:44,12.9908,33.7006,3.54,-0.83145,1.8e-05,-0.873292,4e-06,-0.2,-0.023
COM3,GliderFET012,2025-06-19 10:45,12.9579,33.7027,3.58,-0.435142,1.7e-05,-0.496872,2e-05,42.5,0.073
COM4,GliderFET004,2025-06-19 10:45,12.9579,33.7027,3.54,-0.831473,1.9e-05,-0.873282,6e-06,1.04,-0.03
COM3,GliderFET012,2025-06-19 10:46,12.9568,33.7025,3.58,-0.435141,1.2e-05,-0.496866,3.2e-05,45.67,0.031
COM4,GliderFET004,2025-06-19 10:46,12.9568,33.7025,3.54,-0.831428,2.8e-05,-0.873273,1.2e-05,4.25,-0.027
COM3,GliderFET012,2025-06-19 10:47,12.9488,33.7029,3.58,-0.435167,2.1e-05,-0.496935,1.7e-05,43.07,0.15
COM4,GliderFET004,2025-06-19 10:47,12.9488,33.7029,3.54,-0.831429,9e-06,-0.873273,1.2e-05,-0.39,-0.035
COM3,GliderFET012,2025-06-19 10:48,12.9147,33.7043,3.58,-0.435174,2.5e-05,-0.496911,1.1e-05,42.15,0.092
COM4,GliderFET004,2025-06-19 10:48,12.9147,33.7043,3.54,-0.831372,2.4e-05,-0.873204,8e-06,0.44,-0.032
COM3,GliderFET012,2025-06-19 10:49,12.9019,33.7042,3.58,-0.435175,1.3e-05,-0.496912,6e-06,43.83,0.075
COM4,GliderFET004,2025-06-19 10:49,12.9019,33.7042,3.54,-0.831377,2.6e-05,-0.873217,1.9e-05,-0.76,-0.023
COM3,GliderFET012,2025-06-19 10:50,12.8863,33.7052,3.58,-0.435174,1.7e-05,-0.496949,1.7e-05,44.03,0.055
COM4,GliderFET004,2025-06-19 10:50,12.8863,33.7052,3.54,-0.831385,1.4e-05,-0.873223,1e-05,1.04,-0.032
COM3,GliderFET012,2025-06-19 10:51,12.8933,33.7052,3.58,-0.435242,1.7e-05,-0.496993,2.8e-05,44.87,0.12
COM4,GliderFET004,2025-06-19 10:51,12.8933,33.7052,3.54,-0.83136,2.5e-05,-0.873212,7e-06,-1.48,-0.027
COM3,GliderFET012,2025-06-19 10:52,12.858,33.7071,3.58,-0.435227,1.7e-05,-0.49692,2.8e-05,46.04,0.054
COM4,GliderFET004,2025-06-19 10:52,12.858,33.7071,3.54,-0.831352,2.4e-05,-0.873194,1.1e-05,0.29,-0.025
COM3,GliderFET012,2025-06-19 10:53,12.8567,33.7072,3.58,-0.435211,1.2e-05,-0.49695,2.1e-05,45.02,0.022
COM4,GliderFET004,2025-06-19 10:53,12.8567,33.7072,3.54,-0.83137,3.2e-05,-0.873186,9e-06,2.52,-0.03
COM3,GliderFET012,2025-06-19 10:54,12.8458,33.7079,3.58,-0.435214,1.7e-05,-0.496868,1.4e-05,43.41,0.111
COM4,GliderFET004,2025-06-19 10:54,12.8458,33.7079,3.54,-0.831353,2.1e-05,-0.873167,5e-06,-0.08,-0.026
COM3,GliderFET012,2025-06-19 10:55,12.8417,33.7084,3.58,-0.435221,1.7e-05,-0.496847,4.2e-05,45.48,0.05
COM4,GliderFET004,2025-06-19 10:55,12.8417,33.7084,3.54,-0.831355,2.1e-05,-0.873165,9e-06,2.23,-0.029
COM3,GliderFET012,2025-06-19 10:56,12.8489,33.7081,3.58,-0.435262,2.2e-05,-0.496811,1.9e-05,43.59,0.105
COM4,GliderFET004,2025-06-19 10:56,12.8489,33.7081,3.54,-0.831324,2.1e-05,-0.873155,8e-06,1.76,-0.026
COM3,GliderFET012,2025-06-19 10:57,12.8431,33.7088,3.58,-0.43529,2e-05,-0.496806,3.3e-05,43.38,0.036
COM4,GliderFET004,2025-06-19 10:57,12.8431,33.7088,3.54,-0.831463,2.5e-05,-0.873253,8e-06,1.48,-0.027
COM3,GliderFET012,2025-06-19 10:58,12.8343,33.7096,3.58,-0.435303,2.4e-05,-0.49671,2.8e-05,45.21,0.062
COM4,GliderFET004,2025-06-19 10:58,12.8343,33.7096,3.54,-0.831516,1.8e-05,-0.873286,1.2e-05,-0.8,-0.023
COM3,GliderFET012,2025-06-19 10:59,12.8233,33.7104,3.58,-0.435367,2e-05,-0.496668,3.7e-05,42.38,0.076
COM4,GliderFET004,2025-06-19 10:59,12.8233,33.7104,3.54,-0.831534,2.7e-05,-0.873299,1.3e-05,0.05,-0.026
COM3,GliderFET012,2025-06-19 11:00,12.8252,33.7106,3.58,-0.435411,2.1e-05,-0.496641,2.3e-05,42.64,0.072
COM4,GliderFET004,2025-06-19 11:00,12.8252,33.7106,3.54,-0.831554,1.8e-05,-0.873296,9e-06,-0.59,-0.022
COM3,GliderFET012,2025-06-19 11:01,12.8422,33.7093,3.58,-0.435465,2.2e-05,-0.496633,1.6e-05,41.88,0.056
COM4,GliderFET004,2025-06-19 11:01,12.8422,33.7093,3.54,-0.831601,2.4e-05,-0.873335,1.3e-05,-2.6,-0.028
COM3,GliderFET012,2025-06-19 11:02,12.8357,33.7101,3.58,-0.43552,1.8e-05,-0.496643,1e-05,43.12,0.095
COM4,GliderFET004,2025-06-19 11:02,12.8357,33.7101,3.54,-0.831615,3.1e-05,-0.873326,5e-06,-0.34,-0.025
COM3,GliderFET012,2025-06-19 11:03,12.8238,33.7107,3.58,-0.435585,2.5e-05,-0.496634,1.7e-05,44.34,0.123
COM4,GliderFET004,2025-06-19 11:03,12.8238,33.7107,3.54,-0.83166,2.8e-05,-0.873372,1.1e-05,-1.09,-0.032
COM3,GliderFET012,2025-06-19 11:04,12.8099,33.7119,3.58,-0.435617,2.1e-05,-0.496644,2.4e-05,44.5,0.063
COM4,GliderFET004,2025-06-19 11:04,12.8099,33.7119,3.54,-0.831671,1.2e-05,-0.873358,7e-06,1.3,-0.013
COM3,GliderFET012,2025-06-19 11:05,12.8094,33.7118,3.58,-0.43569,1.4e-05,-0.496682,1.9e-05,43.44,0.043
COM4,GliderFET004,2025-06-19 11:05,12.8094,33.7118,3.54,-0.831709,2.3e-05,-0.873381,9e-06,-0.9,-0.019
COM3,GliderFET012,2025-06-19 11:06,12.8002,33.7122,3.58,-0.435723,1.8e-05,-0.496687,1.6e-05,44.71,0.083
COM4,GliderFET004,2025-06-19 11:06,12.8002,33.7122,3.54,-0.831737,1.5e-05,-0.873415,6e-06,0.94,-0.024
COM3,GliderFET012,2025-06-19 11:07,12.7901,33.7129,3.58,-0.435759,2.1e-05,-0.496697,1.5e-05,43.41,0.08
COM4,GliderFET004,2025-06-19 11:07,12.7901,33.7129,3.54,-0.831799,2e-05,-0.873461,6e-06,1.27,-0.021
COM3,GliderFET012,2025-06-19 11:08,12.7794,33.7139,3.58,-0.435811,1.7e-05,-0.496694,2.5e-05,44.34,0.089
COM4,GliderFET004,2025-06-19 11:08,12.7794,33.7139,3.54,-0.831825,2.1e-05,-0.873486,7e-06,0.0,-0.02
COM3,GliderFET012,2025-06-19 11:09,12.76,33.7148,3.58,-0.435847,1.2e-05,-0.496716,2.2e-05,42.17,0.021
COM4,GliderFET004,2025-06-19 11:09,12.76,33.7148,3.54,-0.831892,1.9e-05,-0.873535,1.1e-05,1.38,-0.025
COM3,GliderFET012,2025-06-19 11:10,12.7649,33.7142,3.58,-0.435911,1.2e-05,-0.496735,9e-06,44.16,0.075
COM4,GliderFET004,2025-06-19 11:10,12.7649,33.7142,3.54,-0.831856,2.3e-05,-0.873497,9e-06,-1.29,-0.029
COM3,GliderFET012,2025-06-19 11:11,12.778,33.7139,3.58,-0.435963,2.2e-05,-0.496758,3.3e-05,43.82,0.098
COM4,GliderFET004,2025-06-19 11:11,12.778,33.7139,3.54,-0.831922,2.4e-05,-0.873545,1.1e-05,0.9,-0.028
COM3,GliderFET012,2025-06-19 11:12,12.7714,33.7149,3.58,-0.43597,2.3e-05,-0.496715,1.8e-05,42.29,0.08
COM4,GliderFET004,2025-06-19 11:12,12.7714,33.7149,3.54,-0.831964,3.3e-05,-0.873566,1.1e-05,-0.8,-0.025
COM3,GliderFET012,2025-06-19 11:13,12.774,33.7145,3.58,-0.436027,1.7e-05,-0.496715,9e-06,43.57,0.024
COM4,GliderFET004,2025-06-19 11:13,12.774,33.7145,3.54,-0.832,1.8e-05,-0.873591,1.1e-05,-0.21,-0.028
COM3,GliderFET012,2025-06-19 11:14,12.7753,33.7147,3.58,-0.436064,1.2e-05,-0.49674,2.4e-05,44.79,0.084
COM4,GliderFET004,2025-06-19 11:14,12.7753,33.7147,3.54,-0.832042,3.9e-05,-0.87362,8e-06,1.37,-0.028
COM3,GliderFET012,2025-06-19 11:15,12.7479,33.7158,3.58,-0.436112,1.1e-05,-0.49676,1.8e-05,43.77,0.086
COM4,GliderFET004,2025-06-19 11:15,12.7479,33.7158,3.54,-0.832083,1.8e-05,-0.873654,7e-06,1.76,-0.023
COM3,GliderFET012,2025-06-19 11:16,12.7393,33.7164,3.58,-0.436135,2.6e-05,-0.496743,3.2e-05,43.88,0.019
COM4,GliderFET004,2025-06-19 11:16,12.7393,33.7164,3.54,-0.832155,2.8e-05,-0.873717,9e-06,2.02,-0.017
COM3,GliderFET012,2025-06-19 11:17,12.741,33.7164,3.58,-0.43617,2e-05,-0.496733,2.6e-05,43.28,0.039
COM4,GliderFET004,2025-06-19 11:17,12.741,33.7164,3.54,-0.832284,2.8e-05,-0.873839,1.1e-05,-1.89,-0.035
COM3,GliderFET012,2025-06-19 11:18,12.741,33.7162,3.58,-0.436234,1.7e-05,-0.496773,1.9e-05,42.85,0.089
COM4,GliderFET004,2025-06-19 11:18,12.741,33.7162,3.54,-0.832335,1.6e-05,-0.87389,6e-06,-0.68,-0.026
COM3,GliderFET012,2025-06-19 11:19,12.7264,33.7167,3.58,-0.436255,1.2e-05,-0.496759,1.7e-05,42.33,0.067
COM4,GliderFET004,2025-06-19 11:19,12.7264,33.7167,3.54,-0.832297,1.7e-05,-0.873836,8e-06,1.38,-0.032
COM3,GliderFET012,2025-06-19 11:20,12.7186,33.7179,3.58,-0.436269,2.3e-05,-0.496756,7e-06,41.67,0.083
COM4,GliderFET004,2025-06-19 11:20,12.7186,33.7179,3.54,-0.832385,2.1e-05,-0.87391,5e-06,-1.3,-0.032
COM3,GliderFET012,2025-06-19 11:21,12.7107,33.7183,3.58,-0.436313,1.7e-05,-0.49679,1e-05,43.03,0.046
COM4,GliderFET004,2025-06-19 11:21,12.7107,33.7183,3.54,-0.832406,2.2e-05,-0.873923,1.2e-05,1.89,-0.023
COM3,GliderFET012,2025-06-19 11:22,12.7007,33.719,3.58,-0.436396,1.2e-05,-0.496854,9e-06,42.59,0.065
COM4,GliderFET004,2025-06-19 11:22,12.7007,33.719,3.54,-0.832426,1.8e-05,-0.873926,6e-06,1.33,-0.022
COM3,GliderFET012,2025-06-19 11:23,12.6909,33.7194,3.58,-0.436399,1.2e-05,-0.496833,2.5e-05,44.11,0.057
COM4,GliderFET004,2025-06-19 11:23,12.6909,33.7194,3.54,-0.83245,1.5e-05,-0.873951,7e-06,2.96,-0.028
COM3,GliderFET012,2025-06-19 11:24,12.6874,33.72,3.58,-0.436436,2.6e-05,-0.496821,2.1e-05,44.01,0.055
COM4,GliderFET004,2025-06-19 11:24,12.6874,33.72,3.54,-0.832453,1.9e-05,-0.873937,1.2e-05,3.06,-0.024
COM3,GliderFET012,2025-06-19 11:25,12.6841,33.7204,3.58,-0.436467,1.7e-05,-0.496886,3.2e-05,43.98,0.115
COM4,GliderFET004,2025-06-19 11:25,12.6841,33.7204,3.54,-0.832442,2.8e-05,-0.873939,6e-06,2.16,-0.028
COM3,GliderFET012,2025-06-19 11:26,12.6836,33.7205,3.58,-0.436495,1e-05,-0.496855,1.2e-05,44.65,0.092
COM4,GliderFET004,2025-06-19 11:26,12.6836,33.7205,3.54,-0.83246,1e-05,-0.873948,3e-06,-1.74,-0.022
COM3,GliderFET012,2025-06-19 11:27,12.68,33.7209,3.58,-0.436551,1.7e-05,-0.4969,3e-05,45.18,0.06
COM4,GliderFET004,2025-06-19 11:27,12.68,33.7209,3.54,-0.83244,2.3e-05,-0.873902,7e-06,-0.2,-0.01
COM3,GliderFET012,2025-06-19 11:28,12.6786,33.7207,3.58,-0.436621,1.8e-05,-0.496949,1.3e-05,43.99,0.114
COM4,GliderFET004,2025-06-19 11:28,12.6786,33.7207,3.54,-0.832466,1.8e-05,-0.873926,9e-06,0.9,-0.028
COM3,GliderFET012,2025-06-19 11:29,12.6627,33.7218,3.58,-0.436623,2.1e-05,-0.496905,2e-05,45.57,0.107
COM4,GliderFET004,2025-06-19 11:29,12.6627,33.7218,3.54,-0.832502,2.8e-05,-0.873939,1.1e-05,0.21,-0.027
COM3,GliderFET012,2025-06-19 11:30,12.6633,33.7221,3.58,-0.436674,1.2e-05,-0.496939,1.7e-05,42.79,0.053
COM4,GliderFET004,2025-06-19 11:30,12.6633,33.7221,3.54,-0.832533,2.3e-05,-0.873971,7e-06,2.23,-0.023
COM3,GliderFET012,2025-06-19 11:31,12.6655,33.7217,3.58,-0.436704,1.5e-05,-0.496952,1.6e-05,43.28,0.079
COM4,GliderFET004,2025-06-19 11:31,12.6655,33.7217,3.54,-0.832546,1.6e-05,-0.873969,1.5e-05,1.56,-0.018
COM3,GliderFET012,2025-06-19 11:32,12.6578,33.7226,3.58,-0.436741,2e-05,-0.49698,1.6e-05,42.72,0.06
COM4,GliderFET004,2025-06-19 11:32,12.6578,33.7226,3.54,-0.832557,2e-05,-0.87397,9e-06,1.46,-0.031
COM3,GliderFET012,2025-06-19 11:33,12.6574,33.7223,3.58,-0.436826,1.5e-05,-0.497016,2.5e-05,45.54,0.121
COM4,GliderFET004,2025-06-19 11:33,12.6574,33.7223,3.54,-0.832587,1.8e-05,-0.87398,5e-06,4.57,-0.029
COM3,GliderFET012,2025-06-19 11:34,12.651,33.7226,3.58,-0.436828,1.9e-05,-0.497024,2.2e-05,44.71,0.059
COM4,GliderFET004,2025-06-19 11:34,12.651,33.7226,3.54,-0.83262,2.1e-05,-0.873985,6e-06,2.98,-0.031
COM3,GliderFET012,2025-06-19 11:35,12.6478,33.7229,3.58,-0.436864,1.6e-05,-0.497069,2.2e-05,43.78,0.051
COM4,GliderFET004,2025-06-19 11:35,12.6478,33.7229,3.54,-0.832619,3.7e-05,-0.873995,1.1e-05,1.06,-0.03
COM3,GliderFET012,2025-06-19 11:36,12.6617,33.7226,3.58,-0.436909,2e-05,-0.497066,3.1e-05,45.62,0.05
COM4,GliderFET004,2025-06-19 11:36,12.6617,33.7226,3.54,-0.832661,1.7e-05,-0.874024,1.4e-05,0.62,-0.021
COM3,GliderFET012,2025-06-19 11:37,12.6443,33.7236,3.58,-0.436962,1.4e-05,-0.497113,1.1e-05,43.75,0.058
COM4,GliderFET004,2025-06-19 11:37,12.6443,33.7236,3.54,-0.832654,2.1e-05,-0.874027,1.5e-05,2.29,-0.027
COM3,GliderFET012,2025-06-19 11:38,12.6357,33.7245,3.58,-0.436996,2e-05,-0.497143,1.2e-05,44.4,0.126
COM4,GliderFET004,2025-06-19 11:38,12.6357,33.7245,3.54,-0.832729,2.6e-05,-0.874078,9e-06,-0.34,-0.024
COM3,GliderFET012,2025-06-19 11:39,12.6237,33.725,3.58,-0.437027,2.2e-05,-0.497145,1.7e-05,45.2,0.084
COM4,GliderFET004,2025-06-19 11:39,12.6237,33.725,3.54,-0.832815,3.1e-05,-0.874146,1.8e-05,-3.13,-0.033
COM3,GliderFET012,2025-06-19 11:40,12.6289,33.7247,3.58,-0.437035,1.4e-05,-0.497147,9e-06,43.41,0.058
COM4,GliderFET004,2025-06-19 11:40,12.6289,33.7247,3.54,-0.832871,2.6e-05,-0.874201,8e-06,0.03,-0.023
COM3,GliderFET012,2025-06-19 11:41,12.6205,33.7257,3.58,-0.437072,1.3e-05,-0.497169,1.5e-05,43.73,0.087
COM4,GliderFET004,2025-06-19 11:41,12.6205,33.7257,3.54,-0.832896,2.1e-05,-0.874232,1.3e-05,1.81,-0.021
COM3,GliderFET012,2025-06-19 11:42,12.6222,33.7256,3.58,-0.437105,2e-05,-0.497206,1.9e-05,42.66,0.061
COM4,GliderFET004,2025-06-19 11:42,12.6222,33.7256,3.54,-0.832958,2.7e-05,-0.874297,9e-06,-0.33,-0.038
COM3,GliderFET012,2025-06-19 11:43,12.6215,33.7255,3.58,-0.437175,2.5e-05,-0.49728,3.4e-05,44.58,0.052
COM4,GliderFET004,2025-06-19 11:43,12.6215,33.7255,3.54,-0.832986,2.6e-05,-0.874312,1.1e-05,0.18,-0.023
COM3,GliderFET012,2025-06-19 11:44,12.6388,33.725,3.58,-0.437203,1.4e-05,-0.497304,1.5e-05,43.42,0.081
COM4,GliderFET004,2025-06-19 11:44,12.6388,33.725,3.54,-0.833052,3e-05,-0.874353,1.8e-05,-0.24,-0.025
COM3,GliderFET012,2025-06-19 11:45,12.6325,33.7256,3.58,-0.437245,1.7e-05,-0.497302,2.1e-05,45.77,0.099
COM4,GliderFET004,2025-06-19 11:45,12.6325,33.7256,3.54,-0.833051,1.5e-05,-0.874345,7e-06,1.35,-0.027
COM3,GliderFET012,2025-06-19 11:46,12.636,33.7254,3.58,-0.437278,2e-05,-0.497342,1.6e-05,44.97,0.055
COM4,GliderFET004,2025-06-19 11:46,12.636,33.7254,3.54,-0.833121,2e-05,-0.874409,5e-06,-0.5,-0.024
COM3,GliderFET012,2025-06-19 11:47,12.6264,33.7261,3.58,-0.437315,2.5e-05,-0.497361,1.1e-05,44.17,0.052
COM4,GliderFET004,2025-06-19 11:47,12.6264,33.7261,3.54,-0.833102,3e-05,-0.874374,1e-05,0.05,-0.024
COM3,GliderFET012,2025-06-19 11:48,12.6084,33.7268,3.58,-0.43731,1.5e-05,-0.497368,1.3e-05,43.55,0.088
COM4,GliderFET004,2025-06-19 11:48,12.6084,33.7268,3.54,-0.83316,1.5e-05,-0.874429,4e-06,2.73,-0.027
COM3,GliderFET012,2025-06-19 11:49,12.6088,33.7271,3.58,-0.43736,1.4e-05,-0.497394,1.6e-05,43.88,0.065
COM4,GliderFET004,2025-06-19 11:49,12.6088,33.7271,3.54,-0.833221,2.5e-05,-0.874476,1.4e-05,-3.17,-0.026
COM3,GliderFET012,2025-06-19 11:50,12.6011,33.7276,3.58,-0.437416,1.1e-05,-0.497444,1.6e-05,45.83,0.104
COM4,GliderFET004,2025-06-19 11:50,12.6011,33.7276,3.54,-0.833289,1.9e-05,-0.874527,4e-06,2.65,-0.025
COM3,GliderFET012,2025-06-19 11:51,12.5996,33.728,3.58,-0.437477,2.1e-05,-0.497485,1.7e-05,44.4,0.079
COM4,GliderFET004,2025-06-19 11:51,12.5996,33.728,3.54,-0.833331,2.3e-05,-0.874576,1.2e-05,1.58,-0.031
COM3,GliderFET012,2025-06-19 11:52,12.6115,33.7273,3.58,-0.437464,1.3e-05,-0.497504,1.3e-05,43.67,0.083
COM4,GliderFET004,2025-06-19 11:52,12.6115,33.7273,3.54,-0.833368,2.7e-05,-0.874634,1.2e-05,-1.19,-0.027
COM3,GliderFET012,2025-06-19 11:53,12.628,33.7263,3.58,-0.437496,1.2e-05,-0.497506,3.2e-05,43.7,0.051
COM4,GliderFET004,2025-06-19 11:53,12.628,33.7263,3.54,-0.833372,2.7e-05,-0.874603,6e-06,0.57,-0.03
COM3,GliderFET012,2025-06-19 11:54,12.642,33.7256,3.58,-0.43756,1.9e-05,-0.497572,1.7e-05,44.37,0.091
COM4,GliderFET004,2025-06-19 11:54,12.642,33.7256,3.54,-0.833466,2.1e-05,-0.874698,6e-06,3.86,-0.022
COM3,GliderFET012,2025-06-19 11:55,12.6488,33.7257,3.58,-0.437704,1.5e-05,-0.497687,1.3e-05,47.4,0.079
COM4,GliderFET004,2025-06-19 11:55,12.6488,33.7257,3.54,-0.833521,2.1e-05,-0.874729,1e-05,3.66,-0.026
COM3,GliderFET012,2025-06-19 11:56,12.6552,33.7252,3.58,-0.438337,1.4e-05,-0.498467,2.4e-05,43.73,0.079
COM4,GliderFET004,2025-06-19 11:56,12.6552,33.7252,3.54,-0.83355,2e-05,-0.874789,5e-06,-0.65,-0.027
COM3,GliderFET012,2025-06-19 11:57,12.6567,33.7253,3.58,-0.438448,1.7e-05,-0.49864,1.8e-05,44.34,0.048
COM4,GliderFET004,2025-06-19 11:57,12.6567,33.7253,3.54,-0.833547,1.9e-05,-0.874763,6e-06,-2.52,-0.023
COM3,GliderFET012,2025-06-19 11:58,12.6628,33.7248,3.58,-0.438534,1.4e-05,-0.498741,1.5e-05,44.37,0.112
COM4,GliderFET004,2025-06-19 11:58,12.6628,33.7248,3.54,-0.8336,1.6e-05,-0.874811,9e-06,3.29,-0.027
COM3,GliderFET012,2025-06-19 11:59,12.6653,33.7248,3.58,-0.438631,1.3e-05,-0.498862,1.1e-05,42.66,0.071
COM4,GliderFET004,2025-06-19 11:59,12.6653,33.7248,3.54,-0.833659,2.9e-05,-0.87486,9e-06,-0.9,-0.019
COM3,GliderFET012,2025-06-19 12:00,12.6785,33.7274,3.58,-0.438621,1.8e-05,-0.498915,1e-05,43.41,0.083
COM4,GliderFET004,2025-06-19 12:00,12.6785,33.7274,3.54,-0.833741,1.5e-05,-0.874958,1.1e-05,1.89,-0.021
COM3,GliderFET012,2025-06-19 12:01,12.8383,33.7216,3.58,-0.438602,1.8e-05,-0.498947,1.8e-05,42.2,0.066
COM4,GliderFET004,2025-06-19 12:01,12.8383,33.7216,3.54,-0.833664,2.4e-05,-0.874865,1.9e-05,1.04,-0.025
COM3,GliderFET012,2025-06-19 12:02,12.7501,33.7247,3.58,-0.438486,1.8e-05,-0.498888,2e-05,43.73,0.09
COM4,GliderFET004,2025-06-19 12:02,12.7501,33.7247,3.54,-0.833699,1.7e-05,-0.874913,9e-06,1.11,-0.031
COM3,GliderFET012,2025-06-19 12:03,12.7456,33.7245,3.58,-0.438395,1.8e-05,-0.498903,1.8e-05,43.55,0.083
COM4,GliderFET004,2025-06-19 12:03,12.7456,33.7245,3.54,-0.8337,2.4e-05,-0.874917,1.6e-05,0.54,-0.024
COM3,GliderFET012,2025-06-19 12:04,12.7495,33.7246,3.58,-0.438336,1.5e-05,-0.498942,2e-05,42.71,0.054
COM4,GliderFET004,2025-06-19 12:04,12.7495,33.7246,3.54,-0.833716,2e-05,-0.874934,5e-06,0.94,-0.03
COM3,GliderFET012,2025-06-19 12:05,12.7466,33.7243,3.58,-0.43824,2.6e-05,-0.498888,3.4e-05,45.12,0.023
COM4,GliderFET004,2025-06-19 12:05,12.7466,33.7243,3.54,-0.833723,1.4e-05,-0.874969,8e-06,2.03,-0.029
COM3,GliderFET012,2025-06-19 12:06,12.7087,33.7242,3.58,-0.438215,1.6e-05,-0.498981,1.3e-05,46.26,0.018
COM4,GliderFET004,2025-06-19 12:06,12.7087,33.7242,3.54,-0.833762,1.8e-05,-0.875003,9e-06,-2.15,-0.017
COM3,GliderFET012,2025-06-19 12:07,12.701,33.7239,3.58,-0.43809,1.3e-05,-0.498941,3.2e-05,44.73,0.076
COM4,GliderFET004,2025-06-19 12:07,12.701,33.7239,3.54,-0.833823,2e-05,-0.875065,1.6e-05,-0.85,-0.02
COM3,GliderFET012,2025-06-19 12:08,12.7005,33.7244,3.58,-0.438035,1.3e-05,-0.498986,4.4e-05,43.86,0.05
COM4,GliderFET004,2025-06-19 12:08,12.7005,33.7244,3.54,-0.833784,1.8e-05,-0.875056,1e-05,0.16,-0.025
COM3,GliderFET012,2025-06-19 12:09,12.7009,33.7242,3.58,-0.437987,1.6e-05,-0.499023,1.5e-05,44.5,0.042
COM4,GliderFET004,2025-06-19 12:09,12.7009,33.7242,3.54,-0.8338,1.6e-05,-0.875057,1.4e-05,2.96,-0.031
COM3,GliderFET012,2025-06-19 12:10,12.7004,33.7247,3.58,-0.437928,2.3e-05,-0.499017,2.8e-05,43.78,0.092
COM4,GliderFET004,2025-06-19 12:10,12.7004,33.7247,3.54,-0.833782,2.5e-05,-0.875059,8e-06,-2.08,-0.029
COM3,GliderFET012,2025-06-19 12:11,12.699,33.7246,3.58,-0.437884,1.3e-05,-0.499045,1.7e-05,45.26,0.05
COM4,GliderFET004,2025-06-19 12:11,12.699,33.7246,3.54,-0.833811,2e-05,-0.875077,5e-06,-1.06,-0.02
COM3,GliderFET012,2025-06-19 12:12,12.6974,33.7245,3.58,-0.437861,2.4e-05,-0.499066,4.5e-05,45.74,0.08
COM4,GliderFET004,2025-06-19 12:12,12.6974,33.7245,3.54,-0.83379,2.9e-05,-0.875073,9e-06,2.12,-0.021
COM3,GliderFET012,2025-06-19 12:13,12.7007,33.7246,3.58,-0.43782,2.3e-05,-0.499097,1.2e-05,43.9,0.077
COM4,GliderFET004,2025-06-19 12:13,12.7007,33.7246,3.54,-0.833786,2.9e-05,-0.875061,1.3e-05,4.0,-0.025
COM3,GliderFET012,2025-06-19 12:14,12.7098,33.7243,3.58,-0.437823,2.3e-05,-0.499134,7e-06,43.33,0.074
COM4,GliderFET004,2025-06-19 12:14,12.7098,33.7243,3.54,-0.833801,2.4e-05,-0.875061,6e-06,1.07,-0.024
COM3,GliderFET012,2025-06-19 12:15,12.718,33.7236,3.58,-0.437775,2.8e-05,-0.499135,1e-05,42.35,0.067
COM4,GliderFET004,2025-06-19 12:15,12.718,33.7236,3.54,-0.833773,2.1e-05,-0.875056,1.3e-05,1.22,-0.017
COM3,GliderFET012,2025-06-19 12:16,12.719,33.7243,3.58,-0.437744,2e-05,-0.499136,1.8e-05,42.38,0.046
COM4,GliderFET004,2025-06-19 12:16,12.719,33.7243,3.54,-0.833701,2e-05,-0.874982,1.1e-05,-1.77,-0.021
COM3,GliderFET012,2025-06-19 12:17,12.7159,33.724,3.58,-0.437708,1.8e-05,-0.499153,9e-06,44.42,0.065
COM4,GliderFET004,2025-06-19 12:17,12.7159,33.724,3.54,-0.833767,2.5e-05,-0.875064,1.8e-05,-0.49,-0.029
COM3,GliderFET012,2025-06-19 12:18,12.7112,33.7244,3.58,-0.437706,2.1e-05,-0.499186,2.5e-05,44.25,0.067
COM4,GliderFET004,2025-06-19 12:18,12.7112,33.7244,3.54,-0.833749,2.4e-05,-0.87503,1.5e-05,1.6,-0.029
COM3,GliderFET012,2025-06-19 12:19,12.7115,33.7243,3.58,-0.437673,1.2e-05,-0.49917,2.5e-05,42.55,0.071
COM4,GliderFET004,2025-06-19 12:19,12.7115,33.7243,3.54,-0.833732,2e-05,-0.875035,1.9e-05,-0.02,-0.025
COM3,GliderFET012,2025-06-19 12:20,12.7118,33.7246,3.58,-0.437702,1.6e-05,-0.499267,1.7e-05,45.05,0.042
COM4,GliderFET004,2025-06-19 12:20,12.7118,33.7246,3.54,-0.83374,2.9e-05,-0.875004,6e-06,2.64,-0.023
COM3,GliderFET012,2025-06-19 12:21,12.713,33.7243,3.58,-0.437649,1.6e-05,-0.499208,1.9e-05,43.2,0.058
COM4,GliderFET004,2025-06-19 12:21,12.713,33.7243,3.54,-0.833714,1.7e-05,-0.874989,8e-06,0.55,-0.026
COM3,GliderFET012,2025-06-19 12:22,12.7184,33.7241,3.58,-0.437683,1e-05,-0.499266,3e-05,45.2,0.096
COM4,GliderFET004,2025-06-19 12:22,12.7184,33.7241,3.54,-0.833676,2.1e-05,-0.874972,1.4e-05,0.29,-0.023
COM3,GliderFET012,2025-06-19 12:23,12.7238,33.7239,3.58,-0.437629,1.8e-05,-0.499255,2.9e-05,43.16,-0.006
COM4,GliderFET004,2025-06-19 12:23,12.7238,33.7239,3.54,-0.83371,2.8e-05,-0.874991,6e-06,3.92,-0.024
COM3,GliderFET012,2025-06-19 12:24,12.7265,33.7238,3.58,-0.437624,1.3e-05,-0.499261,2e-05,43.31,0.073
COM4,GliderFET004,2025-06-19 12:24,12.7265,33.7238,3.54,-0.833717,1.7e-05,-0.874982,3e-06,-0.33,-0.03
COM3,GliderFET012,2025-06-19 12:25,12.7269,33.7238,3.58,-0.437623,1.7e-05,-0.499317,2.8e-05,44.97,0.089
COM4,GliderFET004,2025-06-19 12:25,12.7269,33.7238,3.54,-0.83365,1.9e-05,-0.874928,1.1e-05,3.17,-0.033
COM3,GliderFET012,2025-06-19 12:26,12.7273,33.7236,3.58,-0.437578,1.4e-05,-0.499287,5.5e-05,43.64,0.059
COM4,GliderFET004,2025-06-19 12:26,12.7273,33.7236,3.54,-0.833629,2.4e-05,-0.874919,1.8e-05,1.5,-0.025
COM3,GliderFET012,2025-06-19 12:27,12.7277,33.7237,3.58,-0.437618,1.5e-05,-0.499338,3.7e-05,43.91,0.03
COM4,GliderFET004,2025-06-19 12:27,12.7277,33.7237,3.54,-0.833598,2e-05,-0.874884,1.2e-05,0.5,-0.017
COM3,GliderFET012,2025-06-19 12:28,12.7296,33.7236,3.58,-0.437588,1.8e-05,-0.499312,3.3e-05,43.12,0.049
COM4,GliderFET004,2025-06-19 12:28,12.7296,33.7236,3.54,-0.833602,2.6e-05,-0.874874,8e-06,2.62,-0.012
COM3,GliderFET012,2025-06-19 12:29,12.7315,33.7235,3.58,-0.437602,1.3e-05,-0.499371,2e-05,45.13,0.087
COM4,GliderFET004,2025-06-19 12:29,12.7315,33.7235,3.54,-0.833535,1.9e-05,-0.874816,7e-06,0.42,-0.036
COM3,GliderFET012,2025-06-19 12:30,12.7279,33.7239,3.58,-0.437563,1.9e-05,-0.499329,1.6e-05,43.25,0.032
COM4,GliderFET004,2025-06-19 12:30,12.7279,33.7239,3.54,-0.833557,2.5e-05,-0.874847,1.4e-05,-1.61,-0.026
COM3,GliderFET012,2025-06-19 12:31,12.7273,33.724,3.58,-0.437574,2.3e-05,-0.499358,3.5e-05,42.24,0.088
COM4,GliderFET004,2025-06-19 12:31,12.7273,33.724,3.54,-0.833595,1.5e-05,-0.874887,7e-06,-0.72,-0.022
COM3,GliderFET012,2025-06-19 12:32,12.7307,33.7237,3.58,-0.437551,2.2e-05,-0.499396,3.5e-05,42.64,0.046
COM4,GliderFET004,2025-06-19 12:32,12.7307,33.7237,3.54,-0.833589,1.8e-05,-0.874851,1.3e-05,4.39,-0.027
COM3,GliderFET012,2025-06-19 12:33,12.7333,33.7236,3.58,-0.437533,1.7e-05,-0.499356,1.8e-05,44.04,0.082
COM4,GliderFET004,2025-06-19 12:33,12.7333,33.7236,3.54,-0.833557,2.3e-05,-0.874866,1e-05,-1.51,-0.027
COM3,GliderFET012,2025-06-19 12:34,12.7401,33.7233,3.58,-0.437511,2.2e-05,-0.499354,2.8e-05,43.99,0.079
COM4,GliderFET004,2025-06-19 12:34,12.7401,33.7233,3.54,-0.833555,2.7e-05,-0.874846,1e-05,-0.81,-0.038
COM3,GliderFET012,2025-06-19 12:35,12.7442,33.7234,3.58,-0.437505,2.2e-05,-0.499366,1.2e-05,44.12,0.055
COM4,GliderFET004,2025-06-19 12:35,12.7442,33.7234,3.54,-0.833553,2.4e-05,-0.874853,1.2e-05,1.55,-0.027
COM3,GliderFET012,2025-06-19 12:36,12.745,33.7232,3.58,-0.437508,1.8e-05,-0.499373,2.6e-05,43.46,0.095
COM4,GliderFET004,2025-06-19 12:36,12.745,33.7232,3.54,-0.833552,1.7e-05,-0.874856,1.5e-05,-1.07,-0.022
COM3,GliderFET012,2025-06-19 12:37,12.7505,33.7234,3.58,-0.437472,2e-05,-0.499388,2.6e-05,45.04,0.081
COM4,GliderFET004,2025-06-19 12:37,12.7505,33.7234,3.54,-0.833561,1.6e-05,-0.874859,7e-06,0.08,-0.021
COM3,GliderFET012,2025-06-19 12:38,12.7601,33.7232,3.58,-0.437437,2e-05,-0.499364,3.6e-05,43.29,0.093
COM4,GliderFET004,2025-06-19 12:38,12.7601,33.7232,3.54,-0.83349,3.2e-05,-0.874797,8e-06,-0.05,-0.03
COM3,GliderFET012,2025-06-19 12:39,12.7403,33.7233,3.58,-0.437419,2.5e-05,-0.499358,2.2e-05,44.65,0.079
COM4,GliderFET004,2025-06-19 12:39,12.7403,33.7233,3.54,-0.833514,3.3e-05,-0.874819,7e-06,0.68,-0.028
COM3,GliderFET012,2025-06-19 12:40,12.7823,33.7232,3.58,-0.437414,1.3e-05,-0.499387,3.2e-05,43.65,0.073
COM4,GliderFET004,2025-06-19 12:40,12.7823,33.7232,3.54,-0.833528,2.7e-05,-0.874833,8e-06,0.24,-0.026
COM3,GliderFET012,2025-06-19 12:41,12.8347,33.7221,3.58,-0.437471,1.6e-05,-0.499414,2.8e-05,45.26,0.068
COM4,GliderFET004,2025-06-19 12:41,12.8347,33.7221,3.54,-0.83351,2e-05,-0.874802,8e-06,0.65,-0.032
COM3,GliderFET012,2025-06-19 12:43,12.8773,33.7213,3.58,-0.437368,1.5e-05,-0.499362,4.5e-05,44.42,0.073
COM4,GliderFET004,2025-06-19 12:43,12.8773,33.7213,3.54,-0.833471,2.9e-05,-0.874768,7e-06,3.86,-0.027
COM3,GliderFET012,2025-06-19 12:44,12.8783,33.7207,3.58,-0.437295,2.1e-05,-0.499318,3.8e-05,43.34,0.094
COM4,GliderFET004,2025-06-19 12:44,12.8783,33.7207,3.54,-0.833472,1.7e-05,-0.874786,9e-06,-0.7,-0.034
COM3,GliderFET012,2025-06-19 12:45,12.8918,33.7215,3.58,-0.437317,1.6e-05,-0.499373,1.9e-05,44.63,0.081
COM4,GliderFET004,2025-06-19 12:45,12.8918,33.7215,3.54,-0.833442,3.3e-05,-0.874769,1.5e-05,0.75,-0.031
COM3,GliderFET012,2025-06-19 12:46,12.933,33.7203,3.58,-0.437239,2e-05,-0.499307,2e-05,44.82,0.089
COM4,GliderFET004,2025-06-19 12:46,12.933,33.7203,3.54,-0.83344,2.4e-05,-0.874777,7e-06,2.12,-0.027
COM3,GliderFET012,2025-06-19 12:47,12.9574,33.7202,3.58,-0.437271,1.3e-05,-0.499345,1.1e-05,43.07,0.088
COM4,GliderFET004,2025-06-19 12:47,12.9574,33.7202,3.54,-0.833441,1.6e-05,-0.874768,1.6e-05,0.0,-0.022
COM3,GliderFET012,2025-06-19 12:48,12.9619,33.7199,3.58,-0.437187,1.8e-05,-0.499339,1.3e-05,42.71,0.044
COM4,GliderFET004,2025-06-19 12:48,12.9619,33.7199,3.54,-0.833433,2.6e-05,-0.87477,1.8e-05,1.17,-0.028
COM3,GliderFET012,2025-06-19 12:49,12.9058,33.7211,3.58,-0.43711,1.9e-05,-0.499287,2e-05,42.64,0.098
COM4,GliderFET004,2025-06-19 12:49,12.9058,33.7211,3.54,-0.833477,1.9e-05,-0.874834,7e-06,2.13,-0.026
COM3,GliderFET012,2025-06-19 12:50,12.9293,33.7204,3.58,-0.437064,1.7e-05,-0.499263,2.5e-05,44.16,0.07
COM4,GliderFET004,2025-06-19 12:50,12.9293,33.7204,3.54,-0.833444,2.1e-05,-0.874813,9e-06,2.08,-0.03
COM3,GliderFET012,2025-06-19 12:51,12.9196,33.7212,3.58,-0.437063,1.6e-05,-0.49928,2.4e-05,44.34,0.105
COM4,GliderFET004,2025-06-19 12:51,12.9196,33.7212,3.54,-0.833443,1.9e-05,-0.874836,7e-06,3.69,-0.022
COM3,GliderFET012,2025-06-19 12:52,12.9107,33.7208,3.58,-0.437015,1.8e-05,-0.499251,2e-05,44.3,0.051
COM4,GliderFET004,2025-06-19 12:52,12.9107,33.7208,3.54,-0.833392,2.4e-05,-0.8748,1.1e-05,-0.86,-0.022
COM3,GliderFET012,2025-06-19 12:53,12.9532,33.72,3.58,-0.437041,1.3e-05,-0.499298,2.2e-05,42.99,0.057
COM4,GliderFET004,2025-06-19 12:53,12.9532,33.72,3.54,-0.833379,2.5e-05,-0.8748,1e-05,2.6,-0.026
COM3,GliderFET012,2025-06-19 12:54,12.9737,33.7205,3.58,-0.436998,1.2e-05,-0.499284,1.3e-05,43.36,0.063
COM4,GliderFET004,2025-06-19 12:54,12.9737,33.7205,3.54,-0.833391,2.4e-05,-0.874824,1.2e-05,-0.67,-0.027
COM3,GliderFET012,2025-06-19 12:55,12.9778,33.7201,3.58,-0.436953,1.4e-05,-0.49926,1e-05,43.78,0.044
COM4,GliderFET004,2025-06-19 12:55,12.9778,33.7201,3.54,-0.833329,2e-05,-0.874776,9e-06,0.83,-0.029
COM3,GliderFET012,2025-06-19 12:56,12.9405,33.7203,3.58,-0.436917,1.2e-05,-0.499257,3.1e-05,42.97,0.049
COM4,GliderFET004,2025-06-19 12:56,12.9405,33.7203,3.54,-0.833321,2.6e-05,-0.874769,1.3e-05,-2.44,-0.024
COM3,GliderFET012,2025-06-19 12:57,12.8968,33.7243,3.58,-0.43692,1.1e-05,-0.499278,2.3e-05,44.42,0.089
COM4,GliderFET004,2025-06-19 12:57,12.8968,33.7243,3.54,-0.833341,2.8e-05,-0.874811,1.4e-05,-0.57,-0.036
COM3,GliderFET012,2025-06-19 12:58,12.8687,33.7258,3.58,-0.436921,1.4e-05,-0.499277,4.7e-05,41.68,0.048
COM4,GliderFET004,2025-06-19 12:58,12.8687,33.7258,3.54,-0.833317,2.5e-05,-0.874784,7e-06,1.24,-0.033
COM3,GliderFET012,2025-06-19 12:59,12.8523,33.7262,3.58,-0.436926,2.3e-05,-0.49931,1.5e-05,43.54,0.066
COM4,GliderFET004,2025-06-19 12:59,12.8523,33.7262,3.54,-0.833349,1.6e-05,-0.87482,1.3e-05,-0.29,-0.024
COM3,GliderFET012,2025-06-19 13:00,12.8519,33.7267,3.58,-0.436923,2.1e-05,-0.499294,1.7e-05,44.22,0.066
COM4,GliderFET004,2025-06-19 13:00,12.8519,33.7267,3.54,-0.833308,2.5e-05,-0.874804,9e-06,0.62,-0.026
COM3,GliderFET012,2025-06-19 13:01,12.8499,33.7272,3.58,-0.436908,1.3e-05,-0.499302,2.8e-05,44.81,0.074
COM4,GliderFET004,2025-06-19 13:01,12.8499,33.7272,3.54,-0.833278,2.3e-05,-0.874768,1.1e-05,1.89,-0.027
COM3,GliderFET012,2025-06-19 13:02,12.8358,33.7273,3.58,-0.436953,1.6e-05,-0.499344,1.7e-05,43.72,0.089
COM4,GliderFET004,2025-06-19 13:02,12.8358,33.7273,3.54,-0.833221,2.8e-05,-0.874721,8e-06,-3.99,-0.031
COM3,GliderFET012,2025-06-19 13:03,12.7921,33.7301,3.58,-0.436999,2.7e-05,-0.499391,1.8e-05,43.31,0.092
COM4,GliderFET004,2025-06-19 13:03,12.7921,33.7301,3.54,-0.833226,3.3e-05,-0.874719,7e-06,0.15,-0.023
COM3,GliderFET012,2025-06-19 13:04,12.784,33.7308,3.58,-0.43702,1.8e-05,-0.499422,9e-06,43.96,0.057
COM4,GliderFET004,2025-06-19 13:04,12.784,33.7308,3.54,-0.833224,3.4e-05,-0.874728,1.3e-05,0.5,-0.023
COM3,GliderFET012,2025-06-19 13:05,12.7892,33.7305,3.58,-0.437066,1.4e-05,-0.499473,1.6e-05,43.1,0.04
COM4,GliderFET004,2025-06-19 13:05,12.7892,33.7305,3.54,-0.833276,2.2e-05,-0.874762,5e-06,0.96,-0.025
COM3,GliderFET012,2025-06-19 13:06,12.7838,33.7307,3.58,-0.437124,2.4e-05,-0.499519,3e-05,43.9,0.016
COM4,GliderFET004,2025-06-19 13:06,12.7838,33.7307,3.54,-0.833262,2.4e-05,-0.874746,1.2e-05,1.82,-0.029
COM3,GliderFET012,2025-06-19 13:07,12.7668,33.7318,3.58,-0.437141,2.1e-05,-0.499522,2.4e-05,44.06,0.094
COM4,GliderFET004,2025-06-19 13:07,12.7668,33.7318,3.54,-0.833308,1.7e-05,-0.874755,7e-06,-1.4,-0.025
COM3,GliderFET012,2025-06-19 13:08,12.7609,33.732,3.58,-0.437229,1.6e-05,-0.499607,1.4e-05,44.09,0.055
COM4,GliderFET004,2025-06-19 13:08,12.7609,33.732,3.54,-0.83327,3.1e-05,-0.874734,5e-06,-1.95,-0.035
COM3,GliderFET012,2025-06-19 13:09,12.7708,33.7316,3.58,-0.437275,2.5e-05,-0.499661,7e-06,44.03,0.091
COM4,GliderFET004,2025-06-19 13:09,12.7708,33.7316,3.54,-0.833251,1.9e-05,-0.874689,8e-06,0.11,-0.017
COM3,GliderFET012,2025-06-19 13:10,12.7962,33.721,3.58,-0.437286,1.7e-05,-0.499672,1.7e-05,43.1,0.06
COM4,GliderFET004,2025-06-19 13:10,12.7962,33.721,3.54,-0.833295,3.1e-05,-0.87475,8e-06,2.7,-0.018
COM3,GliderFET012,2025-06-19 13:11,12.8442,33.7227,3.58,-0.437331,1.2e-05,-0.499728,1.9e-05,43.29,0.077
COM4,GliderFET004,2025-06-19 13:11,12.8442,33.7227,3.54,-0.833308,1.5e-05,-0.874771,1e-05,-0.03,-0.022
COM3,GliderFET012,2025-06-19 13:12,12.8238,33.7283,3.58,-0.437365,1.2e-05,-0.499738,8e-06,42.79,0.082
COM4,GliderFET004,2025-06-19 13:12,12.8238,33.7283,3.54,-0.833307,1.1e-05,-0.874749,9e-06,0.41,-0.02
COM3,GliderFET012,2025-06-19 13:13,12.6946,33.7345,3.58,-0.437394,2.6e-05,-0.499739,1.4e-05,42.37,0.055
COM4,GliderFET004,2025-06-19 13:13,12.6946,33.7345,3.54,-0.833334,2.7e-05,-0.874755,1.3e-05,-0.91,-0.026
COM3,GliderFET012,2025-06-19 13:14,12.7027,33.7357,3.58,-0.437455,1.7e-05,-0.499837,3.2e-05,43.72,0.021
COM4,GliderFET004,2025-06-19 13:14,12.7027,33.7357,3.54,-0.83334,4.4e-05,-0.874749,1.2e-05,2.62,-0.027
COM3,GliderFET012,2025-06-19 13:15,12.6802,33.7364,3.58,-0.437505,1.2e-05,-0.499851,1.7e-05,43.46,0.075
COM4,GliderFET004,2025-06-19 13:15,12.6802,33.7364,3.54,-0.833363,2.9e-05,-0.874752,4e-06,2.38,-0.022
COM3,GliderFET012,2025-06-19 13:16,12.6843,33.7358,3.58,-0.437579,1.3e-05,-0.49992,1.3e-05,44.86,0.078
COM4,GliderFET004,2025-06-19 13:16,12.6843,33.7358,3.54,-0.833384,2.4e-05,-0.874774,1.3e-05,1.73,-0.028
COM3,GliderFET012,2025-06-19 13:17,12.7064,33.7351,3.58,-0.437619,1.7e-05,-0.499906,3.5e-05,44.47,0.101
COM4,GliderFET004,2025-06-19 13:17,12.7064,33.7351,3.54,-0.833412,2.2e-05,-0.874802,1e-05,1.71,-0.023
COM3,GliderFET012,2025-06-19 13:18,12.6931,33.736,3.58,-0.437667,2.5e-05,-0.499968,2.3e-05,44.63,0.068
COM4,GliderFET004,2025-06-19 13:18,12.6931,33.736,3.54,-0.833404,2.4e-05,-0.87477,1.5e-05,0.26,-0.024
COM3,GliderFET012,2025-06-19 13:19,12.6769,33.7374,3.58,-0.437711,2.5e-05,-0.500033,2.5e-05,46.71,0.086
COM4,GliderFET004,2025-06-19 13:19,12.6769,33.7374,3.54,-0.833487,1.9e-05,-0.874817,8e-06,0.55,-0.027
COM3,GliderFET012,2025-06-19 13:20,12.6836,33.7374,3.58,-0.437749,2.2e-05,-0.500036,4.9e-05,41.86,0.05
COM4,GliderFET004,2025-06-19 13:20,12.6836,33.7374,3.54,-0.833487,2.6e-05,-0.874823,7e-06,3.26,-0.026
COM3,GliderFET012,2025-06-19 13:21,12.6679,33.7384,3.58,-0.437806,1.2e-05,-0.500071,1.3e-05,45.13,0.096
COM4,GliderFET004,2025-06-19 13:21,12.6679,33.7384,3.54,-0.833547,2.4e-05,-0.874857,9e-06,4.23,-0.032
COM3,GliderFET012,2025-06-19 13:22,12.66,33.7389,3.58,-0.437817,1.9e-05,-0.500077,2.4e-05,43.33,0.041
COM4,GliderFET004,2025-06-19 13:22,12.66,33.7389,3.54,-0.833586,2.3e-05,-0.874889,6e-06,-2.91,-0.024
COM3,GliderFET012,2025-06-19 13:23,12.6642,33.7394,3.58,-0.43786,2.2e-05,-0.500105,2.6e-05,44.24,0.083
COM4,GliderFET004,2025-06-19 13:23,12.6642,33.7394,3.54,-0.833602,1.7e-05,-0.874877,2e-05,5.6,-0.023
COM3,GliderFET012,2025-06-19 13:24,12.641,33.7402,3.58,-0.437933,1.5e-05,-0.500149,2e-05,44.08,0.048
COM4,GliderFET004,2025-06-19 13:24,12.641,33.7402,3.54,-0.833631,3e-05,-0.87489,2.2e-05,1.46,-0.025
COM3,GliderFET012,2025-06-19 13:25,12.6501,33.74,3.58,-0.437949,1.6e-05,-0.500141,2.6e-05,43.91,0.047
COM4,GliderFET004,2025-06-19 13:25,12.6501,33.74,3.54,-0.833671,2.5e-05,-0.874934,1.4e-05,-1.25,-0.027
COM3,GliderFET012,2025-06-19 13:26,12.6443,33.7404,3.58,-0.438007,1.5e-05,-0.500224,1.9e-05,44.09,0.078
COM4,GliderFET004,2025-06-19 13:26,12.6443,33.7404,3.54,-0.833729,2e-05,-0.874951,9e-06,1.06,-0.023
COM3,GliderFET012,2025-06-19 13:28,12.6407,33.741,3.58,-0.438088,1.6e-05,-0.500248,4.6e-05,45.33,0.067
COM4,GliderFET004,2025-06-19 13:28,12.6407,33.741,3.54,-0.833802,1.7e-05,-0.874994,1.4e-05,3.65,-0.031
COM3,GliderFET012,2025-06-19 13:29,12.6364,33.7417,3.58,-0.438102,2.5e-05,-0.500283,3e-05,42.2,0.083
COM4,GliderFET004,2025-06-19 13:29,12.6364,33.7417,3.54,-0.833833,1.1e-05,-0.875021,1.4e-05,0.7,-0.031
COM3,GliderFET012,2025-06-19 13:30,12.6129,33.7429,3.58,-0.438126,1.5e-05,-0.500296,1.9e-05,42.71,0.025
COM4,GliderFET004,2025-06-19 13:30,12.6129,33.7429,3.54,-0.833856,1.8e-05,-0.875056,1.1e-05,-0.03,-0.036
COM3,GliderFET012,2025-06-19 13:31,12.5915,33.7443,3.58,-0.438204,1.3e-05,-0.500353,1.9e-05,41.59,0.106
COM4,GliderFET004,2025-06-19 13:31,12.5915,33.7443,3.54,-0.833889,3.1e-05,-0.875046,8e-06,-3.78,-0.033
COM3,GliderFET012,2025-06-19 13:32,12.5888,33.7443,3.58,-0.438227,2.7e-05,-0.500362,3.7e-05,44.87,0.03
COM4,GliderFET004,2025-06-19 13:32,12.5888,33.7443,3.54,-0.833911,2.2e-05,-0.875066,1.1e-05,2.18,-0.017
COM3,GliderFET012,2025-06-19 13:33,12.6031,33.7443,3.58,-0.43826,2.3e-05,-0.500386,2.3e-05,45.51,0.035
COM4,GliderFET004,2025-06-19 13:33,12.6031,33.7443,3.54,-0.833946,1e-05,-0.875092,8e-06,-0.99,-0.015
COM3,GliderFET012,2025-06-19 13:34,12.6257,33.7428,3.58,-0.438338,1.5e-05,-0.500468,1.6e-05,43.26,0.06
COM4,GliderFET004,2025-06-19 13:34,12.6257,33.7428,3.54,-0.833953,3e-05,-0.875091,1.5e-05,-0.63,-0.025
COM3,GliderFET012,2025-06-19 13:35,12.6001,33.7449,3.58,-0.438364,1.3e-05,-0.500474,1.4e-05,44.91,0.059
COM4,GliderFET004,2025-06-19 13:35,12.6001,33.7449,3.54,-0.834021,1.5e-05,-0.875132,1.3e-05,1.71,-0.019
COM3,GliderFET012,2025-06-19 13:36,12.5798,33.7462,3.58,-0.4384,1.5e-05,-0.5005,2.7e-05,45.35,0.03
COM4,GliderFET004,2025-06-19 13:36,12.5798,33.7462,3.54,-0.834019,1.4e-05,-0.875118,5e-06,0.83,-0.022
COM3,GliderFET012,2025-06-19 13:37,12.5884,33.7459,3.58,-0.438428,1.7e-05,-0.500513,2.4e-05,42.45,0.07
COM4,GliderFET004,2025-06-19 13:37,12.5884,33.7459,3.54,-0.834042,2e-05,-0.875143,1.1e-05,1.04,-0.024
COM3,GliderFET012,2025-06-19 13:38,12.5969,33.7454,3.58,-0.438442,2.6e-05,-0.500511,2.4e-05,43.93,0.047
COM4,GliderFET004,2025-06-19 13:38,12.5969,33.7454,3.54,-0.834089,1.9e-05,-0.875179,8e-06,-0.23,-0.032
COM3,GliderFET012,2025-06-19 13:39,12.5721,33.7471,3.58,-0.438449,1.3e-05,-0.500555,2.2e-05,44.24,0.051
COM4,GliderFET004,2025-06-19 13:39,12.5721,33.7471,3.54,-0.834098,2.3e-05,-0.875186,5e-06,0.02,-0.033
COM3,GliderFET012,2025-06-19 13:40,12.5734,33.7473,3.58,-0.438509,1.5e-05,-0.500573,6e-05,42.14,0.051
COM4,GliderFET004,2025-06-19 13:40,12.5734,33.7473,3.54,-0.834141,2.1e-05,-0.875221,2e-05,3.73,-0.019
COM3,GliderFET012,2025-06-19 13:41,12.5385,33.7493,3.58,-0.438532,2.7e-05,-0.500622,8e-06,44.17,0.092
COM4,GliderFET004,2025-06-19 13:41,12.5385,33.7493,3.54,-0.834138,2.6e-05,-0.875222,1.1e-05,-1.9,-0.019
COM3,GliderFET012,2025-06-19 13:42,12.5513,33.7487,3.58,-0.43861,2.5e-05,-0.500646,2.7e-05,43.73,0.038
COM4,GliderFET004,2025-06-19 13:42,12.5513,33.7487,3.54,-0.834208,2.4e-05,-0.875277,1.3e-05,-2.33,-0.021
COM3,GliderFET012,2025-06-19 13:43,12.5511,33.7491,3.58,-0.438632,2.5e-05,-0.50066,5.8e-05,43.07,0.05
COM4,GliderFET004,2025-06-19 13:43,12.5511,33.7491,3.54,-0.834227,2.2e-05,-0.875282,1.2e-05,-0.75,-0.021
COM3,GliderFET012,2025-06-19 13:44,12.5643,33.7478,3.58,-0.438669,1.5e-05,-0.500678,1.6e-05,42.99,0.033
COM4,GliderFET004,2025-06-19 13:44,12.5643,33.7478,3.54,-0.834273,3e-05,-0.875304,1.4e-05,-0.59,-0.023
COM3,GliderFET012,2025-06-19 13:45,12.5589,33.7486,3.58,-0.438702,1.8e-05,-0.500744,2.1e-05,44.6,0.017
COM4,GliderFET004,2025-06-19 13:45,12.5589,33.7486,3.54,-0.834315,2.2e-05,-0.875315,1e-05,0.86,-0.028
COM3,GliderFET012,2025-06-19 13:46,12.5516,33.7491,3.58,-0.438705,2.4e-05,-0.50078,2.3e-05,42.37,0.11
COM4,GliderFET004,2025-06-19 13:46,12.5516,33.7491,3.54,-0.834286,2.1e-05,-0.875316,4e-06,0.57,-0.025
COM3,GliderFET012,2025-06-19 13:47,12.5336,33.7505,3.58,-0.438757,2.6e-05,-0.500798,2.3e-05,42.46,0.068
COM4,GliderFET004,2025-06-19 13:47,12.5336,33.7505,3.54,-0.834295,2.6e-05,-0.875301,1.5e-05,-4.36,-0.021
COM3,GliderFET012,2025-06-19 13:48,12.5251,33.7512,3.58,-0.438821,9e-06,-0.500856,3.6e-05,41.55,0.13
COM4,GliderFET004,2025-06-19 13:48,12.5251,33.7512,3.54,-0.834348,1.7e-05,-0.87534,6e-06,1.22,-0.028
COM3,GliderFET012,2025-06-19 13:49,12.5079,33.752,3.58,-0.438838,2e-05,-0.500853,1.6e-05,44.22,0.056
COM4,GliderFET004,2025-06-19 13:49,12.5079,33.752,3.54,-0.83436,2.8e-05,-0.875348,9e-06,-2.15,-0.03
COM3,GliderFET012,2025-06-19 13:50,12.5007,33.7524,3.58,-0.438857,2.7e-05,-0.500847,2.8e-05,45.23,0.065
COM4,GliderFET004,2025-06-19 13:50,12.5007,33.7524,3.54,-0.83438,2.2e-05,-0.875347,5e-06,1.89,-0.027
COM3,GliderFET012,2025-06-19 13:52,12.5134,33.7524,3.58,-0.438922,1.1e-05,-0.500874,1.6e-05,46.03,0.074
COM4,GliderFET004,2025-06-19 13:52,12.5134,33.7524,3.54,-0.83453,2e-05,-0.875491,1e-05,1.89,-0.024
COM3,GliderFET012,2025-06-19 13:53,12.4936,33.7536,3.58,-0.438959,1.4e-05,-0.500939,1.8e-05,44.5,0.061
COM4,GliderFET004,2025-06-19 13:53,12.4936,33.7536,3.54,-0.83456,2.7e-05,-0.875488,1.3e-05,3.61,-0.017
COM3,GliderFET012,2025-06-19 13:54,12.4997,33.7535,3.58,-0.439037,1.5e-05,-0.500993,2.3e-05,43.52,0.078
COM4,GliderFET004,2025-06-19 13:54,12.4997,33.7535,3.54,-0.834643,1.6e-05,-0.875574,1.2e-05,-0.13,-0.028
COM3,GliderFET012,2025-06-19 13:55,12.5091,33.7528,3.58,-0.439051,1.7e-05,-0.50101,2.2e-05,45.26,0.095
COM4,GliderFET004,2025-06-19 13:55,12.5091,33.7528,3.54,-0.834686,2e-05,-0.875602,1.3e-05,0.7,-0.033
COM3,GliderFET012,2025-06-19 13:56,12.5074,33.7529,3.58,-0.439053,2.2e-05,-0.500988,4e-05,44.47,0.092
COM4,GliderFET004,2025-06-19 13:56,12.5074,33.7529,3.54,-0.834682,1.8e-05,-0.875584,9e-06,0.59,-0.026
COM3,GliderFET012,2025-06-19 13:57,12.4735,33.7551,3.58,-0.439138,2.1e-05,-0.501064,1.6e-05,43.73,0.071
COM4,GliderFET004,2025-06-19 13:57,12.4735,33.7551,3.54,-0.834741,2.6e-05,-0.875652,1.2e-05,-0.16,-0.026
COM3,GliderFET012,2025-06-19 13:58,12.4587,33.7561,3.58,-0.439149,2.5e-05,-0.501071,1.2e-05,43.83,0.071
COM4,GliderFET004,2025-06-19 13:58,12.4587,33.7561,3.54,-0.834762,2.5e-05,-0.875675,5e-06,-1.29,-0.027
COM3,GliderFET012,2025-06-19 13:59,12.455,33.7563,3.58,-0.439173,1.9e-05,-0.501104,2.1e-05,43.85,0.088
COM4,GliderFET004,2025-06-19 13:59,12.455,33.7563,3.54,-0.834823,2.4e-05,-0.87572,6e-06,-1.33,-0.027
COM3,GliderFET012,2025-06-19 14:00,12.4524,33.7568,3.58,-0.4392,1.2e-05,-0.501111,1e-05,44.4,0.071
COM4,GliderFET004,2025-06-19 14:00,12.4524,33.7568,3.54,-0.834858,2.2e-05,-0.875737,6e-06,1.3,-0.028
COM3,GliderFET012,2025-06-19 14:01,12.4687,33.7555,3.58,-0.439271,1.4e-05,-0.501163,7e-06,43.96,0.056
COM4,GliderFET004,2025-06-19 14:01,12.4687,33.7555,3.54,-0.834864,2.6e-05,-0.875738,3e-06,-3.14,-0.034
COM3,GliderFET012,2025-06-19 14:02,12.4675,33.7564,3.58,-0.439299,2.3e-05,-0.50118,1.4e-05,43.49,0.087
COM4,GliderFET004,2025-06-19 14:02,12.4675,33.7564,3.54,-0.834882,1.3e-05,-0.875735,1.2e-05,-0.15,-0.028
COM3,GliderFET012,2025-06-19 14:03,12.4502,33.7574,3.58,-0.439324,9e-06,-0.501208,1.8e-05,44.17,0.08
COM4,GliderFET004,2025-06-19 14:03,12.4502,33.7574,3.54,-0.834863,2.8e-05,-0.875734,6e-06,0.03,-0.028
COM3,GliderFET012,2025-06-19 14:04,12.4417,33.7582,3.58,-0.439343,1.8e-05,-0.501207,1.5e-05,44.17,0.096
COM4,GliderFET004,2025-06-19 14:04,12.4417,33.7582,3.54,-0.834918,2.9e-05,-0.875786,1.1e-05,4.44,-0.026
COM3,GliderFET012,2025-06-19 14:05,12.4337,33.7588,3.58,-0.439332,1e-05,-0.501203,1.4e-05,43.88,0.069
COM4,GliderFET004,2025-06-19 14:05,12.4337,33.7588,3.54,-0.834918,3.1e-05,-0.875777,1.4e-05,-0.93,-0.02
COM3,GliderFET012,2025-06-19 14:06,12.4406,33.7587,3.58,-0.43941,1.2e-05,-0.501252,1.7e-05,45.05,0.067
COM4,GliderFET004,2025-06-19 14:06,12.4406,33.7587,3.54,-0.834933,3.3e-05,-0.875751,1.3e-05,0.81,-0.027
COM3,GliderFET012,2025-06-19 14:07,12.4401,33.7591,3.58,-0.439467,1.7e-05,-0.501318,1.7e-05,44.74,0.075
COM4,GliderFET004,2025-06-19 14:07,12.4401,33.7591,3.54,-0.834972,2.8e-05,-0.875783,7e-06,-5.09,-0.019
COM3,GliderFET012,2025-06-19 14:08,12.4338,33.7593,3.58,-0.439502,1.6e-05,-0.501332,1.3e-05,45.12,0.077
COM4,GliderFET004,2025-06-19 14:08,12.4338,33.7593,3.54,-0.834984,1.1e-05,-0.875759,1.1e-05,0.54,-0.021
COM3,GliderFET012,2025-06-19 14:09,12.428,33.7597,3.58,-0.439516,1.5e-05,-0.50134,8e-06,43.91,0.095
COM4,GliderFET004,2025-06-19 14:09,12.428,33.7597,3.54,-0.83503,2.8e-05,-0.875804,6e-06,0.67,-0.029
COM3,GliderFET012,2025-06-19 14:10,12.4262,33.7603,3.58,-0.439563,1.6e-05,-0.501371,1.3e-05,44.38,0.028
COM4,GliderFET004,2025-06-19 14:10,12.4262,33.7603,3.54,-0.835021,2.9e-05,-0.875795,1.2e-05,-0.05,-0.024
COM3,GliderFET012,2025-06-19 14:11,12.4222,33.7608,3.58,-0.439578,1.4e-05,-0.501409,6e-06,43.88,0.083
COM4,GliderFET004,2025-06-19 14:11,12.4222,33.7608,3.54,-0.835067,2.9e-05,-0.875802,1.2e-05,-2.39,-0.03
COM3,GliderFET012,2025-06-19 14:12,12.4122,33.7614,3.58,-0.439615,2e-05,-0.501419,1.2e-05,44.56,0.093
COM4,GliderFET004,2025-06-19 14:12,12.4122,33.7614,3.54,-0.835071,2.9e-05,-0.87582,6e-06,-0.49,-0.031
COM3,GliderFET012,2025-06-19 14:13,12.4006,33.7624,3.58,-0.439671,1.9e-05,-0.501477,8e-06,44.01,0.07
COM4,GliderFET004,2025-06-19 14:13,12.4006,33.7624,3.54,-0.835104,3.1e-05,-0.875841,1.5e-05,3.11,-0.022
COM3,GliderFET012,2025-06-19 14:15,12.4196,33.7613,3.58,-0.439737,2e-05,-0.501531,1.2e-05,43.59,0.052
COM4,GliderFET004,2025-06-19 14:15,12.4196,33.7613,3.54,-0.835172,1.9e-05,-0.875906,1.4e-05,-2.2,-0.029
COM3,GliderFET012,2025-06-19 14:16,12.4144,33.762,3.58,-0.439796,1.5e-05,-0.501579,1e-05,45.17,0.057
COM4,GliderFET004,2025-06-19 14:16,12.4144,33.762,3.54,-0.835234,3.5e-05,-0.875959,6e-06,-3.01,-0.025
COM3,GliderFET012,2025-06-19 14:18,12.3956,33.7637,3.58,-0.439835,2.2e-05,-0.501603,1.1e-05,43.57,0.06
COM4,GliderFET004,2025-06-19 14:18,12.3956,33.7637,3.54,-0.835326,2.3e-05,-0.876025,1.1e-05,2.98,-0.018
COM3,GliderFET012,2025-06-19 14:19,12.404,33.7633,3.58,-0.439876,1.3e-05,-0.501635,1.7e-05,44.76,0.082
COM4,GliderFET004,2025-06-19 14:19,12.404,33.7633,3.54,-0.835332,2.6e-05,-0.87604,1.4e-05,2.15,-0.028
COM3,GliderFET012,2025-06-19 14:20,12.4085,33.7632,3.58,-0.439897,1.7e-05,-0.501654,1e-05,44.65,0.09
COM4,GliderFET004,2025-06-19 14:20,12.4085,33.7632,3.54,-0.835383,2.2e-05,-0.876084,8e-06,-1.2,-0.033
COM3,GliderFET012,2025-06-19 14:21,12.4116,33.763,3.58,-0.439915,1.6e-05,-0.501677,7e-06,44.08,0.073
COM4,GliderFET004,2025-06-19 14:21,12.4116,33.763,3.54,-0.835473,2.7e-05,-0.876155,9e-06,-2.95,-0.018
COM3,GliderFET012,2025-06-19 14:22,12.4444,33.7611,3.58,-0.439904,2.1e-05,-0.501655,1.4e-05,43.0,0.052
COM4,GliderFET004,2025-06-19 14:22,12.4444,33.7611,3.54,-0.835574,2.2e-05,-0.876252,1.2e-05,0.94,-0.027
COM3,GliderFET012,2025-06-19 14:23,12.462,33.76,3.58,-0.439909,1.6e-05,-0.501653,4e-06,44.68,0.063
COM4,GliderFET004,2025-06-19 14:23,12.462,33.76,3.54,-0.835622,2.6e-05,-0.876299,1.4e-05,-0.76,-0.025
COM3,GliderFET012,2025-06-19 14:24,12.4725,33.7597,3.58,-0.439957,1.6e-05,-0.501687,1e-05,44.35,0.068
COM4,GliderFET004,2025-06-19 14:24,12.4725,33.7597,3.54,-0.83558,3e-05,-0.876257,1.1e-05,0.88,-0.029
COM3,GliderFET012,2025-06-19 14:25,12.4658,33.7599,3.58,-0.439959,1.8e-05,-0.501697,1.9e-05,44.73,0.091
COM4,GliderFET004,2025-06-19 14:25,12.4658,33.7599,3.54,-0.835603,3.1e-05,-0.876288,3e-06,-0.26,-0.028
COM3,GliderFET012,2025-06-19 14:26,12.4538,33.7605,3.58,-0.439958,1.6e-05,-0.501699,1.7e-05,44.95,0.072
COM4,GliderFET004,2025-06-19 14:26,12.4538,33.7605,3.54,-0.835692,1.9e-05,-0.876346,9e-06,0.28,-0.025
COM3,GliderFET012,2025-06-19 14:27,12.4477,33.7608,3.58,-0.439995,2e-05,-0.501734,7e-06,44.19,0.047
COM4,GliderFET004,2025-06-19 14:27,12.4477,33.7608,3.54,-0.835698,3.3e-05,-0.876367,8e-06,1.56,-0.031
COM3,GliderFET012,2025-06-19 14:28,12.4433,33.7613,3.58,-0.439997,1e-05,-0.501717,1.8e-05,44.11,0.055
COM4,GliderFET004,2025-06-19 14:28,12.4433,33.7613,3.54,-0.835677,1.5e-05,-0.876354,1e-05,0.26,-0.023
COM3,GliderFET012,2025-06-19 14:29,12.4481,33.761,3.58,-0.439989,1.5e-05,-0.501727,6e-06,43.41,0.073
COM4,GliderFET004,2025-06-19 14:29,12.4481,33.761,3.54,-0.835702,3e-05,-0.876361,1.7e-05,5.08,-0.03
COM3,GliderFET012,2025-06-19 14:30,12.4479,33.7612,3.58,-0.439959,1.4e-05,-0.501691,9e-06,43.86,0.069
COM4,GliderFET004,2025-06-19 14:30,12.4479,33.7612,3.54,-0.835761,2e-05,-0.87644,5e-06,3.79,-0.022
COM3,GliderFET012,2025-06-19 14:31,12.4541,33.7606,3.58,-0.439988,2.1e-05,-0.50174,1.6e-05,44.14,0.08
COM4,GliderFET004,2025-06-19 14:31,12.4541,33.7606,3.54,-0.835735,2.6e-05,-0.876399,1.1e-05,-0.36,-0.023
COM3,GliderFET012,2025-06-19 14:32,12.4696,33.7605,3.58,-0.44,1.8e-05,-0.501755,1.3e-05,44.51,0.067
COM4,GliderFET004,2025-06-19 14:32,12.4696,33.7605,3.54,-0.835724,1.9e-05,-0.87641,6e-06,2.69,-0.024
COM3,GliderFET012,2025-06-19 14:33,12.4793,33.7604,3.58,-0.439984,1.1e-05,-0.501755,8e-06,44.73,0.071
COM4,GliderFET004,2025-06-19 14:33,12.4793,33.7604,3.54,-0.835748,2.9e-05,-0.876403,2.5e-05,-1.66,-0.025
COM3,GliderFET012,2025-06-19 14:34,12.4768,33.761,3.58,-0.439991,1.4e-05,-0.501723,2.6e-05,44.21,0.051
COM4,GliderFET004,2025-06-19 14:34,12.4768,33.761,3.54,-0.83573,2.5e-05,-0.87638,6e-06,-1.2,-0.026
COM3,GliderFET012,2025-06-19 14:35,12.4715,33.7609,3.58,-0.439985,1.8e-05,-0.501738,7e-06,44.5,0.09
COM4,GliderFET004,2025-06-19 14:35,12.4715,33.7609,3.54,-0.835826,2.8e-05,-0.87646,1.2e-05,0.2,-0.022
COM3,GliderFET012,2025-06-19 14:36,12.4687,33.7608,3.58,-0.43993,1.6e-05,-0.501703,1.6e-05,44.45,0.066
COM4,GliderFET004,2025-06-19 14:36,12.4687,33.7608,3.54,-0.835788,2.1e-05,-0.876449,1.3e-05,2.85,-0.015
COM3,GliderFET012,2025-06-19 14:37,12.4692,33.7607,3.58,-0.439931,1.6e-05,-0.501691,2.5e-05,45.05,0.069
COM4,GliderFET004,2025-06-19 14:37,12.4692,33.7607,3.54,-0.835796,2.7e-05,-0.876447,1.7e-05,-2.72,-0.019
COM3,GliderFET012,2025-06-19 14:38,12.4739,33.7608,3.58,-0.439924,1.9e-05,-0.50171,2.7e-05,42.95,0.11
COM4,GliderFET004,2025-06-19 14:38,12.4739,33.7608,3.54,-0.835776,3e-05,-0.876442,1e-05,2.6,-0.027
COM3,GliderFET012,2025-06-19 14:39,12.4775,33.7609,3.58,-0.439937,1.9e-05,-0.501714,6e-06,44.17,0.083
COM4,GliderFET004,2025-06-19 14:39,12.4775,33.7609,3.54,-0.835854,1.8e-05,-0.876524,1.4e-05,-0.63,-0.026
COM3,GliderFET012,2025-06-19 14:40,12.4807,33.7609,3.58,-0.439951,1.5e-05,-0.501742,6e-06,43.78,0.072
COM4,GliderFET004,2025-06-19 14:40,12.4807,33.7609,3.54,-0.835753,3.4e-05,-0.876452,1.9e-05,1.56,-0.034
COM3,GliderFET012,2025-06-19 14:41,12.4849,33.7604,3.58,-0.439958,2.2e-05,-0.50177,1.4e-05,45.77,0.082
COM4,GliderFET004,2025-06-19 14:41,12.4849,33.7604,3.54,-0.835783,1.6e-05,-0.876488,1.3e-05,-2.69,-0.03
COM3,GliderFET012,2025-06-19 14:42,12.4852,33.7602,3.58,-0.439943,1.7e-05,-0.50175,1.9e-05,44.16,0.106
COM4,GliderFET004,2025-06-19 14:42,12.4852,33.7602,3.54,-0.835757,2.1e-05,-0.87642,2e-05,6.62,-0.03
COM3,GliderFET012,2025-06-19 14:43,12.4857,33.7605,3.58,-0.439945,2.5e-05,-0.501747,8e-06,44.16,0.061
COM4,GliderFET004,2025-06-19 14:43,12.4857,33.7605,3.54,-0.835779,3.1e-05,-0.87648,1.9e-05,-0.1,-0.025
COM3,GliderFET012,2025-06-19 14:44,12.4889,33.7605,3.58,-0.439942,1.5e-05,-0.501766,2.1e-05,43.41,0.048
COM4,GliderFET004,2025-06-19 14:44,12.4889,33.7605,3.54,-0.835736,5.4e-05,-0.876417,1.4e-05,5.42,-0.024
COM3,GliderFET012,2025-06-19 14:45,12.4899,33.7599,3.58,-0.43995,1.7e-05,-0.501764,1.2e-05,43.51,0.06
COM4,GliderFET004,2025-06-19 14:45,12.4899,33.7599,3.54,-0.835746,2.7e-05,-0.876436,9e-06,1.76,-0.031
COM3,GliderFET012,2025-06-19 14:46,12.4893,33.7605,3.58,-0.439964,2e-05,-0.501788,1.1e-05,45.23,0.067
COM4,GliderFET004,2025-06-19 14:46,12.4893,33.7605,3.54,-0.8357,3.2e-05,-0.876399,1e-05,0.88,-0.027
COM3,GliderFET012,2025-06-19 14:47,12.4894,33.7602,3.58,-0.439941,1.3e-05,-0.501793,1.1e-05,44.79,0.067
COM4,GliderFET004,2025-06-19 14:47,12.4894,33.7602,3.54,-0.835752,3.2e-05,-0.876428,7e-06,5.92,-0.029
COM3,GliderFET012,2025-06-19 14:48,12.494,33.7602,3.58,-0.439957,1.7e-05,-0.501796,1.5e-05,42.92,0.088
COM4,GliderFET004,2025-06-19 14:48,12.494,33.7602,3.54,-0.835682,2.8e-05,-0.876397,1.4e-05,3.26,-0.029
COM3,GliderFET012,2025-06-19 14:49,12.5031,33.76,3.58,-0.439919,1.6e-05,-0.501789,2e-05,45.67,0.07
COM4,GliderFET004,2025-06-19 14:49,12.5031,33.76,3.54,-0.83573,1.9e-05,-0.876434,6e-06,1.82,-0.022
COM3,GliderFET012,2025-06-19 14:50,12.5168,33.7592,3.58,-0.439913,2.7e-05,-0.501763,1.6e-05,43.0,0.078
COM4,GliderFET004,2025-06-19 14:50,12.5168,33.7592,3.54,-0.835777,2.4e-05,-0.876472,1e-05,0.52,-0.019
COM3,GliderFET012,2025-06-19 14:51,12.5421,33.7587,3.58,-0.439906,1.5e-05,-0.501757,1.2e-05,45.21,0.064
COM4,GliderFET004,2025-06-19 14:51,12.5421,33.7587,3.54,-0.83573,2.7e-05,-0.876429,1.8e-05,1.22,-0.022
COM3,GliderFET012,2025-06-19 14:52,12.5741,33.7573,3.58,-0.439928,1.6e-05,-0.501795,6e-06,44.61,0.083
COM4,GliderFET004,2025-06-19 14:52,12.5741,33.7573,3.54,-0.835688,2.3e-05,-0.876376,1.4e-05,-2.52,-0.031
COM3,GliderFET012,2025-06-19 14:53,12.586,33.7571,3.58,-0.439891,1.3e-05,-0.501768,1.1e-05,43.49,0.082
COM4,GliderFET004,2025-06-19 14:53,12.586,33.7571,3.54,-0.835711,4.5e-05,-0.876427,1.6e-05,1.94,-0.028
COM3,GliderFET012,2025-06-19 14:55,12.5601,33.7588,3.58,-0.439878,2e-05,-0.501791,3.1e-05,45.67,0.039
COM4,GliderFET004,2025-06-19 14:55,12.5601,33.7588,3.54,-0.835627,2.4e-05,-0.876333,1.4e-05,-0.1,-0.023
COM3,GliderFET012,2025-06-19 14:56,12.6013,33.7566,3.58,-0.439867,1.5e-05,-0.501783,2.1e-05,44.01,0.075
COM4,GliderFET004,2025-06-19 14:56,12.6013,33.7566,3.54,-0.83562,2e-05,-0.876337,1.5e-05,-1.86,-0.024
COM3,GliderFET012,2025-06-19 14:57,12.5971,33.7577,3.58,-0.43984,1.6e-05,-0.50178,2.7e-05,44.22,0.092
COM4,GliderFET004,2025-06-19 14:57,12.5971,33.7577,3.54,-0.83563,1.5e-05,-0.876354,8e-06,0.85,-0.022
COM3,GliderFET012,2025-06-19 14:58,12.6173,33.7569,3.58,-0.439814,1.7e-05,-0.501762,9e-06,44.47,0.092
COM4,GliderFET004,2025-06-19 14:58,12.6173,33.7569,3.54,-0.835619,3.6e-05,-0.876345,1.3e-05,-0.21,-0.017
COM3,GliderFET012,2025-06-19 14:59,12.6563,33.7562,3.58,-0.439813,2.7e-05,-0.501792,3.3e-05,43.54,0.047
COM4,GliderFET004,2025-06-19 14:59,12.6563,33.7562,3.54,-0.835631,2.6e-05,-0.876365,6e-06,-0.62,-0.021
COM3,GliderFET012,2025-06-19 15:00,12.6435,33.7561,3.58,-0.439772,1.6e-05,-0.501726,1.7e-05,44.22,0.075
COM4,GliderFET004,2025-06-19 15:00,12.6435,33.7561,3.54,-0.835603,2.1e-05,-0.876348,6e-06,1.94,-0.032
COM3,GliderFET012,2025-06-19 15:01,12.6183,33.7572,3.58,-0.439731,1.9e-05,-0.501718,1.7e-05,43.83,0.098
COM4,GliderFET004,2025-06-19 15:01,12.6183,33.7572,3.54,-0.835671,3.8e-05,-0.876421,1.3e-05,3.27,-0.031
COM3,GliderFET012,2025-06-19 15:02,12.6433,33.7564,3.58,-0.439679,1.3e-05,-0.501693,1.4e-05,43.78,0.066
COM4,GliderFET004,2025-06-19 15:02,12.6433,33.7564,3.54,-0.83558,2.3e-05,-0.876344,1e-05,-1.38,-0.029
COM3,GliderFET012,2025-06-19 15:03,12.6919,33.7548,3.58,-0.439662,1.4e-05,-0.501701,2.3e-05,43.46,0.099
COM4,GliderFET004,2025-06-19 15:03,12.6919,33.7548,3.54,-0.83559,3.3e-05,-0.876356,1.5e-05,1.4,-0.029
COM3,GliderFET012,2025-06-19 15:04,12.6977,33.7549,3.58,-0.439621,1.7e-05,-0.501641,1.7e-05,44.53,0.102
COM4,GliderFET004,2025-06-19 15:04,12.6977,33.7549,3.54,-0.835593,1.9e-05,-0.876351,1.2e-05,0.28,-0.021
COM3,GliderFET012,2025-06-19 15:05,12.6794,33.7558,3.58,-0.439571,2e-05,-0.501657,2e-05,44.89,0.074
COM4,GliderFET004,2025-06-19 15:05,12.6794,33.7558,3.54,-0.835619,2.3e-05,-0.876404,1.4e-05,2.64,-0.027
COM3,GliderFET012,2025-06-19 15:06,12.6889,33.7557,3.58,-0.439549,1.9e-05,-0.501638,5e-06,44.08,0.079
COM4,GliderFET004,2025-06-19 15:06,12.6889,33.7557,3.54,-0.835623,1.8e-05,-0.876415,1.2e-05,-0.39,-0.03
COM3,GliderFET012,2025-06-19 15:07,12.7245,33.7548,3.58,-0.439506,1.7e-05,-0.501628,1.7e-05,44.89,0.067
COM4,GliderFET004,2025-06-19 15:07,12.7245,33.7548,3.54,-0.835648,3.2e-05,-0.876452,1.7e-05,5.79,-0.019
COM3,GliderFET012,2025-06-19 15:08,12.7307,33.7542,3.58,-0.439494,2.3e-05,-0.501633,1.4e-05,43.52,0.078
COM4,GliderFET004,2025-06-19 15:08,12.7307,33.7542,3.54,-0.8356,2.1e-05,-0.876422,6e-06,-0.36,-0.029
COM3,GliderFET012,2025-06-19 15:09,12.6809,33.7558,3.58,-0.439514,2.1e-05,-0.501612,4e-05,41.44,0.044
COM4,GliderFET004,2025-06-19 15:09,12.6809,33.7558,3.54,-0.835559,2.6e-05,-0.876409,9e-06,1.69,-0.025
COM3,GliderFET012,2025-06-19 15:10,12.726,33.7549,3.58,-0.439469,1.6e-05,-0.501591,4e-05,42.02,0.059
COM4,GliderFET004,2025-06-19 15:10,12.726,33.7549,3.54,-0.835549,2e-05,-0.876398,2e-06,1.35,-0.023
COM3,GliderFET012,2025-06-19 15:11,12.746,33.755,3.58,-0.439382,1.7e-05,-0.501566,2.7e-05,43.86,0.053
COM4,GliderFET004,2025-06-19 15:11,12.746,33.755,3.54,-0.835617,2.9e-05,-0.876482,1e-05,1.22,-0.033
COM3,GliderFET012,2025-06-19 15:13,12.7621,33.7543,3.58,-0.439345,2.1e-05,-0.501566,1.5e-05,45.04,0.084
COM4,GliderFET004,2025-06-19 15:13,12.7621,33.7543,3.54,-0.835556,2.3e-05,-0.876444,1e-05,-1.25,-0.031
COM3,GliderFET012,2025-06-19 15:14,12.7649,33.7545,3.58,-0.439314,1.8e-05,-0.501528,1.4e-05,44.29,0.117
COM4,GliderFET004,2025-06-19 15:14,12.7649,33.7545,3.54,-0.835573,2.8e-05,-0.876434,1.2e-05,1.37,-0.023
COM3,GliderFET012,2025-06-19 15:15,12.7639,33.7545,3.58,-0.439309,2.1e-05,-0.501562,1.6e-05,43.6,0.049
COM4,GliderFET004,2025-06-19 15:15,12.7639,33.7545,3.54,-0.835584,1.6e-05,-0.876462,3e-06,-0.5,-0.028
COM3,GliderFET012,2025-06-19 15:16,12.7655,33.7546,3.58,-0.438356,7e-06,-0.501694,1.3e-05,-0.7,-0.047
COM4,GliderFET004,2025-06-19 15:16,12.7655,33.7546,3.54,-0.835552,1.6e-05,-0.876481,1.1e-05,0.65,-0.025
COM3,GliderFET012,2025-06-19 15:17,12.7693,33.7545
COM4,GliderFET004,2025-06-19 15:17,12.7693,33.7545,3.54,-0.835464,5.2e-05,-0.876459,1.4e-05,-0.94,-0.019
COM3,GliderFET012,2025-06-19 15:18,12.7683,33.7542
COM4,GliderFET004,2025-06-19 15:18,12.7683,33.7542
COM3,GliderFET012,2025-06-19 15:19,12.7633,33.7543
COM4,GliderFET004,2025-06-19 15:19,12.7633,33.7543
COM3,GliderFET012,2025-06-19 15:20,12.7555,33.7543
COM4,GliderFET004,2025-06-19 15:20,12.7555,33.7543
COM3,GliderFET012,2025-06-19 15:21,12.7482,33.7536
COM4,GliderFET004,2025-06-19 15:21,12.7482,33.7536
COM3,GliderFET012,2025-06-19 15:22,12.7625,33.753
COM4,GliderFET004,2025-06-19 15:22,12.7625,33.753
